brand,model,model_year,milage,fuel_type,engine,transmission,ext_col,int_col,accident,clean_title,price,vehicle_age,price_per_mile,is_luxury,high_mileage,age_group
Ford,Utility Police Interceptor Base,2013,51000,E85 Flex Fuel,300.0,6-Speed A/T,Black,Black,At least 1 accident or damage reported,Yes,10300,13,0.20195682437599263,0,0,Old
Hyundai,Palisade SEL,2021,34742,Gasoline,3.8,8-Speed Automatic,Moonlight Cloud,Gray,At least 1 accident or damage reported,Yes,38005,5,1.0938894165731226,0,0,New
Lexus,RX 350 RX 350,2022,22372,Gasoline,3.5,Automatic,Blue,Black,None reported,Yes,54598,4,2.4403522102534305,1,0,New
INFINITI,Q50 Hybrid Sport,2015,88900,Hybrid,354.0,7-Speed A/T,Black,Black,None reported,Yes,15500,11,0.1743512446429174,0,0,Old
Audi,Q3 45 S line Premium Plus,2021,9835,Gasoline,2.0,8-Speed Automatic,Glacier White Metallic,Black,None reported,Yes,34999,5,3.558255388369256,1,0,New
Acura,ILX 2.4L,2016,136397,Gasoline,2.4,F,Silver,Ebony.,None reported,Yes,14798,10,0.10849132685229988,0,1,Moderate
Audi,S3 2.0T Premium Plus,2017,84000,Gasoline,292.0,6-Speed A/T,Blue,Black,None reported,Yes,31000,9,0.3690432256758848,1,0,Moderate
Lexus,RC 350 F Sport,2021,23436,Gasoline,311.0,6-Speed A/T,Black,Black,None reported,Yes,41927,5,1.7889234970346035,1,0,New
Tesla,Model X Long Range Plus,2020,34000,Gasoline,534.0,A/T,Black,Black,None reported,Yes,69950,6,2.0572924325755126,1,0,Moderate
Land,Rover Range Rover Sport 3.0 Supercharged HST,2021,27608,Gasoline,6.0,Automatic,Fuji White,Pimento / Ebony,None reported,Yes,73897,5,2.6765547466405883,1,0,New
Toyota,Supra 3.0 Premium,2021,12500,Gasoline,382.0,A/T,Yellow,Black,None reported,Yes,53500,5,4.279657627389809,0,0,New
Lincoln,Aviator Reserve AWD,2022,18196,Gasoline,400.0,Transmission w/Dual Shift Mode,Black,Brown,None reported,Yes,62000,4,3.4071550255536627,0,0,New
Jaguar,F-TYPE,2020,15903,Gasoline,2.0,Automatic,Silver,Black,None reported,Yes,47998,6,3.017982897384306,1,0,Moderate
Land,Rover LR4 HSE,2013,79800,Gasoline,375.0,A/T,White,Black,None reported,Yes,29990,13,0.3758098269445245,1,0,Old
Dodge,Challenger SXT,2013,61074,Gasoline,305.0,A/T,Black,Gray,None reported,Yes,16800,13,0.27507163323782235,0,0,Old
Nissan,350Z Enthusiast,2003,74000,Gasoline,287.0,6-Speed M/T,Purple,–,None reported,Yes,11000,23,0.1486466399102715,0,0,Very Old
Jaguar,F-TYPE R,2018,35250,Gasoline,550.0,8-Speed A/T,Green,Black,None reported,Yes,68750,8,1.9502992822898642,1,0,Moderate
Genesis,GV70 3.5T Sport,2023,5400,Gasoline,375.0,8-Speed A/T,Green,Beige,None reported,Yes,60000,3,11.109053878911313,0,0,New
Chevrolet,S-10 LS,2000,133510,E85 Flex Fuel,120.0,A/T,Blue,Black,None reported,Yes,4500,26,0.0337050879702796,0,1,Very Old
BMW,440 Gran Coupe 440i xDrive,2020,25990,Gasoline,3.0,Automatic,White,Beige,None reported,Yes,38598,6,1.4850525181793697,1,0,Moderate
Ford,F-150 XLT,2023,2823,Gasoline,3.5,Automatic,Iconic Silver Metallic,Black,None reported,Yes,58504,3,20.71671388101983,0,0,New
Chevrolet,Suburban RST,2021,52000,Gasoline,355.0,10-Speed A/T,Blue,Black,None reported,Yes,61000,5,1.1730543643391473,0,0,New
Hyundai,Elantra N Base,2022,11650,Gasoline,276.0,Transmission w/Dual Shift Mode,Black,Black,None reported,Yes,32300,4,2.772294223671788,0,0,New
Nissan,Sentra SR,2016,96541,Gasoline,1.8,Automatic,Blue,Black,None reported,Yes,13998,10,0.14499388867021606,0,0,Moderate
Mercedes-Benz,AMG CLA 45 Base 4MATIC,2021,17500,Gasoline,382.0,A/T,Gray,Black,None reported,Yes,59995,5,3.4280898234386608,1,0,New
BMW,650 Gran Coupe i xDrive,2015,69000,Gasoline,445.0,8-Speed A/T,Gray,Black,None reported,Yes,25700,11,0.37245837016854827,1,0,Old
Audi,Q5 2.0T Premium Plus,2017,81880,E85 Flex Fuel,2.0,8-Speed Automatic,Mythos Black Metallic,Black,None reported,Yes,21375,9,0.26104957193976625,1,0,Moderate
Mercedes-Benz,AMG C 43 Base 4MATIC,2018,28800,Gasoline,362.0,9-Speed A/T,Silver,Black,None reported,Yes,48000,8,1.6666087983056144,1,0,Moderate
BMW,i3 120Ah w/Range Extender,2020,35035,Hybrid,120.0,Automatic,Black,Black,None reported,Yes,24998,6,0.7134946911747917,1,0,Moderate
Kia,Sorento SX,2011,171000,Gasoline,276.0,A/T,Black,Black,None reported,Yes,5999,15,0.03508166618908661,0,1,Old
Lexus,LX 570 Base,2016,118700,Gasoline,383.0,8-Speed A/T,Black,Beige,None reported,Yes,46900,10,0.39511040345068704,1,1,Moderate
Jeep,New Compass Trailhawk,2017,119000,Gasoline,180.0,A/T,Red,Black,None reported,Yes,15900,9,0.1336123225855245,0,1,Moderate
BMW,340 i,2018,44261,Gasoline,3.0,Automatic,Gray,Black,None reported,Yes,33598,8,0.7590709863991686,1,0,Moderate
Audi,A4 2.0T Premium Plus quattro,2012,125575,Gasoline,211.0,8-Speed A/T,Silver,Black,None reported,Yes,8999,14,0.07166178250621137,1,1,Old
Hyundai,Tucson SE,2007,16200,Gasoline,173.0,A/T,Gold,Beige,None reported,Yes,8200,19,0.5061415961977656,0,0,Old
BMW,Z4 sDrive28i,2014,70000,Gasoline,240.0,A/T,White,Beige,At least 1 accident or damage reported,Yes,20000,12,0.28571020413994086,1,0,Old
Bentley,Continental GTC Base,2011,20200,E85 Flex Fuel,552.0,6-Speed A/T,Black,Black,None reported,Yes,79950,15,3.9577248651056878,1,0,Old
Honda,Passport Elite,2023,2978,Gasoline,3.5,Automatic,Lunar Silver Metallic,Gray,None reported,Yes,45498,3,15.272910372608258,0,0,New
Dodge,Sprinter 2500,2007,189719,Diesel,3.0,5-Speed A/T,White,Gray,At least 1 accident or damage reported,Yes,14000,19,0.07379295804343243,0,1,Old
BMW,M850 i xDrive,2019,9949,Gasoline,4.4,Automatic,Blue,Black,None reported,Yes,75798,7,7.617889447236181,1,0,Moderate
Audi,A7 Premium,2012,54000,Gasoline,310.0,8-Speed A/T,Black,Brown,At least 1 accident or damage reported,Yes,36880,14,0.6829503157348938,1,0,Old
Chevrolet,Silverado 1500 Custom Trail Boss,2021,51351,Gasoline,5.3,Automatic,Black,Jet Black,None reported,Yes,43147,5,0.8402204393207665,0,0,New
MINI,Convertible John Cooper Works,2017,24280,Gasoline,228.0,6-Speed A/T,Black,Black,At least 1 accident or damage reported,Yes,29000,9,1.1943494913718546,0,0,Moderate
Toyota,Avalon Touring,2016,89148,Gasoline,268.0,A/T,Black,Black,None reported,Yes,17500,10,0.19630057544111543,0,0,Moderate
Porsche,Cayenne Platinum Edition,2017,73043,Gasoline,300.0,8-Speed A/T,White,Black,None reported,Yes,30990,9,0.4242648266798094,1,0,Moderate
Mercedes-Benz,AMG C 63 S,2017,60000,Gasoline,503.0,Transmission w/Dual Shift Mode,Gray,Black,At least 1 accident or damage reported,Yes,52500,9,0.8749854169097182,1,0,Moderate
Honda,CR-V EX-L,2016,73549,Gasoline,2.4,Automatic CVT,Mountain Air Metallic,Black,At least 1 accident or damage reported,Yes,20848,10,0.28345343303874915,0,0,Moderate
Hummer,H2 Base,2005,110900,Gasoline,325.0,A/T,Gray,Black,None reported,Yes,19500,21,0.17583249925609326,0,1,Very Old
Porsche,911 Carrera S,2013,39000,Gasoline,400.0,7-Speed A/T,Blue,Black,None reported,Yes,73000,13,1.8717468782851723,1,0,Old
Mercedes-Benz,CLA-Class CLA 250,2016,120000,Gasoline,208.0,Transmission w/Dual Shift Mode,Black,Black,None reported,Yes,19800,10,0.16499862501145823,1,1,Moderate
Chrysler,300 Touring,2009,134602,Gasoline,250.0,Transmission w/Dual Shift Mode,Blue,Black,None reported,Yes,7500,17,0.05571941190018053,0,1,Old
Nissan,Rogue SV,2023,1094,Gasoline,1.5,Automatic CVT,Caspian Blue,Light Gray,None reported,Yes,30999,3,28.30958904109589,0,0,New
Audi,A3 2.0T,2010,83500,Gasoline,200.0,Transmission w/Dual Shift Mode,Silver,Black,None reported,Yes,6500,16,0.07784337912120813,1,0,Old
Ford,Mustang GT Premium,2014,37060,Gasoline,420.0,6-Speed M/T,Black,Black,None reported,Yes,28500,12,0.7690024554113488,0,0,Old
Acura,RL Technology,2010,97700,Gasoline,300.0,Transmission w/Dual Shift Mode,Blue,Beige,None reported,Yes,10995,16,0.11253723093929438,0,0,Old
Volvo,XC90 Hybrid T8 R-Design,2018,40000,Plug-In Hybrid,400.0,Transmission w/Dual Shift Mode,Black,Black,None reported,Yes,42000,8,1.0499737506562337,0,0,Moderate
Mercedes-Benz,GLK-Class GLK 350,2014,186000,Gasoline,302.0,A/T,Black,Beige,At least 1 accident or damage reported,Yes,10000,12,0.05376315181101177,1,1,Old
Toyota,C-HR LE,2021,13180,Gasoline,2.0,CVT-F,–,–,None reported,Yes,23998,5,1.8206509369547075,0,0,New
Lexus,IS 350 Base,2014,104000,Gasoline,306.0,8-Speed A/T,Black,Black,None reported,Yes,21000,12,0.20192113537369832,1,1,Old
BMW,X4 M40i,2023,8500,Hybrid,382.0,Transmission w/Dual Shift Mode,Gray,Beige,None reported,Yes,67900,3,7.987295612280908,1,0,New
BMW,M4 CS,2019,19069,Gasoline,3.0,Automatic,Alpine White,Anthracite,None reported,Yes,69998,7,3.670582066072365,1,0,Moderate
Cadillac,CT5 Premium Luxury,2023,6090,Gasoline,237.0,A/T,White,Beige,None reported,Yes,46900,3,7.699885076342144,0,0,New
Lucid,Air Grand Touring,2022,4900,Gasoline,536.0,1-Speed A/T,Red,Black,None reported,Yes,99000,4,20.199959192001632,0,0,New
Audi,A5 2.0T Premium Plus,2019,47523,Gasoline,248.0,Transmission w/Dual Shift Mode,Black,Black,None reported,Yes,31000,7,0.652301994781584,1,0,Moderate
Chrysler,300C SRT8,2006,43000,Gasoline,425.0,5-Speed A/T,Silver,Black,At least 1 accident or damage reported,Yes,19995,20,0.4649891862979931,0,0,Old
BMW,M4 Base,2019,57800,Gasoline,425.0,Transmission w/Dual Shift Mode,Black,Red,None reported,Yes,55999,7,0.9688240687877372,1,0,Moderate
Toyota,GR Corolla Circuit Edition,2023,952,Gasoline,300.0,6-Speed M/T,Silver,Gray,None reported,Yes,49950,3,52.41343126967471,0,0,New
Audi,RS 5 2.9T,2019,21240,Gasoline,444.0,8-Speed A/T,Black,Black,At least 1 accident or damage reported,Yes,59950,7,2.8223718280683583,1,0,Moderate
Porsche,Cayenne Base,2019,59338,Gasoline,335.0,Transmission w/Dual Shift Mode,Black,Black,None reported,Yes,42499,7,0.7162068791182865,1,0,Moderate
Maserati,Quattroporte S,2019,23230,Gasoline,424.0,8-Speed A/T,Black,Black,None reported,Yes,44999,7,1.937023804399294,1,0,Moderate
Jaguar,XF 35t R-Sport,2017,48000,Gasoline,340.0,A/T,Red,Black,At least 1 accident or damage reported,Yes,30000,9,0.6249869794379284,1,0,Moderate
Lexus,ES 330 Base,2005,41059,Gasoline,225.0,5-Speed A/T,White,Beige,None reported,Yes,11100,21,0.2703360935216756,1,0,Very Old
Land,Rover Discovery Sport SE R-Dynamic,2020,21240,Gasoline,2.0,Automatic,White,Black,None reported,Yes,37998,6,1.788898827738807,1,0,Moderate
Porsche,Cayman GTS,2015,11500,Gasoline,340.0,7-Speed A/T,Silver,–,None reported,Yes,72000,11,6.26032518911399,1,0,Old
Genesis,G90 3.3T Premium,2021,9950,Gasoline,365.0,8-Speed A/T,Silver,Blue,None reported,Yes,53950,5,5.42156567179178,0,0,New
Volkswagen,Golf R 20th Anniversary Edition,2023,633,Gasoline,315.0,6-Speed M/T,White,Black,None reported,Yes,47999,3,75.70820189274448,0,0,New
Hyundai,Sonata Hybrid Limited,2015,66000,Hybrid,199.0,A/T,White,Gray,At least 1 accident or damage reported,Yes,15900,11,0.24090544082665413,0,0,Old
Audi,RS 7 4.0T Prestige,2014,59715,Gasoline,560.0,A/T,Gray,Black,At least 1 accident or damage reported,Yes,45000,12,0.7535668832473709,1,0,Old
BMW,740 Li,2012,85252,Gasoline,326.0,6-Speed A/T,Black,Black,None reported,Yes,18500,14,0.2170011612494575,1,0,Old
Mercedes-Benz,GLS 450 Base 4MATIC,2020,17900,Hybrid,362.0,9-Speed A/T,Black,Black,At least 1 accident or damage reported,Yes,80000,6,4.469024076867214,1,0,Moderate
BMW,M6 Base,2016,25500,Gasoline,560.0,7-Speed A/T,White,Black,None reported,Yes,55000,10,2.1567781655621348,1,0,Moderate
Hyundai,Elantra N Base,2023,3800,Gasoline,276.0,6-Speed M/T,White,Black,None reported,Yes,34000,3,8.945014469876348,0,0,New
Kia,Niro Plug-In Hybrid EX Premium,2022,36602,Hybrid,1.6,6-Speed Automatic with Auto-Shift,Horizon Blue,Charcoal,None reported,Yes,31995,4,0.8741086796164249,0,0,New
Mercedes-Benz,SLC 300 Base,2018,33000,Gasoline,241.0,9-Speed A/T,Red,Black,At least 1 accident or damage reported,Yes,29900,8,0.9060331505105906,1,0,Moderate
BMW,435 Gran Coupe i,2016,76009,Gasoline,300.0,8-Speed A/T,White,Beige,None reported,Yes,24950,10,0.32824628338376527,1,0,Moderate
Jeep,Grand Cherokee Summit,2020,31349,Gasoline,5.7,8-Speed Automatic,Granite Crystal Clearcoat Metallic,Black,None reported,Yes,39366,6,1.2556937799043062,0,0,Moderate
Lexus,RC 350 Base,2015,48000,Gasoline,306.0,Transmission w/Dual Shift Mode,Orange,Red,None reported,Yes,32900,11,0.6854023874502615,1,0,Old
BMW,525 i,2005,91420,Gasoline,215.0,6-Speed A/T,Black,Black,None reported,Yes,8900,21,0.09735181194692685,1,0,Very Old
Toyota,Corolla LE,2003,124756,Gasoline,130.0,M/T,Beige,Beige,At least 1 accident or damage reported,Yes,4995,23,0.040037833548418125,0,1,Very Old
GMC,Acadia SLT-1,2012,116226,Gasoline,288.0,6-Speed A/T,Black,Black,None reported,Yes,7900,14,0.06797043716176103,0,1,Old
Lexus,LC 500 Base,2020,37869,Gasoline,5.0,10-Speed Automatic,Atomic Silver,Rioja Red,None reported,Yes,75950,6,2.0055452865064693,1,0,Moderate
BMW,i8 Base,2019,41500,Plug-In Hybrid,369.0,Transmission w/Dual Shift Mode,White,Black,None reported,Yes,86000,7,2.072239223151249,1,0,Moderate
Lexus,ES 300h Base,2013,87001,Hybrid,200.0,CVT Transmission,Gold,Beige,None reported,Yes,17995,13,0.20683432564768625,1,0,Old
Cadillac,CT5-V V-Series,2022,4451,Gasoline,3.0,Automatic,Summit White,Jet Black,At least 1 accident or damage reported,Yes,55655,4,12.501123090745732,0,0,New
BMW,540 i xDrive,2020,27158,Gasoline,2.0,Automatic,Imperial Blue Metallic,Canberra Beige/Black,None reported,Yes,39998,6,1.4727346367686587,1,0,Moderate
Chevrolet,Express 1500 Work Van,2014,139804,Gasoline,195.0,A/T,White,Gray,At least 1 accident or damage reported,Yes,14500,12,0.10371588998962841,0,1,Old
Jeep,Gladiator Rubicon,2022,27300,Gasoline,285.0,A/T,Green,Black,None reported,Yes,47500,4,1.7398630086810007,0,0,New
BMW,Z4 sDrive28i,2014,36812,Gasoline,240.0,Transmission w/Dual Shift Mode,White,Beige,None reported,Yes,27000,12,0.7334365577377557,1,0,Old
Land,Rover LR4 HSE LUX Landmark Edition,2016,144000,Gasoline,340.0,8-Speed A/T,Black,Black,At least 1 accident or damage reported,Yes,18000,10,0.12499913195047256,1,1,Moderate
Cadillac,XT4 Sport,2019,44500,Gasoline,237.0,9-Speed A/T,Blue,White,None reported,Yes,28900,7,0.6494236084582369,0,0,Moderate
BMW,750 750i xDrive,2021,10917,Gasoline,4.4,Automatic,Black,Black,None reported,Yes,73998,5,6.777614947792636,1,0,New
Bentley,Arnage R,2005,8332,Gasoline,400.0,4-Speed A/T,White,Beige,None reported,Yes,47350,21,5.682227289091563,1,0,Very Old
Lincoln,Aviator Reserve AWD,2020,51247,Gasoline,3.0,Automatic,Magnetic Gray Clearcoat,Roast,None reported,Yes,47698,6,0.930729004058695,0,0,Moderate
Mercedes-Benz,AMG GL AMG GL 63 4MATIC,2016,69000,Gasoline,550.0,Transmission w/Dual Shift Mode,Black,Brown,None reported,Yes,36500,10,0.5289778409008565,1,0,Moderate
RAM,ProMaster 3500 High Roof,2021,147834,Gasoline,3.6,6-Speed Automatic,Bright White Clearcoat,Black,None reported,Yes,32662,5,0.22093550241823653,0,1,New
Ford,Utility Police Interceptor Base,2013,105000,E85 Flex Fuel,300.0,A/T,White,Black,At least 1 accident or damage reported,Yes,6600,13,0.06285654422338835,0,1,Old
Audi,A5 2.0T Premium,2011,92203,Gasoline,211.0,Transmission w/Dual Shift Mode,Red,Beige,None reported,Yes,9995,15,0.10840093705262245,1,0,Old
Nissan,GT-R Premium,2010,15600,Gasoline,485.0,Transmission w/Dual Shift Mode,White,Black,None reported,Yes,69500,16,4.454842638292417,0,0,Old
Land,Rover Range Rover Sport 3.0L Supercharged HSE,2018,104700,Gasoline,6.0,Automatic,Fuji White,Ivory / Ebony,At least 1 accident or damage reported,Yes,30775,8,0.2939322451552516,1,1,Moderate
Toyota,Corolla LE,2010,72348,Gasoline,132.0,A/T,Red,Gray,At least 1 accident or damage reported,Yes,9995,16,0.13814980165586255,0,0,Old
Mercedes-Benz,C-Class C300 4MATIC,2022,13177,Gasoline,2.0,Automatic,White,Silk Beige/Black,None reported,Yes,44798,4,3.399453634845955,1,0,New
Porsche,Cayenne E-Hybrid S,2016,96000,Plug-In Hybrid,416.0,Transmission w/Dual Shift Mode,White,Red,At least 1 accident or damage reported,Yes,23000,10,0.2395808376996073,1,0,Moderate
Chevrolet,Express 1500 Work Van,2011,93009,E85 Flex Fuel,5.3,4-Speed Automatic,Summit White,Medium Pewter,None reported,Yes,22495,15,0.2418557144393076,0,0,Old
INFINITI,Q70h Base,2016,52750,Hybrid,360.0,7-Speed A/T,White,Black,At least 1 accident or damage reported,Yes,28998,10,0.549714697351709,0,0,Moderate
Audi,A7 Premium Plus,2020,25361,Hybrid,3.0,Automatic,Typhoon Gray,Black,None reported,Yes,49998,6,1.9713744972793943,1,0,Moderate
Audi,Q7 3.0T Premium Plus,2015,98527,Gasoline,280.0,8-Speed A/T,Black,Black,None reported,Yes,9995,11,0.10144324455992206,1,0,Old
Lucid,Air Pure,2023,1300,Gasoline,620.0,A/T,Black,Gray,None reported,Yes,86900,3,66.79477325134512,0,0,New
Audi,TTS 2.0T Premium Plus,2012,72922,Gasoline,265.0,6-Speed A/T,White,Black,None reported,Yes,25999,14,0.35652674739108375,1,0,Old
BMW,650 Gran Coupe i xDrive,2015,41000,Gasoline,445.0,8-Speed A/T,Black,Black,None reported,Yes,30000,11,0.7316894709885124,1,0,Old
Subaru,Forester Premium,2021,42125,Gasoline,2.5,Automatic CVT,Crystal Black Silica,Black,None reported,Yes,27899,5,0.6622750795233348,0,0,New
Mercedes-Benz,AMG C AMG C 63,2016,62000,Gasoline,469.0,Transmission w/Dual Shift Mode,Black,Black,None reported,Yes,40000,10,0.6451508846631506,1,0,Moderate
Land,Rover LR3 HSE,2006,153843,Gasoline,300.0,6-Speed A/T,Red,Beige,At least 1 accident or damage reported,Yes,9950,20,0.06467590546267647,1,1,Old
BMW,X7 xDrive40i,2019,35248,Gasoline,3.0,Automatic,Arctic Gray Metallic,Black,None reported,Yes,53998,7,1.5319016142301909,1,0,Moderate
Ford,Transit Connect XLT,2015,194454,Gasoline,169.0,6-Speed A/T,White,Black,None reported,Yes,9888,11,0.05084981101025944,0,1,Old
Lexus,LX 570 Three-Row,2021,21000,Gasoline,383.0,Transmission w/Dual Shift Mode,White,Black,None reported,Yes,89999,5,4.2854625970191895,1,0,New
Porsche,911 Carrera S,2013,18494,Gasoline,400.0,7-Speed M/T,Black,Black,None reported,Yes,86900,13,4.698567180319005,1,0,Old
Nissan,Armada SL,2021,67800,Gasoline,400.0,7-Speed A/T,Silver,Black,At least 1 accident or damage reported,Yes,36500,5,0.5383401424757747,0,0,New
Porsche,Cayman Base,2014,79000,Gasoline,275.0,Transmission w/Dual Shift Mode,Red,Black,At least 1 accident or damage reported,Yes,42999,12,0.5442842495664612,1,0,Old
Mercedes-Benz,GLE 450 GLE 450,2022,24906,Hybrid,3.0,Automatic,Selenite Grey Metallic,Black,None reported,Yes,63998,4,2.569478459870719,1,0,New
Chevrolet,Monte Carlo SS,2006,66840,Gasoline,303.0,A/T,White,Gray,At least 1 accident or damage reported,Yes,12000,20,0.17953052767014258,0,0,Old
BMW,M5 Base,2013,86000,Gasoline,560.0,Transmission w/Dual Shift Mode,Blue,White,None reported,Yes,32000,13,0.37208869664306227,1,0,Old
Hyundai,Kona N Base,2023,654,Gasoline,2.0,8-Speed Automatic with Auto-Shift,Ultra Black,Black,None reported,Yes,34599,3,52.82290076335878,0,0,New
Chevrolet,Monte Carlo SS,2005,75000,Gasoline,240.0,A/T,Black,Black,None reported,Yes,12500,21,0.1666644444740737,0,0,Very Old
Land,Rover Range Rover Evoque Pure,2015,84000,Gasoline,240.0,9-Speed A/T,Beige,Black,At least 1 accident or damage reported,Yes,22800,11,0.27142534017452175,1,0,Old
Audi,S7 4.0T Premium Plus,2017,52500,Gasoline,450.0,Transmission w/Dual Shift Mode,Gray,Gray,None reported,Yes,39999,9,0.7618712024532867,1,0,Moderate
GMC,Acadia SLT-1,2011,120000,Gasoline,288.0,6-Speed A/T,Silver,Gray,None reported,Yes,7500,15,0.06249947917100691,0,1,Old
Alfa,Romeo Stelvio Ti Sport,2020,18665,Gasoline,2.0,8-Speed Automatic,Lunare White Metallic,Ice,None reported,Yes,35645,6,1.9096217722061501,0,0,Moderate
Kia,K900 5.0L,2017,36486,Gasoline,420.0,8-Speed A/T,Black,Beige,At least 1 accident or damage reported,Yes,23950,9,0.6563981692109518,0,0,Moderate
Ford,E150 XLT,2013,162100,E85 Flex Fuel,255.0,4-Speed A/T,Black,Gray,None reported,Yes,12500,13,0.07711241756682562,0,1,Old
Tesla,Model 3 Performance,2022,13079,Gasoline,455.0,A/T,Black,White,None reported,Yes,47000,4,3.5932721712538225,1,0,New
Toyota,4Runner SR5,2022,28377,Gasoline,4.0,5-Speed Automatic,Silver,Gray,None reported,Yes,36999,4,1.3037916696032137,0,0,New
Subaru,Forester Base,2020,32744,Gasoline,182.0,CVT Transmission,Black,Gray,None reported,Yes,24000,6,0.7329363261566652,0,0,Moderate
Porsche,Panamera 2,2012,54000,Gasoline,300.0,A/T,White,–,At least 1 accident or damage reported,Yes,26000,14,0.48147256532286437,1,0,Old
Toyota,Tacoma PreRunner,2008,202055,Gasoline,236.0,A/T,Silver,Gray,At least 1 accident or damage reported,Yes,8500,18,0.0420675456309142,0,1,Old
RAM,2500 Laramie,2019,65000,Diesel,370.0,6-Speed A/T,Black,Black,None reported,Yes,65000,7,0.9999846156212981,0,0,Moderate
Kia,Sportage Nightfall,2022,9686,Gasoline,2.4,6-Speed Automatic,Hyper Red,Black,None reported,Yes,30990,4,3.1991328584701146,0,0,New
Cadillac,DTS Base,2010,49620,Gasoline,275.0,A/T,White,Gray,None reported,Yes,10499,16,0.21158380524374762,0,0,Old
Lexus,NX 350 F SPORT Handling,2023,820,Gasoline,2.4,8-SPEED AT,Black,Black,None reported,Yes,51998,3,63.33495736906212,1,0,New
Audi,Q7 45 Premium Plus,2021,68000,Gasoline,248.0,8-Speed A/T,Blue,Black,None reported,Yes,36499,5,0.5367421067337245,1,0,New
Lexus,LX 470 Base,1999,82000,Gasoline,230.0,A/T,White,Beige,None reported,Yes,25000,27,0.3048743308008439,1,0,Very Old
GMC,Terrain SLE,2022,27352,Gasoline,1.5,9-Speed Automatic,Summit White,Jet Black,None reported,Yes,27785,4,1.0157935144225496,0,0,New
Ford,Escape Limited,2012,129000,Gasoline,171.0,A/T,White,Gray,At least 1 accident or damage reported,Yes,7000,14,0.05426314524693607,0,1,Old
Lexus,LS 460 L,2014,106731,Gasoline,360.0,8-Speed A/T,White,Beige,At least 1 accident or damage reported,Yes,30000,12,0.28107783982310836,1,1,Old
Ford,Expedition Platinum,2019,34672,Gasoline,400.0,10-Speed A/T,White,White,None reported,Yes,45500,7,1.3122602601447813,0,0,Moderate
Chevrolet,Malibu LTZ,2010,55900,Gasoline,252.0,Transmission w/Dual Shift Mode,Beige,Beige,None reported,Yes,8950,16,0.16010447040303394,0,0,Old
Audi,A5 2.0T Premium Plus,2015,82000,Gasoline,220.0,8-Speed A/T,White,Brown,None reported,Yes,17000,11,0.20731454494457385,1,0,Old
Genesis,G70 2.0T,2023,4785,Gasoline,2.0,Automatic,Vik Black,Obsidian Black,None reported,Yes,42850,3,8.953196824070204,0,0,New
Chevrolet,Trailblazer LS,2021,20497,Gasoline,1.3,9-Speed Automatic,Pacific Blue Metallic,Black,None reported,Yes,22999,5,1.1220119036003513,0,0,New
Scion,tC Base,2013,177600,Gasoline,180.0,6-Speed A/T,Silver,Black,At least 1 accident or damage reported,Yes,7100,13,0.0399772523803357,0,1,Old
Lincoln,MKZ Hybrid Base,2014,78568,Hybrid,188.0,A/T,Blue,Beige,None reported,Yes,15500,12,0.19727882498186308,0,0,Old
Ford,Transit-350 XL,2018,95000,E85 Flex Fuel,275.0,A/T,White,Gray,None reported,Yes,43000,8,0.4526268144545847,0,0,Moderate
Ford,Explorer Timberline,2021,25240,Gasoline,2.3,10-Speed Automatic,Gray,Ebony,At least 1 accident or damage reported,Yes,39951,5,1.5827819816964463,0,0,New
Volvo,XC90 3.2,2011,88300,Gasoline,235.0,A/T,Blue,Beige,At least 1 accident or damage reported,Yes,11500,15,0.13023635066420539,0,0,Old
Chevrolet,Avalanche LTZ,2013,98000,E85 Flex Fuel,320.0,6-Speed A/T,Silver,Black,At least 1 accident or damage reported,Yes,27499,13,0.28059917755941266,0,0,Old
Audi,TT RS 2.5T,2018,20675,Gasoline,400.0,Transmission w/Dual Shift Mode,Gray,Gray,None reported,Yes,76000,8,3.6757593344940993,1,0,Moderate
Lincoln,Navigator L,2008,95000,Gasoline,300.0,A/T,Black,Black,None reported,Yes,10900,18,0.11473563436174355,0,0,Old
Hyundai,Elantra GLS,2010,107000,Gasoline,138.0,4-Speed A/T,Blue,Blue,At least 1 accident or damage reported,Yes,6250,16,0.05841066905916767,0,1,Old
Audi,SQ5 3.0T Premium Plus,2016,60000,Gasoline,354.0,Transmission w/Dual Shift Mode,Black,Black,At least 1 accident or damage reported,Yes,24700,10,0.4116598056699055,1,0,Moderate
Mitsubishi,Lancer Evolution GSR,2012,33000,Gasoline,291.0,5-Speed M/T,Black,Black,None reported,Yes,34999,14,1.0605436198903064,0,0,Old
Tesla,Model Y Performance,2023,500,Gasoline,455.0,1-Speed A/T,Black,White,None reported,Yes,60000,3,119.76047904191617,1,0,New
Mercedes-Benz,Maybach S S 600,2016,108500,Gasoline,523.0,7-Speed A/T,White,Beige,None reported,Yes,63500,10,0.5852480622298412,1,1,Moderate
Mercedes-Benz,GLS 550 Base 4MATIC,2018,74422,Gasoline,4.7,Automatic,Obsidian Black Metallic,Gray,None reported,Yes,44798,8,0.6019375730620911,1,0,Moderate
Chevrolet,Blazer Premier,2019,55621,Gasoline,3.6,9-Speed Automatic,Silver Ice Metallic,Jet Black,None reported,Yes,34562,7,0.6213728380856496,0,0,Moderate
Mazda,CX-9 Grand Touring,2021,46707,Gasoline,2.5,6-Speed Automatic,Sonic Silver Metallic,Black,At least 1 accident or damage reported,Yes,32541,5,0.6966900745054381,0,0,New
Ford,Expedition Max Limited,2022,26500,Gasoline,440.0,A/T,White,Beige,None reported,Yes,65900,4,2.486698615146598,0,0,New
Nissan,Titan XD SV,2020,10001,Gasoline,5.6,9-Speed Automatic,Black,Black,None reported,Yes,47214,6,4.720455908818236,0,0,Moderate
Lexus,LX 570 Three-Row,2019,19050,Gasoline,383.0,8-Speed A/T,Black,Beige,None reported,Yes,76900,7,4.036533515301034,1,0,Moderate
Chevrolet,Traverse Premier,2020,52000,Gasoline,310.0,A/T,White,Black,None reported,Yes,35800,6,0.6884482990711717,0,0,Moderate
Mercedes-Benz,Sprinter High Roof,2014,65000,Diesel,188.0,7-Speed A/T,Black,Black,At least 1 accident or damage reported,Yes,54999,12,0.846125444223935,1,0,Old
BMW,X5 3.0i,2004,140000,Gasoline,225.0,Transmission w/Dual Shift Mode,Black,Beige,None reported,Yes,6730,22,0.04807108520653424,1,1,Very Old
Ford,Fusion SE,2018,75600,Gasoline,181.0,A/T,Blue,Black,At least 1 accident or damage reported,Yes,14950,8,0.19774870702768482,0,0,Moderate
Lincoln,MKZ Base,2015,117292,Gasoline,240.0,A/T,Beige,Beige,None reported,Yes,12000,11,0.10230789561184385,0,1,Old
Genesis,G90 5.0 Ultimate,2017,26000,Gasoline,420.0,Transmission w/Dual Shift Mode,White,Beige,None reported,Yes,33600,9,1.2922579900773048,0,0,Moderate
Ford,Shelby GT500 Base,2014,15629,Gasoline,5.8,6-Speed Manual,Black,Black,None reported,Yes,61900,12,3.9603326935380676,0,0,Old
Saturn,Sky Base,2008,15020,Gasoline,173.0,A/T,Silver,Red,None reported,Yes,18500,18,1.2316090806204647,0,0,Old
Toyota,Land Cruiser,2016,50361,Gasoline,5.7,Automatic,Silver,Black,None reported,Yes,65998,10,1.310472181406616,0,0,Moderate
Mercedes-Benz,SL-Class SL 550,2013,115000,Gasoline,429.0,Transmission w/Dual Shift Mode,Black,Black,At least 1 accident or damage reported,Yes,36000,13,0.3130407561673377,1,1,Old
Porsche,911 Carrera C2S,2005,28500,Gasoline,355.0,6-Speed M/T,Silver,Black,None reported,Yes,63500,21,2.227992000280692,1,0,Very Old
Mercedes-Benz,AMG GLA 45 Base 4MATIC,2018,51700,Gasoline,375.0,Transmission w/Dual Shift Mode,White,Black,None reported,Yes,32000,8,0.6189435407438928,1,0,Moderate
Ford,Taurus X Limited,2008,148949,Gasoline,263.0,A/T,Blue,Beige,None reported,Yes,3900,18,0.026183282980866064,0,1,Old
BMW,440 Gran Coupe i,2018,39300,Gasoline,320.0,8-Speed A/T,White,Beige,At least 1 accident or damage reported,Yes,31750,8,0.8078674842879316,1,0,Moderate
Honda,S2000 CR,2008,82323,Gasoline,237.0,6-Speed M/T,Black,Black,None reported,Yes,28500,18,0.3461930907147369,0,0,Old
Acura,Integra w/A-Spec Tech Package,2023,3574,Gasoline,1.5,Variable,Apex Blue,Orchid,None reported,Yes,34998,3,9.78965034965035,0,0,New
Ford,Excursion Limited,2001,109357,Gasoline,310.0,A/T,Green,Beige,None reported,Yes,12749,25,0.11658040564019093,0,1,Very Old
Mercedes-Benz,SL-Class SL500 Roadster,2004,46000,Gasoline,302.0,A/T,White,Gray,None reported,Yes,18853,22,0.4098389165452925,1,0,Very Old
INFINITI,G35 Sport,2007,37100,Gasoline,306.0,6-Speed M/T,Gray,Black,None reported,Yes,16900,19,0.4555133284817121,0,0,Old
Volkswagen,Golf GTI 2.0T S 4-Door,2016,89000,Gasoline,210.0,6-Speed M/T,Silver,Black,None reported,Yes,14500,10,0.16291951775822744,0,0,Moderate
Dodge,Challenger R/T Scat Pack,2022,1240,Gasoline,6.4,8-Speed Automatic,Go Mango!,Black,None reported,Yes,53900,4,43.43271555197421,0,0,New
Lincoln,Navigator L Reserve,2019,67073,Gasoline,450.0,10-Speed A/T,Black,Black,At least 1 accident or damage reported,Yes,47999,7,0.7156126069714047,0,0,Moderate
Maserati,Ghibli S Q4,2015,28700,Gasoline,404.0,8-Speed A/T,White,Red,None reported,Yes,24900,11,0.8675655900491273,1,0,Old
Tesla,Model X Base,2023,8200,Gasoline,670.0,A/T,Black,Black,None reported,Yes,93999,3,11.461894890866967,1,0,New
Ford,Expedition Limited,2018,98995,Gasoline,3.5,Automatic,Ingot Silver Metallic,Ebony,None reported,Yes,34998,8,0.3535294355327488,0,0,Moderate
Volkswagen,Routan SE,2012,123815,Gasoline,283.0,6-Speed A/T,Black,Gray,None reported,Yes,5000,14,0.040382503069070236,0,1,Old
Toyota,Highlander XLE,2020,61341,Gasoline,3.5,8-Speed Automatic,Midnight Black Metallic,Black,At least 1 accident or damage reported,Yes,34084,6,0.5556388771151902,0,0,Moderate
Honda,Civic LX,2016,96473,Gasoline,2.0,Automatic CVT,Black,Black,None reported,Yes,15599,10,0.1616912328710326,0,0,Moderate
Jeep,Wrangler Unlimited Sahara,2017,66107,Gasoline,3.6,5-Speed Automatic,Black Clearcoat,Black,None reported,Yes,31331,9,0.4739365886125734,0,0,Moderate
Land,Rover Range Rover Supercharged,2008,114287,Gasoline,400.0,6-Speed A/T,Black,Black,None reported,Yes,9900,18,0.0866232675346493,1,1,Old
Acura,ILX 2.0L w/Premium Package,2015,75000,Gasoline,150.0,5-Speed A/T,Gold,Beige,None reported,Yes,14500,11,0.19333075558992546,0,0,Old
BMW,M6 Base,2016,45800,Gasoline,560.0,7-Speed A/T,Gold,Black,None reported,Yes,36800,10,0.803475906639593,1,0,Moderate
BMW,X6 sDrive35i,2016,70582,Gasoline,300.0,8-Speed A/T,Black,White,At least 1 accident or damage reported,Yes,35000,10,0.49587011036651885,1,0,Moderate
Porsche,Cayman S,2014,33088,Gasoline,325.0,7-Speed A/T,Black,Black,None reported,Yes,49750,12,1.503520807519115,1,0,Old
Lincoln,Corsair Grand Touring,2021,1850,Plug-In Hybrid,266.0,CVT Transmission,Silver,Beige,None reported,Yes,49000,5,26.472177201512697,0,0,New
Cadillac,DTS Luxury II,2008,94155,Gasoline,275.0,4-Speed A/T,White,Beige,None reported,Yes,10500,18,0.11151705679935427,0,0,Old
Cadillac,ATS 3.6L Luxury,2016,25000,Gasoline,335.0,8-Speed A/T,Red,Beige,None reported,Yes,17999,10,0.7199312027518899,0,0,Moderate
GMC,Sierra 1500 SLT,2016,99500,Gasoline,355.0,8-Speed A/T,Gray,Black,None reported,Yes,27995,10,0.28135395624164583,0,0,Moderate
INFINITI,G37 x,2009,158564,Gasoline,328.0,A/T,Blue,Beige,None reported,Yes,8750,17,0.055182417305206066,0,1,Old
Ford,Transit-350 XLT,2023,20000,Gasoline,310.0,10-Speed A/T,Black,Black,None reported,Yes,78499,3,3.924753762311884,0,0,New
Cadillac,XTS Luxury,2018,46711,Gasoline,304.0,6-Speed A/T,Silver,Black,At least 1 accident or damage reported,Yes,20850,8,0.44635211508820005,0,0,Moderate
Nissan,NV Passenger NV3500 HD SL V8,2017,46496,Gasoline,375.0,A/T,Black,Gray,None reported,Yes,41000,9,0.8817773189668151,0,0,Moderate
Mercedes-Benz,GLS 450 Base 4MATIC,2019,19800,Gasoline,362.0,9-Speed A/T,Silver,Black,None reported,Yes,53800,7,2.717034493207414,1,0,Moderate
Toyota,Land Cruiser Base,2008,175000,Gasoline,381.0,6-Speed A/T,Black,Beige,At least 1 accident or damage reported,Yes,37900,18,0.21657019102747985,0,1,Old
Toyota,Land Cruiser Base,2016,61500,Gasoline,381.0,8-Speed A/T,White,Black,None reported,Yes,63500,10,1.0325035365278614,0,0,Moderate
RAM,ProMaster 2500 Window Van High Roof,2016,49750,Gasoline,280.0,6-Speed A/T,Black,Gray,None reported,Yes,65000,10,1.3065064018813692,0,0,Moderate
Lincoln,MKZ Base,2011,83765,Gasoline,263.0,A/T,Black,Black,None reported,Yes,8995,15,0.10738247021464556,0,0,Old
Alfa,Romeo Giulia Quadrifoglio,2022,1966,Gasoline,2.9,8-Speed Automatic,Verde,Black,None reported,Yes,75900,4,38.5866802236909,0,0,New
Chevrolet,Trailblazer LT,2021,50648,Gasoline,1.2,Automatic CVT,Pacific Blue Metallic,Jet Black,None reported,Yes,23995,5,0.47375071571008315,0,0,New
INFINITI,G37 x,2013,60058,Gasoline,328.0,A/T,White,Beige,At least 1 accident or damage reported,Yes,15000,13,0.24975440816530411,0,0,Old
Maserati,Levante S,2017,54423,Gasoline,424.0,8-Speed A/T,Black,Black,None reported,Yes,33950,9,0.6238056739673673,1,0,Moderate
Toyota,Highlander Limited,2022,24001,Gasoline,3.5,8-Speed Automatic,Wind Chill Pearl,Graphite,None reported,Yes,47498,4,1.9789184234647113,0,0,New
Nissan,Armada SL,2022,14735,Gasoline,5.6,Automatic,White,Black,None reported,Yes,50998,4,3.4607763300760044,0,0,New
Audi,Q5 Premium,2023,2425,Hybrid,2.0,Automatic,Mythos Black,–,None reported,Yes,42998,3,17.723825226710634,1,0,New
Lincoln,Navigator L Reserve,2019,64855,Gasoline,450.0,10-Speed A/T,Silver,Beige,None reported,Yes,46995,7,0.7246052793881831,0,0,Moderate
Mercedes-Benz,EQS 450+ Base,2022,16238,Gasoline,329.0,1-Speed A/T,White,Beige,None reported,Yes,62479,4,3.8474659769690254,1,0,New
RAM,1500 Laramie,2022,18051,Gasoline,5.7,Automatic,Patriot Blue Pearlcoat,Black,None reported,Yes,47995,4,2.6587081763793488,0,0,New
Lincoln,Town Car Base,2004,36524,Gasoline,239.0,4-Speed A/T,Black,Black,None reported,Yes,14900,22,0.4079397672826831,0,0,Very Old
Acura,TLX w/A-Spec Package,2022,14896,Gasoline,2.0,2,Lunar Silver Metallic,Ebony,None reported,Yes,39998,4,2.684970128213734,0,0,New
Toyota,Camry Hybrid LE,2022,14048,Hybrid,2.5,Automatic CVT,Black,Black,None reported,Yes,29999,4,2.135312121859207,0,0,New
Mercedes-Benz,E-Class E 550,2014,80581,Gasoline,402.0,Transmission w/Dual Shift Mode,Gray,Beige,None reported,Yes,26000,12,0.3226527015958899,1,0,Old
Mazda,MX-5 Miata Grand Touring,2007,81400,Gasoline,166.0,6-Speed M/T,Red,–,At least 1 accident or damage reported,Yes,11000,19,0.1351334750187344,0,0,Old
Porsche,718 Boxster Base,2019,6700,Gasoline,300.0,7-Speed A/T,Gray,Black,None reported,Yes,63000,7,9.401581853454708,1,0,Moderate
Ford,Transit-350 XLT,2015,143000,Gasoline,275.0,6-Speed A/T,Silver,Gray,None reported,Yes,22500,11,0.15734155705204858,0,1,Old
Kia,Sportage SX Turbo,2017,87842,Gasoline,2.0,6-Speed Automatic,Black Cherry,Black,None reported,Yes,18688,9,0.21274318955409083,0,0,Moderate
INFINITI,G37 S Sport,2010,116451,Gasoline,328.0,6-Speed M/T,White,Gray,None reported,Yes,16500,16,0.14168927970322537,0,1,Old
Nissan,Titan XD S,2019,53677,Gasoline,390.0,7-Speed A/T,Red,Gray,None reported,Yes,27900,7,0.5197660121465032,0,0,Moderate
Audi,S7 2.9T Prestige,2021,12000,Hybrid,444.0,8-Speed A/T,Gray,Black,None reported,Yes,77500,5,6.457795183734689,1,0,New
Land,Rover Discovery HSE,2019,20034,Gasoline,3.0,Automatic,Yulong White,Tan/Ebony,None reported,Yes,43998,7,2.1960569004242574,1,0,Moderate
Ford,Transit-350 XLT,2020,32000,Diesel,210.0,A/T,Black,Black,None reported,Yes,68000,6,2.1249335958251305,0,0,Moderate
INFINITI,Q70 3.7,2014,70312,Gasoline,330.0,7-Speed A/T,Black,Black,None reported,Yes,19995,12,0.28437131113734304,0,0,Old
Jeep,Gladiator Rubicon,2022,8794,Gasoline,285.0,A/T,White,Black,None reported,Yes,54000,4,6.139852188743604,0,0,New
Lincoln,MKX Base,2010,156000,Gasoline,265.0,6-Speed A/T,Black,Black,At least 1 accident or damage reported,Yes,5900,16,0.03782027038288216,0,1,Old
Mercedes-Benz,AMG C 43 Base 4MATIC,2018,67100,Gasoline,362.0,Transmission w/Dual Shift Mode,Gray,Black,At least 1 accident or damage reported,Yes,34250,8,0.5104245838363065,1,0,Moderate
Porsche,Cayman Base,2014,52000,Gasoline,275.0,Transmission w/Dual Shift Mode,Blue,Beige,At least 1 accident or damage reported,Yes,37000,12,0.7115247783696468,1,0,Old
Acura,MDX 3.7L Advance,2011,137200,Gasoline,300.0,Transmission w/Dual Shift Mode,White,Gray,None reported,Yes,12000,15,0.08746291936647692,0,1,Old
Volkswagen,Golf R 4-Door w/DCC & Navigation,2018,36000,Gasoline,292.0,7-Speed A/T,White,Black,At least 1 accident or damage reported,Yes,32000,8,0.8888641982167163,0,0,Moderate
Kia,Forte GT-Line,2023,15500,Gasoline,147.0,CVT Transmission,White,Black,At least 1 accident or damage reported,Yes,24500,3,1.5805431907618863,0,0,New
BMW,M8 Competition,2020,10906,Gasoline,4.4,Automatic,Donington Grey Metallic,Black,None reported,Yes,96998,6,8.893187861006693,1,0,Moderate
Lincoln,MKC Select,2019,49814,Gasoline,2.0,6-Speed Automatic,Ruby Red Metallic Tinted Clearcoat,Cappuccino,None reported,Yes,26545,7,0.5328716250125464,0,0,Moderate
BMW,i8 Base,2015,846,Plug-In Hybrid,357.0,A/T,White,White,None reported,Yes,86999,11,102.71428571428571,1,0,Old
Toyota,Highlander XLE,2021,67039,Gasoline,3.5,8-Speed Automatic,Blue,Black,None reported,Yes,34645,5,0.5167810262529833,0,0,New
Mazda,CX-30 Premium Package,2023,2636,Gasoline,2.5,6-Speed Automatic,Platinum Quartz Metallic,Black,None reported,Yes,28535,3,10.821008722032612,0,0,New
Porsche,Cayenne Platinum Edition,2018,50166,Gasoline,3.6,8-Speed Automatic,White,Black,At least 1 accident or damage reported,Yes,43550,8,0.8681005441824307,1,0,Moderate
Lincoln,MKZ Reserve,2017,37375,Gasoline,400.0,6-Speed A/T,Blue,Brown,None reported,Yes,27500,9,0.7357662671232876,0,0,Moderate
Tesla,Model 3 Standard Range Plus,2021,21600,Gasoline,271.0,A/T,White,Black,None reported,Yes,31000,5,1.4351187445025693,1,0,New
Porsche,718 Cayman S,2019,9500,Gasoline,350.0,7-Speed A/T,Red,Black,At least 1 accident or damage reported,Yes,69000,7,7.262393432270287,1,0,Moderate
Chevrolet,Corvette Base,2005,143095,Gasoline,400.0,4-Speed A/T,Red,Black,None reported,Yes,16000,21,0.11181304858276961,0,1,Very Old
Acura,RSX Type S,2002,80000,Gasoline,200.0,6-Speed M/T,Beige,Beige,At least 1 accident or damage reported,Yes,8500,24,0.10624867189160135,0,0,Very Old
Porsche,Cayman S,2007,5856,Gasoline,295.0,6-Speed M/T,Black,Black,None reported,Yes,45000,19,7.683114222298105,1,0,Old
Audi,SQ7 4.0T,2022,28927,Gasoline,4.0,Automatic,Matador Red Metallic,Black,None reported,Yes,74900,4,2.5891869469026547,1,0,New
Honda,Ridgeline RTL-E,2021,14442,Gasoline,280.0,9-Speed A/T,White,Beige,None reported,Yes,38500,5,2.6656511805026657,0,0,New
Mercedes-Benz,CLK-Class 500 Cabriolet,2005,64000,Gasoline,302.0,7-Speed A/T,Silver,Black,None reported,Yes,12995,21,0.20304370244214934,1,0,Very Old
Lexus,GX 470 Base,2004,154000,Gasoline,235.0,A/T,White,Beige,At least 1 accident or damage reported,Yes,10000,22,0.06493464328153713,1,1,Very Old
Lexus,NX 200t Base,2015,54000,Gasoline,235.0,6-Speed A/T,White,Black,None reported,Yes,27000,11,0.49999074091220536,1,0,Old
Maserati,Ghibli S Q4 GranSport,2020,25721,Gasoline,3.0,8-Speed Automatic,Blu,Nero,None reported,Yes,52645,6,2.046691548091128,1,0,Moderate
Land,Rover Discovery Sport SE R-Dynamic,2020,20927,Gasoline,2.0,Automatic,Fuji White,–,None reported,Yes,35998,6,1.7200879204892967,1,0,Moderate
Audi,Q3 45 S line Premium,2022,9325,Gasoline,2.0,8-Speed Automatic,Mythos Black Metallic,Black,None reported,Yes,33610,4,3.6039030666952607,1,0,New
Ford,Explorer XLT,2020,61001,Gasoline,2.3,10-Speed Automatic,Gray,Ebony,At least 1 accident or damage reported,Yes,28616,6,0.46909937379102323,0,0,Moderate
Mercedes-Benz,AMG GLC 63 Base 4MATIC,2018,71962,Gasoline,469.0,9-Speed A/T,White,Black,None reported,Yes,46900,8,0.651723802509623,1,0,Moderate
Subaru,BRZ Premium,2023,5800,Gasoline,228.0,6-Speed M/T,Black,Black,None reported,Yes,29990,3,5.169798310636097,0,0,New
BMW,640 i,2016,40080,Gasoline,315.0,8-Speed A/T,Black,Black,None reported,Yes,28499,10,0.7110351538135276,1,0,Moderate
Kia,Stinger GT2,2020,57000,Gasoline,365.0,A/T,Black,Red,At least 1 accident or damage reported,Yes,36500,6,0.640339643164155,0,0,Moderate
Subaru,Forester 2.5 XT,2004,122000,Gasoline,210.0,5-Speed M/T,Gold,Black,At least 1 accident or damage reported,Yes,9999,22,0.08195834460373276,0,1,Very Old
Kia,Sportage X-Pro,2023,459,Gasoline,2.5,8-Speed Automatic,Jungle Green,Black,None reported,Yes,36998,3,80.4304347826087,0,0,New
BMW,M4 Base,2016,62500,Gasoline,425.0,7-Speed A/T,Black,Orange,At least 1 accident or damage reported,Yes,40500,10,0.6479896321658853,1,0,Moderate
Hyundai,Equus Signature,2013,72000,Gasoline,429.0,8-Speed A/T,Silver,Black,None reported,Yes,17500,13,0.24305217983083569,0,0,Old
Mercedes-Benz,AMG E 53 4MATIC,2020,8375,Gasoline,3.0,"Automatic, 9-Spd 9G-Tronic",BLACK,BLACK,None reported,Yes,69900,6,8.345272206303726,1,0,Moderate
BMW,M550 i xDrive,2020,40000,Gasoline,523.0,Transmission w/Dual Shift Mode,Blue,Black,None reported,Yes,53000,6,1.3249668758281044,1,0,Moderate
Subaru,Impreza WRX STI,2014,77000,Gasoline,305.0,6-Speed M/T,Gray,Black,At least 1 accident or damage reported,Yes,30000,12,0.38960532980091167,0,0,Old
Mazda,Mazda6 Grand Touring,2020,35902,Gasoline,2.5,6-Speed Automatic,Deep Crystal Blue Mica,Black,None reported,Yes,22966,6,0.6396679943180236,0,0,Moderate
Hyundai,Veloster Base,2013,800,Gasoline,132.0,Transmission w/Dual Shift Mode,Black,Gray,None reported,Yes,9800,13,12.234706616729088,0,0,Old
Land,Rover Defender X-Dynamic SE,2023,6204,Hybrid,3.0,Automatic,Eiger Grey,–,None reported,Yes,79998,3,12.892506043513295,1,0,New
Kia,Telluride SX,2020,69185,Gasoline,3.8,8-Speed Automatic,Ebony Black,Gray,None reported,Yes,37405,6,0.5406440609371839,0,0,Moderate
Maserati,GranTurismo Sport,2015,45000,Gasoline,454.0,6-Speed A/T,Black,Black,None reported,Yes,41900,11,0.9310904202128841,1,0,Old
BMW,540 i xDrive,2020,37426,Gasoline,2.0,Automatic,White,Black,None reported,Yes,39998,6,1.0686937237822962,1,0,Moderate
INFINITI,M56 Base,2011,137000,Gasoline,420.0,Transmission w/Dual Shift Mode,Gray,Brown,At least 1 accident or damage reported,Yes,8500,15,0.062043342749323,0,1,Old
Chevrolet,Corvette Stingray w/1LT,2023,4000,Gasoline,490.0,8-Speed A/T,Black,Red,At least 1 accident or damage reported,Yes,73900,3,18.4703824043989,0,0,New
Audi,Q5 S line Premium Plus,2023,4648,Hybrid,2.0,Automatic,Mythos Black,Black,None reported,Yes,47598,3,10.238330823833083,1,0,New
Lexus,GX 460 Base,2018,52100,Gasoline,301.0,6-Speed A/T,White,Beige,None reported,Yes,38000,8,0.7293526035968599,1,0,Moderate
BMW,X1 sDrive28i,2014,50100,Gasoline,240.0,A/T,Brown,Beige,None reported,Yes,10795,12,0.21546476118241153,1,0,Old
Alfa,Romeo Stelvio Ti,2020,41000,Gasoline,280.0,8-Speed A/T,White,Black,None reported,Yes,32400,6,0.7902246286675935,0,0,Moderate
RAM,1500 Big Horn,2021,70968,Gasoline,395.0,8-Speed A/T,Black,Black,None reported,Yes,34000,5,0.4790824162662571,0,0,New
BMW,M4 Base,2015,26600,Gasoline,425.0,A/T,White,–,None reported,Yes,53000,11,1.9924063005150183,1,0,Old
Tesla,Model X Long Range,2022,15443,Gasoline,670.0,1-Speed A/T,Red,Black,None reported,Yes,84500,4,5.4713804713804715,1,0,New
Volvo,S90 T5 Momentum,2018,95000,Gasoline,250.0,8-Speed A/T,White,Beige,None reported,Yes,18000,8,0.1894716897716866,0,0,Moderate
Subaru,Impreza WRX Sti,2005,94000,Gasoline,300.0,6-Speed M/T,Black,Blue,None reported,Yes,19500,21,0.2074446016531739,0,0,Very Old
BMW,X6 xDrive40i,2020,45076,Gasoline,3.0,Automatic,Blue,Black,None reported,Yes,57998,6,1.286642855558267,1,0,Moderate
Cadillac,CTS 2.0L Turbo Luxury,2014,110000,Gasoline,272.0,A/T,Gold,Beige,None reported,Yes,11000,12,0.0999990909173553,0,1,Old
Land,Rover Discovery Sport HSE,2016,49083,Gasoline,2.0,9-Speed Automatic,Indus Silver,Ebony,None reported,Yes,21590,10,0.43985820226550404,1,0,Moderate
Genesis,G90 5.0 Ultimate,2017,63500,Gasoline,420.0,Transmission w/Dual Shift Mode,Silver,Black,None reported,Yes,27500,9,0.43306404623549233,0,0,Moderate
Mercedes-Benz,CLK-Class CLK 350,2009,21500,Gasoline,268.0,A/T,Black,Black,At least 1 accident or damage reported,Yes,18000,17,0.8371703641691084,1,0,Old
Kia,Optima EX,2019,68166,Gasoline,1.6,Automatic,Ebony Black,Black,None reported,Yes,20818,7,0.30539703962327813,0,0,Moderate
Toyota,Highlander SE,2018,53607,Gasoline,3.5,8-Speed Automatic,Midnight Black Metallic,Black,At least 1 accident or damage reported,Yes,31853,8,0.5941837039247874,0,0,Moderate
Mercedes-Benz,Sprinter 4500 High Roof,2019,16813,Diesel,188.0,Transmission w/Dual Shift Mode,Gray,Black,None reported,Yes,45900,7,2.7298679671702155,1,0,Moderate
BMW,X1 xDrive28i,2020,18200,Gasoline,228.0,A/T,White,Beige,At least 1 accident or damage reported,Yes,29500,6,1.6207900664798638,1,0,Moderate
Audi,S3 2.0T Tech Premium Plus,2018,16400,Gasoline,292.0,A/T,Blue,Red,None reported,Yes,42800,8,2.609596975794159,1,0,Moderate
Toyota,Tundra Hybrid TRD Pro,2022,7000,Hybrid,437.0,10-Speed A/T,Orange,–,None reported,Yes,75500,4,10.784173689472933,0,0,New
Audi,SQ5 3.0T Premium Plus,2022,8497,Gasoline,3.0,Automatic,Ibis White,Black,None reported,Yes,52900,4,6.22499411626265,1,0,New
Audi,A6 2.0T Premium Plus,2016,68000,Gasoline,252.0,Transmission w/Dual Shift Mode,White,Black,At least 1 accident or damage reported,Yes,20000,10,0.2941133218629138,1,0,Moderate
BMW,328 xi,2007,83000,Gasoline,230.0,6-Speed A/T,Black,Brown,None reported,Yes,8995,19,0.1083721882868881,1,0,Old
Audi,SQ5 3.0T Prestige,2018,25000,Gasoline,354.0,8-Speed A/T,Gray,Black,None reported,Yes,50000,8,1.999920003199872,1,0,Moderate
Cadillac,Escalade Sport Platinum,2021,15689,Diesel,3.0,10-Speed Automatic,Infrared Tintcoat,Jet Black,None reported,Yes,97952,5,6.24295729764181,0,0,New
BMW,M235 i,2014,125450,Gasoline,320.0,6-Speed M/T,Blue,Black,None reported,Yes,17200,12,0.13710532399104033,1,1,Old
Kia,Telluride SX,2023,9822,Gasoline,3.8,8-Speed Automatic,Midnight Black,Gray,None reported,Yes,50998,3,5.191692965489158,0,0,New
Chevrolet,Express 3500 Base,2008,144000,Gasoline,323.0,A/T,White,Gray,None reported,Yes,22000,18,0.15277671682835536,0,1,Old
GMC,Acadia SLE,2020,30900,Gasoline,2.5,9-Speed Automatic,Summit White,Jet Black,None reported,Yes,27654,6,0.8949224944176564,0,0,Moderate
BMW,X3 xDrive30i,2021,2492,Gasoline,2.0,Automatic,Phytonic Blue Metallic,Canberra Beige/Black,None reported,Yes,41598,5,16.685920577617328,1,0,New
Audi,TT 2.0T,2015,126760,Gasoline,211.0,A/T,Black,Black,At least 1 accident or damage reported,Yes,14000,11,0.11044406402600168,1,1,Old
Subaru,Outback 3.6R Touring,2017,100680,Gasoline,256.0,A/T,Brown,–,None reported,Yes,20500,9,0.2036133927950656,0,1,Moderate
Mitsubishi,Eclipse Spyder GS,2001,90400,Gasoline,140.0,A/T,Red,–,None reported,Yes,4495,25,0.049722901295339655,0,0,Very Old
Hyundai,Santa Fe SEL,2022,26895,Gasoline,2.5,8-Speed Automatic,Quartz White,Black,None reported,Yes,29800,4,1.1079714455681142,0,0,New
BMW,M5 Base,2018,20500,Gasoline,600.0,8-Speed A/T,Silver,Black,None reported,Yes,67000,8,3.2681332617921077,1,0,Moderate
Dodge,Ram 1500 ST,2011,134000,Gasoline,390.0,A/T,Black,Gray,At least 1 accident or damage reported,Yes,10500,15,0.07835762419683436,0,1,Old
Ford,Fusion Energi Titanium,2015,84352,Plug-In Hybrid,188.0,CVT Transmission,Blue,Black,At least 1 accident or damage reported,Yes,10000,11,0.11854942918449847,0,0,Old
Toyota,Tundra Hybrid TRD Pro,2022,19000,Hybrid,437.0,10-Speed A/T,Orange,Black,None reported,Yes,71000,4,3.7366454397136994,0,0,New
Land,Rover Range Rover Evoque Pure,2015,115550,Gasoline,240.0,9-Speed A/T,White,Black,None reported,Yes,17500,11,0.151448278249431,1,1,Old
Lincoln,Navigator Base,2009,191775,E85 Flex Fuel,310.0,6-Speed A/T,White,Beige,At least 1 accident or damage reported,Yes,9750,17,0.05084056399132321,0,1,Old
Mercedes-Benz,Sprinter 3500 High Roof,2017,124630,Diesel,188.0,5-Speed A/T,Black,Black,None reported,Yes,75000,9,0.6017764440628736,1,1,Moderate
Mercedes-Benz,AMG E 63 S 4MATIC,2019,17000,Gasoline,603.0,9-Speed A/T,White,Brown,None reported,Yes,95000,7,5.58790659372978,1,0,Moderate
BMW,440 i xDrive,2018,73500,Gasoline,320.0,A/T,Black,Blue,None reported,Yes,32000,8,0.4353682262826356,1,0,Moderate
Acura,Integra LS,1998,120000,Gasoline,140.0,4-Speed A/T,Red,–,At least 1 accident or damage reported,Yes,5500,28,0.04583295139207173,0,1,Very Old
Audi,Q7 55 Prestige,2019,73837,Gasoline,3.0,8-Speed Automatic,Cobra Beige Metallic,Nougat Brown,None reported,Yes,36340,7,0.4921585091687207,1,0,Moderate
BMW,M6 Base,2014,29500,Gasoline,560.0,Transmission w/Dual Shift Mode,Silver,Black,None reported,Yes,40999,12,1.3897495000169486,1,0,Old
Volkswagen,Arteon 2.0T SE,2021,13613,Gasoline,2.0,Automatic,Pure White,Titan Black,None reported,Yes,29798,5,2.188776259732628,0,0,New
INFINITI,Q40 Base,2015,143250,Gasoline,328.0,Transmission w/Dual Shift Mode,Silver,Black,None reported,Yes,11500,11,0.08027867170211726,0,1,Old
BMW,Z4 3.0i Roadster,2006,46508,Gasoline,215.0,Transmission w/Dual Shift Mode,Green,Beige,At least 1 accident or damage reported,Yes,11500,20,0.2472639704143284,1,0,Old
BMW,M6 Base,2015,18651,Gasoline,560.0,Transmission w/Dual Shift Mode,Red,Black,None reported,Yes,59549,11,3.192633497748231,1,0,Old
BMW,X3 M40i,2019,36438,Gasoline,3.0,Automatic,Alpine White,Oyster W/Contrast,None reported,Yes,39998,7,1.0976700787617661,1,0,Moderate
Kia,Sorento LX,2014,46628,Gasoline,2.4,6-Speed Automatic,Snow White Pearl,Beige,None reported,Yes,15363,12,0.3294730746960046,0,0,Old
BMW,Z4 sDrive28i,2015,57550,Gasoline,240.0,6-Speed M/T,Black,White,None reported,Yes,29995,11,0.5211899011311706,1,0,Old
Cadillac,CTS-V Base,2017,48600,Gasoline,640.0,Transmission w/Dual Shift Mode,Black,Black,None reported,Yes,60999,9,1.2550976317359726,0,0,Moderate
Ford,Transit Connect XL,2020,119000,Gasoline,169.0,A/T,White,Black,None reported,Yes,18000,6,0.1512592331156881,0,1,Moderate
Land,Rover Range Rover Velar SVAutobiography Dynamic Edition,2020,36500,Gasoline,550.0,Transmission w/Dual Shift Mode,White,Red,None reported,Yes,72000,6,1.9725486972959645,1,0,Moderate
Lexus,IS 250 Base,2010,121250,Gasoline,204.0,6-Speed A/T,Black,White,At least 1 accident or damage reported,Yes,13250,16,0.10927744925815044,1,1,Old
BMW,X7 xDrive40i,2023,2437,Hybrid,375.0,Transmission w/Dual Shift Mode,Gray,Black,None reported,Yes,78350,3,32.13699753896637,1,0,New
Volvo,XC90 T6 Momentum,2018,110380,Gasoline,316.0,A/T,Gray,Beige,At least 1 accident or damage reported,Yes,22000,8,0.19930966380083528,0,1,Moderate
Hyundai,Tucson Limited,2008,149000,Gasoline,173.0,4-Speed A/T,Black,Gray,None reported,Yes,3850,18,0.02583875276004859,0,1,Old
Dodge,Durango GT,2021,14684,Gasoline,3.6,8-Speed Automatic,DB Black Clearcoat,Black,None reported,Yes,37995,5,2.5873340143003065,0,0,New
Mercedes-Benz,AMG C 43 Base 4MATIC,2017,39000,Gasoline,362.0,9-Speed A/T,White,Black,At least 1 accident or damage reported,Yes,39000,9,0.9999743596318044,1,0,Moderate
GMC,Yukon XL SLT,2019,65212,Gasoline,5.3,Automatic,Summit White,Jet Black,None reported,Yes,42995,7,0.65930105960468,0,0,Moderate
Audi,RS Q8 4.0T,2020,41856,Gasoline,591.0,Transmission w/Dual Shift Mode,Gray,Black,None reported,Yes,91500,6,2.18601428673818,1,0,Moderate
Toyota,RAV4 Hybrid XLE,2019,54000,Hybrid,219.0,CVT Transmission,Gray,Gray,None reported,Yes,33000,7,0.6110997944482509,0,0,Moderate
Alfa,Romeo Stelvio Quadrifoglio,2019,26500,Gasoline,505.0,8-Speed A/T,Gray,Black,None reported,Yes,53900,7,2.033885513754198,0,0,Moderate
Land,Rover Range Rover Evoque SE,2020,38356,Gasoline,2.0,Automatic,Firenze Red Metallic,Ebony,None reported,Yes,36598,6,0.9541413562061684,1,0,Moderate
Alfa,Romeo Stelvio Ti Sport,2020,21487,Gasoline,2.0,8-Speed Automatic,Anodized Blue Metallic,Ice,None reported,Yes,35345,6,1.6448715562174236,0,0,Moderate
Cadillac,Escalade EXT Base,2007,99000,Gasoline,403.0,6-Speed A/T,Black,Black,None reported,Yes,22999,19,0.23231078473954808,0,0,Old
Ford,F-250 Lariat,2019,35597,E85 Flex Fuel,6.2,6-Speed Automatic,Black,Black,None reported,Yes,47756,7,1.3415360413506376,0,0,Moderate
Nissan,350Z Enthusiast,2005,130307,Gasoline,287.0,5-Speed A/T,Blue,Black,None reported,Yes,9950,21,0.07635755287472756,0,1,Very Old
Subaru,Legacy 2.5 i Premium,2010,178000,Gasoline,170.0,A/T,Blue,Black,None reported,Yes,7600,16,0.04269638934612727,0,1,Old
Honda,Civic LX,2003,160265,Gasoline,115.0,A/T,White,Gray,At least 1 accident or damage reported,Yes,3000,23,0.018718879862229046,0,1,Very Old
Maserati,Ghibli S Q4,2016,1000,Gasoline,404.0,Transmission w/Dual Shift Mode,Gray,Red,None reported,Yes,36000,10,35.964035964035965,1,0,Moderate
Jeep,Wagoneer Series II 4x4,2022,29800,Gasoline,5.7,"Automatic, 8-Spd",–,–,None reported,Yes,58900,4,1.9764437434985402,0,0,New
Maserati,Ghibli S Q4,2017,49750,Gasoline,404.0,Transmission w/Dual Shift Mode,White,Red,None reported,Yes,27995,9,0.5627022572410605,1,0,Moderate
Lexus,RX 300 Base,2002,121000,Gasoline,220.0,A/T,Silver,Black,None reported,Yes,6348,24,0.052462376343997155,1,1,Very Old
Lincoln,Aviator Luxury,2005,140000,Gasoline,302.0,A/T,Black,Beige,None reported,Yes,2000,21,0.014285612245626817,0,1,Very Old
Ford,Transit Connect XL,2018,66770,E85 Flex Fuel,169.0,6-Speed A/T,Red,–,None reported,Yes,21500,8,0.3219960761408396,0,0,Moderate
Cadillac,SRX Luxury Collection,2016,61549,Gasoline,3.6,Automatic,Red,Ebony,At least 1 accident or damage reported,Yes,19998,10,0.32490658001624695,0,0,Moderate
Lincoln,MKS EcoBoost,2016,38100,Gasoline,365.0,A/T,Silver,Beige,None reported,Yes,21000,10,0.551166636046298,0,0,Moderate
Toyota,Yaris Base,2010,138071,Gasoline,106.0,5-Speed M/T,Red,Gray,None reported,Yes,5000,16,0.036212990323888986,0,1,Old
Mercedes-Benz,AMG E 63 S 4MATIC,2019,40000,Gasoline,603.0,Transmission w/Dual Shift Mode,Black,Black,At least 1 accident or damage reported,Yes,72000,7,1.7999550011249719,1,0,Moderate
Mercedes-Benz,GLS 450 Base,2022,41545,Hybrid,3.0,Automatic,MANUFAKTUR Diamond White Bright,Macchiato Beige/Black,None reported,Yes,71998,4,1.7329706830982525,1,0,New
Hyundai,Veloster Turbo R-Spec,2014,128000,Gasoline,201.0,6-Speed M/T,Blue,Red,None reported,Yes,11000,12,0.08593682861852642,0,1,Old
Toyota,4Runner Limited,2019,48156,Gasoline,4.0,5-Speed Automatic,Midnight Black Metallic,Sand Beige,None reported,Yes,40368,7,0.8382581971468323,0,0,Moderate
Audi,RS 7 4.0T Performance Prestige,2017,39071,Gasoline,4.0,8-Speed Automatic,White,Black,None reported,Yes,67900,9,1.7378173628173628,1,0,Moderate
Mazda,MX-5 Miata Base,1999,96680,Gasoline,140.0,5-Speed M/T,Green,Beige,At least 1 accident or damage reported,Yes,12900,27,0.13342849163744686,0,0,Very Old
Mercedes-Benz,AMG C 43 Base,2017,53500,Gasoline,362.0,9-Speed A/T,White,Brown,At least 1 accident or damage reported,Yes,33999,9,0.6354834489074971,1,0,Moderate
Chevrolet,Corvette Z06,2007,11025,Gasoline,505.0,6-Speed M/T,Orange,Black,None reported,Yes,47500,19,4.307999274442228,0,0,Old
Ford,F-250 King Ranch,2021,44000,Diesel,475.0,10-Speed A/T,White,Brown,At least 1 accident or damage reported,Yes,73000,5,1.659053203336288,0,0,New
Volkswagen,Tiguan 2.0T SE,2022,11000,Gasoline,184.0,A/T,Blue,White,None reported,Yes,27900,4,2.5361330788110172,0,0,New
BMW,750 Li xDrive,2012,103000,Gasoline,407.0,6-Speed A/T,Black,Black,None reported,Yes,16000,14,0.15533829768643023,1,1,Old
Lexus,GX 460 Base,2018,64000,Gasoline,301.0,6-Speed A/T,Red,Brown,None reported,Yes,37300,8,0.5828033936969735,1,0,Moderate
Audi,Q7 3.0T Premium,2017,108000,Gasoline,333.0,8-Speed A/T,Gray,Brown,None reported,Yes,25999,9,0.24072925250692123,1,1,Moderate
Alfa,Romeo Stelvio Ti Sport,2018,37045,Gasoline,280.0,Transmission w/Dual Shift Mode,White,Red,At least 1 accident or damage reported,Yes,26600,8,0.7180262376504886,0,0,Moderate
Land,Rover Defender X,2023,5433,Hybrid,3.0,Automatic,Santorin Black,Black,None reported,Yes,95998,3,17.666175929333825,1,0,New
BMW,750 i xDrive,2019,28744,Gasoline,4.4,Automatic,Black,Black,None reported,Yes,50998,7,1.7741520264393809,1,0,Moderate
BMW,M3 Base,2015,65800,Gasoline,425.0,Transmission w/Dual Shift Mode,White,Red,None reported,Yes,44950,11,0.6831203173204055,1,0,Old
Audi,e-tron Prestige,2019,33012,Gasoline,355.0,1-Speed A/T,Blue,Beige,None reported,Yes,38000,7,1.1510617029654984,1,0,Moderate
Lexus,IS 250 Base,2011,107818,Gasoline,204.0,6-Speed A/T,Gray,Beige,At least 1 accident or damage reported,Yes,11400,15,0.10573275582225768,1,1,Old
Land,Rover Range Rover Evoque SE Premium,2016,79500,Gasoline,240.0,9-Speed A/T,White,Black,None reported,Yes,19000,10,0.23899070451944002,1,0,Moderate
Lexus,LC 500 Base,2018,37000,Gasoline,471.0,10-Speed A/T,Black,Red,None reported,Yes,63997,8,1.7296019026512797,1,0,Moderate
Kia,EV6 Wind,2022,11945,Gasoline,111.2,Automatic,Glacier,Black,None reported,Yes,38998,4,3.2645236899380548,0,0,New
GMC,Sierra 1500 SLE Crew Cab,2005,131800,Gasoline,295.0,4-Speed A/T,Silver,Gray,At least 1 accident or damage reported,Yes,5800,21,0.0440057359200613,0,1,Very Old
Lexus,ES 350 Base,2008,146000,Gasoline,272.0,A/T,Red,Beige,None reported,Yes,8995,18,0.061609167060499584,1,1,Old
Nissan,370Z NISMO,2010,29000,Gasoline,350.0,M/T,Silver,–,None reported,Yes,29000,16,0.9999655184303989,0,0,Old
Dodge,Ram 1500 Laramie,2004,141209,Gasoline,345.0,A/T,Black,Black,None reported,Yes,5700,22,0.04036541321436159,0,1,Very Old
Ford,Expedition Limited,2016,85253,Gasoline,365.0,A/T,White,Beige,None reported,Yes,19995,10,0.2345344499964811,0,0,Moderate
INFINITI,QX70 Base,2015,87009,Gasoline,325.0,A/T,Gray,Black,None reported,Yes,17800,11,0.20457418687507184,0,0,Old
Lincoln,Navigator Select,2016,158000,Gasoline,380.0,Transmission w/Dual Shift Mode,Red,Beige,None reported,Yes,19780,10,0.1251890810817653,0,1,Moderate
Volvo,V60 Cross Country T5,2020,10500,Gasoline,250.0,8-Speed A/T,White,Black,None reported,Yes,36000,6,3.428244929054376,0,0,Moderate
Audi,A7 3.0T Premium Plus,2018,45843,Gasoline,340.0,A/T,Silver,Black,None reported,Yes,37000,8,0.8070848966058808,1,0,Moderate
Ford,Bronco Sport Outer Banks,2021,15198,Gasoline,1.5,8-Speed Automatic,Blue,Navy Pier,None reported,Yes,31621,5,2.080465820119745,0,0,New
Jaguar,F-TYPE R,2017,58000,Gasoline,550.0,A/T,Black,Black,None reported,Yes,51500,9,0.8879157255909381,1,0,Moderate
Land,Rover Range Rover Evoque R-Dynamic HSE,2020,30424,Hybrid,2.0,Automatic,Silver,Black,None reported,Yes,44998,6,1.4789811010682006,1,0,Moderate
RAM,1500 Laramie,2021,38012,Gasoline,5.7,8-Speed Automatic,Delmonico Red Pearlcoat,Black,None reported,Yes,45277,5,1.1910925209796648,0,0,New
BMW,M760 i xDrive,2021,11078,Gasoline,6.6,"Automatic, 8-Spd Sport w/Sport & Manual Modes",BLACK,WHITE,None reported,Yes,91900,5,8.29497247043957,1,0,New
Lexus,LX 570 Three-Row,2018,50000,Gasoline,383.0,A/T,White,Black,None reported,Yes,65000,8,1.2999740005199896,1,0,Moderate
Land,Rover Range Rover Velar P250 SE R-Dynamic,2019,58000,Gasoline,247.0,A/T,White,Black,None reported,Yes,38000,7,0.6551611179117601,1,0,Moderate
Acura,MDX w/Technology Package,2023,3415,Gasoline,3.5,F,White,Parchment.,None reported,Yes,54998,3,16.100117096018735,0,0,New
Lexus,LC 500 Base,2018,61000,Gasoline,471.0,Transmission w/Dual Shift Mode,Black,Black,None reported,Yes,65000,8,1.065556302355699,1,0,Moderate
Audi,SQ5 3.0T Prestige,2019,48500,Gasoline,349.0,Transmission w/Dual Shift Mode,Gray,Black,At least 1 accident or damage reported,Yes,43500,7,0.8968887239438362,1,0,Moderate
Land,Rover Range Rover Velar P250 SE R-Dynamic,2018,65680,Gasoline,247.0,A/T,Silver,Black,At least 1 accident or damage reported,Yes,34900,8,0.531356099937577,1,0,Moderate
RAM,1500 Limited,2020,44362,Gasoline,5.7,8-Speed Automatic,Bright White Clearcoat,Black,None reported,Yes,50658,6,1.141897527218628,0,0,Moderate
Audi,S4 3.0T Premium,2019,18603,Gasoline,3.0,8-Speed Automatic,Brilliant Black,Black,None reported,Yes,42900,7,2.3059557084497957,1,0,Moderate
Audi,A8 4.0,2020,35999,Hybrid,4.0,Automatic,Mythos Black Metallic,Sarder Brown,None reported,Yes,59598,6,1.6555,1,0,Moderate
Cadillac,Escalade ESV Sport,2021,8044,Gasoline,420.0,Transmission w/Dual Shift Mode,Black,Beige,None reported,Yes,93000,5,11.559975139838409,0,0,New
Mercedes-Benz,AMG GT AMG GT S,2016,9738,Gasoline,503.0,7-Speed A/T,Red,Black,None reported,Yes,85500,10,8.779135434849573,1,0,Moderate
BMW,M3 Base,2009,112000,Gasoline,420.0,Transmission w/Dual Shift Mode,Gray,Black,At least 1 accident or damage reported,Yes,28000,17,0.24999776787707254,1,1,Old
Honda,Accord EX-L,2009,167300,Gasoline,190.0,5-Speed A/T,Silver,Black,None reported,Yes,6250,17,0.03735781615172653,0,1,Old
Cadillac,Escalade Premium,2015,71000,Gasoline,420.0,6-Speed A/T,Black,Brown,At least 1 accident or damage reported,Yes,35999,11,0.5070210278728469,0,0,Old
Acura,RDX Technology Package,2020,31015,Gasoline,2.0,10-Speed Automatic,Silver,Ebony,None reported,Yes,36570,6,1.179068867681197,0,0,Moderate
BMW,X2 xDrive28i,2022,33000,Gasoline,228.0,Transmission w/Dual Shift Mode,Orange,Black,None reported,Yes,29999,4,0.9090330596042544,1,0,New
Buick,Verano Convenience,2013,68325,E85 Flex Fuel,180.0,Transmission w/Dual Shift Mode,Silver,Gray,None reported,Yes,11995,13,0.1755554254602933,0,0,Old
RAM,2500 Tradesman,2021,34365,Gasoline,410.0,8-Speed A/T,Gray,Gray,At least 1 accident or damage reported,Yes,48000,5,1.39672932549613,0,0,New
Mercedes-Benz,Metris Base,2018,32000,Gasoline,208.0,Transmission w/Dual Shift Mode,Black,Black,None reported,Yes,44900,8,1.4030811537139465,1,0,Moderate
Land,Rover Range Rover Evoque S,2020,40237,Gasoline,2.0,Automatic,Carpathian Grey Premium Metallic,Cloud,None reported,Yes,36998,6,0.919479099358815,1,0,Moderate
Volvo,XC90 T6 Inscription,2020,22500,Gasoline,316.0,A/T,Black,White,None reported,Yes,50000,6,2.2221234611795033,0,0,Moderate
Ford,Expedition King Ranch,2020,58700,Gasoline,375.0,10-Speed A/T,Black,Brown,At least 1 accident or damage reported,Yes,48999,6,0.8347217253539122,0,0,Moderate
Ford,Transit-350 Base,2023,195,Gasoline,310.0,10-Speed A/T,Blue,Gray,None reported,Yes,87500,3,446.42857142857144,0,0,New
Chevrolet,Express 3500 LT,2016,120000,Diesel,260.0,6-Speed A/T,White,Gray,None reported,Yes,19500,10,0.16249864584461796,0,1,Moderate
Chevrolet,Bolt EUV Premier,2022,14676,Gasoline,200.0,A/T,Black,Blue,None reported,Yes,33000,4,2.248415888805614,0,0,New
Jeep,Wrangler Unlimited 4xe Sahara,2021,33704,Hybrid,2.0,8-Speed Automatic,Bright White Clearcoat,Black,None reported,Yes,42998,5,1.275715769173713,0,0,New
BMW,X7 xDrive40i,2023,2950,Hybrid,375.0,8-Speed A/T,Black,Brown,None reported,Yes,87000,3,29.481531684174858,1,0,New
Mercedes-Benz,AMG GT 53 Base,2021,17994,Gasoline,3.0,9-Speed Automatic,–,–,None reported,Yes,87500,5,4.86246179494304,1,0,New
Toyota,Tundra Limited,2020,44101,Gasoline,5.7,6-Speed Automatic,Gray,Black,None reported,Yes,45423,6,1.0299532901002222,0,0,Moderate
BMW,X1 xDrive28i,2021,25918,Gasoline,228.0,Transmission w/Dual Shift Mode,Gray,Black,None reported,Yes,32000,5,1.2346155330066746,1,0,New
BMW,135 i,2008,87000,Gasoline,300.0,A/T,White,Beige,None reported,Yes,15300,18,0.17586004758565993,1,0,Old
Mazda,Mazda3 Touring,2018,28333,Gasoline,184.0,Transmission w/Dual Shift Mode,Blue,Black,None reported,Yes,20500,8,0.7235123879438131,0,0,Moderate
Audi,A7 3.0T Premium Plus,2018,29294,Gasoline,340.0,A/T,White,Beige,None reported,Yes,39999,8,1.3653865847414235,1,0,Moderate
Saturn,Sky Red Line,2008,37000,Gasoline,260.0,A/T,Blue,Black,None reported,Yes,14995,18,0.4052593173157482,0,0,Old
BMW,Z4 2.5i Roadster,2005,138000,Gasoline,184.0,5-Speed A/T,White,Beige,None reported,Yes,9950,21,0.07210092680487823,1,1,Very Old
Volvo,XC90 Hybrid T8 Inscription,2020,44487,Plug-In Hybrid,400.0,8-Speed A/T,Blue,Brown,None reported,Yes,65000,6,1.4610681532098544,0,0,Moderate
Acura,TLX A-Spec,2021,16878,Gasoline,2.0,10-Speed Automatic,Red,Ebony,None reported,Yes,38781,5,2.2975887197108835,0,0,New
Acura,MDX w/Technology Package,2022,30177,Gasoline,3.5,2,Majestic Black Pearl,Espresso,None reported,Yes,46598,4,1.5441049771356616,0,0,New
Chevrolet,Tahoe High Country,2021,53000,Gasoline,420.0,10-Speed A/T,Black,Black,At least 1 accident or damage reported,Yes,67100,5,1.2660138487953057,0,0,New
Tesla,Model Y Long Range,2021,61308,Gasoline,425.0,A/T,White,White,None reported,Yes,42000,5,0.6850543965812523,1,0,New
Mercedes-Benz,GLK-Class GLK 350,2013,99200,Gasoline,302.0,A/T,Silver,Black,None reported,Yes,11495,13,0.11587584802572555,1,0,Old
Chevrolet,Traverse LS,2022,32117,Gasoline,3.6,Automatic,Northsky Blue Metallic,Jet Black,None reported,Yes,33299,4,1.0367706581978953,0,0,New
BMW,550 Gran Turismo i,2013,79341,Gasoline,445.0,A/T,Gold,Brown,None reported,Yes,16800,13,0.21174157444985,1,0,Old
BMW,430 i xDrive,2021,16900,Gasoline,255.0,8-Speed A/T,Blue,White,None reported,Yes,43000,5,2.5442281521803443,1,0,New
Porsche,Cayman Base,2007,75137,Gasoline,245.0,M/T,Black,Gray,At least 1 accident or damage reported,Yes,24999,19,0.3327078176155873,1,0,Old
Ford,Expedition Max King Ranch,2021,37594,Gasoline,3.5,10-Speed Automatic,Black,Mesa,None reported,Yes,62595,5,1.664982045484772,0,0,New
Mercedes-Benz,GLC 300 GLC 300,2021,12771,Gasoline,2.0,Automatic,Black,–,None reported,Yes,42598,5,3.3352646414030693,1,0,New
Ford,Mustang Shelby GT500,2012,6400,Gasoline,550.0,6-Speed M/T,Silver,Black,None reported,Yes,48000,14,7.498828308076863,0,0,Old
Tesla,Model Y Long Range,2021,69548,Gasoline,425.0,1-Speed A/T,Black,Black,At least 1 accident or damage reported,Yes,36300,5,0.5219341759047578,1,0,New
Nissan,370Z Base,2009,79893,Gasoline,332.0,7-Speed A/T,Silver,Black,None reported,Yes,15900,17,0.19901369314341502,0,0,Old
Toyota,Sequoia Platinum,2014,124838,Gasoline,381.0,A/T,Black,Gray,None reported,Yes,33000,12,0.26434047052603754,0,1,Old
Nissan,NV Passenger NV3500 HD SL V8,2020,14353,Gasoline,375.0,A/T,Black,Gray,None reported,Yes,63900,6,4.451720774696948,0,0,Moderate
Ford,Transit Connect XL w/Rear Symmetrical Doors,2022,22985,Gasoline,169.0,A/T,White,Gray,None reported,Yes,33500,4,1.4574088575654747,0,0,New
INFINITI,QX80 Base,2014,161894,Gasoline,400.0,7-Speed A/T,White,Beige,None reported,Yes,18900,12,0.11674233299360696,0,1,Old
Aston,Martin V8 Vantage Base,2008,25025,Gasoline,380.0,6-Speed A/T,White,Black,At least 1 accident or damage reported,Yes,39000,18,1.5583792855430352,0,0,Old
Lotus,Evora 400 Base,2017,19650,Gasoline,400.0,6-Speed M/T,Silver,Red,None reported,Yes,69250,9,3.523993689888555,0,0,Moderate
Land,Rover Range Rover Velar P250 S R-Dynamic,2020,29500,Gasoline,247.0,A/T,Red,White,None reported,Yes,45000,6,1.525372021287414,1,0,Moderate
Nissan,Xterra S,2007,132272,Gasoline,261.0,M/T,Gray,Gray,At least 1 accident or damage reported,Yes,6700,19,0.05065281652340236,0,1,Old
Dodge,Charger R/T,2012,122000,Gasoline,370.0,5-Speed A/T,White,Black,At least 1 accident or damage reported,Yes,13500,14,0.11065483069810904,0,1,Old
Buick,Encore GX Essence,2022,18185,Gasoline,1.3,Automatic CVT,Summit White,Whisper Beige,None reported,Yes,31755,4,1.7461233916199275,0,0,New
Nissan,Leaf S,2018,56450,Gasoline,147.0,A/T,Black,Black,At least 1 accident or damage reported,Yes,13999,8,0.2479849781226196,0,0,Moderate
Nissan,Leaf SL,2012,102000,Gasoline,107.0,1-Speed A/T,Silver,Gray,None reported,Yes,4200,14,0.04117606690130489,0,1,Old
Jeep,Grand Wagoneer Series III,2022,18428,Gasoline,6.4,Automatic,Baltic Gray,Black,None reported,Yes,83998,4,4.557925009495904,0,0,New
Nissan,Z Proto Spec,2023,535,Gasoline,400.0,6-Speed M/T,Yellow,Black,None reported,Yes,65990,3,123.11567164179104,0,0,New
Land,Rover Range Rover Sport HSE,2013,81648,Gasoline,5.0,"Auto, 6-Spd w/CmdShft",Fuji White,–,None reported,Yes,15900,13,0.19473600411517594,1,0,Old
Porsche,Boxster S,2003,138202,Gasoline,3.2,6-Speed Manual,Silver,Black,At least 1 accident or damage reported,Yes,22550,23,0.1631657778774701,1,1,Very Old
Bentley,Continental GT Base,2004,69600,Gasoline,550.0,A/T,Silver,Black,None reported,Yes,37900,22,0.5445324061435899,1,0,Very Old
Jaguar,F-TYPE R,2018,39900,Gasoline,550.0,8-Speed A/T,White,Black,None reported,Yes,53600,8,1.3433247287035412,1,0,Moderate
Cadillac,Escalade ESV Sport,2021,36500,Gasoline,420.0,Transmission w/Dual Shift Mode,White,Black,None reported,Yes,85000,5,2.3287033231966245,0,0,New
Audi,TT 2.0T,2018,42650,Gasoline,220.0,Transmission w/Dual Shift Mode,Gray,Black,None reported,Yes,31990,8,0.7500410306909568,1,0,Moderate
Jeep,Wrangler Unlimited Sahara,2020,68816,Gasoline,2.0,8-Speed Automatic,Black Clearcoat,Black,None reported,Yes,35297,6,0.5129110539546914,0,0,Moderate
Audi,S6 4.0T,2016,91188,Gasoline,450.0,7-Speed A/T,Black,Black,None reported,Yes,29995,10,0.32893221770169645,1,0,Moderate
GMC,Sierra 2500 SLE,2015,116210,E85 Flex Fuel,360.0,Transmission Overdrive Switch,Black,Beige,None reported,Yes,31900,11,0.2745006927055098,0,1,Old
Mazda,CX-90 Premium,2024,3880,Gasoline,2.5,8-Speed Automatic,Machine Gray Metallic,Black,None reported,Yes,52991,2,13.65395516619428,0,0,New
Ford,C-Max Energi SE,2017,67482,Plug-In Hybrid,188.0,CVT Transmission,Gray,Black,At least 1 accident or damage reported,Yes,11499,9,0.17039847072596062,0,0,Moderate
Cadillac,Escalade ESV Platinum,2018,67726,Gasoline,420.0,10-Speed A/T,Black,Black,None reported,Yes,52000,8,0.7677883266644027,0,0,Moderate
Hyundai,Santa Fe SE,2021,35550,Gasoline,2.5,8-Speed Automatic,Twilight Black,Black,At least 1 accident or damage reported,Yes,25987,5,0.7309780315602936,0,0,New
Mercedes-Benz,AMG GLE AMG GLE 63 S-Model 4MATIC,2016,44000,Gasoline,577.0,7-Speed A/T,Black,Black,None reported,Yes,46599,10,1.0590441126338037,1,0,Moderate
Mercedes-Benz,SL-Class SL 550,2015,11249,Gasoline,429.0,7-Speed A/T,White,Beige,None reported,Yes,54500,11,4.844444444444444,1,0,Old
Acura,MDX 3.5L Technology Package,2014,111650,Gasoline,290.0,6-Speed A/T,Green,Beige,At least 1 accident or damage reported,Yes,17500,12,0.1567384080751628,0,1,Old
RAM,2500 Laramie,2019,18526,Diesel,6.7,6-Speed Automatic,Pearl White,Black,None reported,Yes,67999,7,3.6702650186214716,0,0,Moderate
Audi,A7 Premium,2012,103272,Gasoline,310.0,8-Speed A/T,Black,Brown,None reported,Yes,15500,14,0.15008763181083148,1,1,Old
BMW,M2 Base,2023,1160,Gasoline,453.0,6-Speed M/T,Gray,Black,None reported,Yes,73600,3,63.39362618432386,1,0,New
RAM,1500 Laramie,2019,107714,Gasoline,5.7,8-Speed Automatic,Diamond Black,Black,None reported,Yes,34918,7,0.32417026412291694,0,1,Moderate
Audi,Q5 2.0T Premium Plus,2013,111773,Gasoline,211.0,8-Speed A/T,Brown,Beige,None reported,Yes,17000,13,0.15209261545618838,1,1,Old
Cadillac,XTS Luxury,2019,54002,Gasoline,304.0,A/T,Black,Beige,At least 1 accident or damage reported,Yes,22500,7,0.4166435198044553,0,0,Moderate
Volkswagen,Jetta 1.4T SE,2016,87000,Gasoline,150.0,Transmission w/Dual Shift Mode,Gray,Gray,At least 1 accident or damage reported,Yes,13000,10,0.14942356984402477,0,0,Moderate
Ford,Focus RS Base,2016,49700,Gasoline,350.0,6-Speed M/T,Blue,Black,None reported,Yes,31700,10,0.6378141284883604,0,0,Moderate
Mercedes-Benz,AMG C 63 S,2017,34500,Gasoline,503.0,7-Speed A/T,Gray,Black,None reported,Yes,64600,9,1.8724094953769457,1,0,Moderate
Ford,Bronco Sport Big Bend,2021,31729,Gasoline,1.5,8-Speed Automatic,Maroon,Medium Dark Slate,At least 1 accident or damage reported,Yes,29614,5,0.9333123227229752,0,0,New
Jeep,Gladiator Overland,2021,7388,Gasoline,3.6,8-Speed Automatic,Firecracker Red Clearcoat,Black,None reported,Yes,43663,5,5.909189335498715,0,0,New
BMW,330e iPerformance,2017,41550,Plug-In Hybrid,247.0,Transmission w/Dual Shift Mode,Silver,Black,None reported,Yes,20995,9,0.5052826646771438,1,0,Moderate
Mercedes-Benz,GLC 300 Base 4MATIC,2018,44486,Gasoline,2.0,9-Speed Automatic,Gray,Black,None reported,Yes,25625,8,0.5760109694967069,1,0,Moderate
Acura,MDX 3.7L Advance,2013,20750,Gasoline,300.0,6-Speed A/T,Black,Black,None reported,Yes,33000,13,1.5902848055515397,0,0,Old
Genesis,G70 3.3T,2022,12000,Gasoline,365.0,8-Speed A/T,Green,Beige,None reported,Yes,41000,4,3.4163819681693193,0,0,New
Lexus,LX 570 Three-Row,2021,14206,Gasoline,383.0,A/T,Black,Black,None reported,Yes,98000,5,6.898008024213416,1,0,New
Jeep,Grand Cherokee L Limited,2022,31700,Gasoline,293.0,A/T,Gray,Black,None reported,Yes,43500,4,1.3721964606794739,0,0,New
Hyundai,IONIQ Plug-In Hybrid SEL,2022,13044,Plug-In Hybrid,139.0,A/T,Blue,Gray,At least 1 accident or damage reported,Yes,24999,4,1.9163664239172096,0,0,New
Kia,Sportage LX,2009,100730,Gasoline,173.0,A/T,Gold,Gold,None reported,Yes,6975,17,0.06924382762009709,0,1,Old
BMW,X5 PHEV xDrive45e,2023,5338,Plug-In Hybrid,389.0,8-Speed A/T,Blue,White,None reported,Yes,76500,3,14.328525941187488,1,0,New
Ford,Expedition EL XLT,2014,85149,Gasoline,5.4,Automatic,Oxford White,Camel Leather,None reported,Yes,23598,12,0.27713446858485025,0,0,Old
BMW,X6 M Base,2018,48291,Gasoline,567.0,Transmission w/Dual Shift Mode,Gray,Brown,None reported,Yes,67250,8,1.3925701979623955,1,0,Moderate
Volkswagen,Eurovan MV,2001,111887,Gasoline,140.0,A/T,Blue,Gray,None reported,Yes,14000,25,0.12512512512512514,0,1,Very Old
Rolls-Royce,Ghost Base,2010,79000,Gasoline,563.0,8-Speed A/T,Silver,Black,None reported,Yes,69000,16,0.8734066657384084,0,0,Old
Lincoln,Navigator Reserve,2016,125000,Gasoline,380.0,Transmission w/Dual Shift Mode,Gray,Beige,None reported,Yes,26500,10,0.2119983040135679,0,1,Moderate
Mercedes-Benz,GLA 250 Base 4MATIC,2022,13777,Gasoline,221.0,8-Speed A/T,Black,Black,At least 1 accident or damage reported,Yes,39777,4,2.886993758165191,1,0,New
RAM,1500 Big Horn,2022,14920,Gasoline,3.6,Automatic,Diamond Black,Black,None reported,Yes,41741,4,2.7974666577307152,0,0,New
Jeep,Grand Cherokee L Summit,2022,14627,Gasoline,3.6,Automatic,Diamond Black,Tupelo,None reported,Yes,56740,4,3.8788624555646707,0,0,New
Volvo,S80 3.2,2010,90050,Gasoline,235.0,A/T,Brown,Beige,None reported,Yes,5800,16,0.06440794660803323,0,0,Old
Subaru,BRZ Premium,2014,45000,Gasoline,200.0,6-Speed M/T,Blue,Black,At least 1 accident or damage reported,Yes,25000,12,0.5555432101508856,0,0,Old
Chevrolet,Corvette Base,1998,7666,Gasoline,340.0,4-Speed A/T,Red,Black,None reported,Yes,39500,28,5.151949915221078,0,0,Very Old
Hummer,H2 SUT,2006,89900,Gasoline,325.0,4-Speed A/T,Red,Beige,None reported,Yes,29994,20,0.3336336636967331,0,0,Old
Ford,Edge Sport,2011,132000,Gasoline,305.0,Transmission w/Dual Shift Mode,Black,Black,At least 1 accident or damage reported,Yes,10999,15,0.08332512632480057,0,1,Old
GMC,Terrain SLT,2010,32652,Gasoline,182.0,6-Speed A/T,Red,Brown,None reported,Yes,6500,16,0.19906287324288732,0,0,Old
Land,Rover Range Rover 5.0L Supercharged Autobiography LWB,2018,36632,Gasoline,518.0,8-Speed A/T,Blue,Blue,None reported,Yes,72567,8,1.9809188436655474,1,0,Moderate
Jeep,Grand Cherokee WK Laredo X,2022,11164,Gasoline,293.0,8-Speed A/T,Black,Black,None reported,Yes,37500,4,3.3587102552619794,0,0,New
BMW,M4 Base,2020,22655,Gasoline,425.0,7-Speed A/T,Silver,Black,None reported,Yes,63999,6,2.824814618644068,1,0,Moderate
Chevrolet,Camaro 1LT,2021,10300,Gasoline,335.0,M/T,Black,Black,None reported,Yes,29900,5,2.902630812542472,0,0,New
BMW,X6 M Base,2018,48000,Gasoline,567.0,8-Speed A/T,Blue,Black,None reported,Yes,54000,8,1.124976562988271,1,0,Moderate
Mercedes-Benz,CLK-Class 550,2007,138000,Gasoline,382.0,7-Speed A/T,Silver,Black,At least 1 accident or damage reported,Yes,10000,19,0.07246324301997811,1,1,Old
RAM,1500 TRX,2022,24058,Gasoline,6.2,"Automatic, 8-Spd",Flame Red Clearcoat,BLACK,None reported,Yes,81900,4,3.4041315100378235,0,0,New
Audi,RS 7 4.0T Prestige,2016,31500,Gasoline,560.0,8-Speed A/T,Gray,Black,None reported,Yes,67000,10,2.1269166058220375,1,0,Moderate
Porsche,Macan S,2020,19701,Gasoline,3.0,Automatic,–,–,None reported,Yes,55998,6,2.8422495178154503,1,0,Moderate
Genesis,GV70 3.5T Sport,2022,10200,Gasoline,375.0,A/T,White,Black,None reported,Yes,50500,4,4.9504950495049505,0,0,New
Aston,Martin V8 Vantage Base,2008,62378,Gasoline,380.0,M/T,Red,Beige,At least 1 accident or damage reported,Yes,33995,18,0.5449750717388865,0,0,Old
Nissan,350Z Touring,2006,84200,Gasoline,300.0,6-Speed M/T,Silver,Gray,None reported,Yes,10200,20,0.12113870381586916,0,0,Old
Toyota,Sequoia SR5,2013,138700,E85 Flex Fuel,381.0,A/T,White,Gray,At least 1 accident or damage reported,Yes,18800,13,0.13554336306154965,0,1,Old
Chevrolet,Tahoe Premier,2021,41050,Gasoline,355.0,10-Speed A/T,Gray,Gray,None reported,Yes,62900,5,1.532240383912694,0,0,New
Jeep,Compass Limited,2020,39192,Gasoline,2.4,9-Speed Automatic,White Clearcoat,Black,None reported,Yes,24590,6,0.627407955502258,0,0,Moderate
BMW,430 430i,2022,7758,Gasoline,2.0,Automatic,Black,Black,None reported,Yes,47998,4,6.186106457017657,1,0,New
Ford,Bronco Sport Outer Banks,2021,31654,Gasoline,1.5,8-Speed Automatic,Rapid Red Metallic Tinted Clearcoat,Navy Pier,None reported,Yes,33410,5,1.055441478439425,0,0,New
Mercedes-Benz,AMG C 63 Base,2017,63000,Gasoline,469.0,A/T,White,Black,At least 1 accident or damage reported,Yes,42000,9,0.6666560848240504,1,0,Moderate
Mercedes-Benz,GLE 350 Base 4MATIC,2017,57000,Gasoline,302.0,7-Speed A/T,White,Black,At least 1 accident or damage reported,Yes,29500,9,0.5175347800915774,1,0,Moderate
Chevrolet,Silverado 1500 1LT,2017,89000,Gasoline,355.0,6-Speed A/T,Gray,Gray,None reported,Yes,29999,9,0.3370636284985562,0,0,Moderate
Chevrolet,Tahoe LTZ,2015,134500,Gasoline,355.0,A/T,Black,Black,None reported,Yes,28000,11,0.20817689087813473,0,1,Old
Acura,MDX Technology,2022,15895,Gasoline,3.5,10-Speed Automatic,Majestic Black Pearl,Parchment,None reported,Yes,47950,4,3.016482133870156,0,0,New
Genesis,GV70 2.5T,2022,20319,Gasoline,300.0,Transmission w/Dual Shift Mode,White,Black,None reported,Yes,44249,4,2.1776082677165354,0,0,New
Pontiac,Firebird Base,1999,158000,Gasoline,200.0,4-Speed A/T,White,Black,At least 1 accident or damage reported,Yes,2500,27,0.015822684666552744,0,1,Very Old
Lexus,GX 460 Base,2021,40906,Gasoline,4.6,Automatic,Black,Black,None reported,Yes,51998,5,1.271127190945315,1,0,New
BMW,ALPINA B7 ALPINA B7 xDrive,2020,33749,Gasoline,4.4,Automatic,Blue,Red,None reported,Yes,85998,6,2.548088888888889,1,0,Moderate
BMW,M4 Competition xDrive,2023,1120,Gasoline,503.0,8-Speed A/T,Gray,White,None reported,Yes,92900,3,82.87243532560214,1,0,New
Jeep,Grand Cherokee L Limited,2021,26088,Gasoline,3.6,8-Speed Automatic,Silver Zynith,Global Black,None reported,Yes,38383,5,1.4712330867415386,0,0,New
Kia,Forte GT-Line,2022,14950,Gasoline,147.0,A/T,Silver,Gray,At least 1 accident or damage reported,Yes,24000,4,1.6052437964015784,0,0,New
Kia,Forte LX,2018,47466,Gasoline,2.0,Automatic,Silky Silver,Black,None reported,Yes,14699,8,0.30966776918701416,0,0,Moderate
BMW,X6 M Base,2022,10376,Gasoline,4.4,8-Speed Automatic,Ametrin Metallic,Black,None reported,Yes,98900,4,9.530692878481256,1,0,New
RAM,ProMaster 3500 High Roof,2021,18500,Gasoline,280.0,A/T,White,Black,None reported,Yes,41950,5,2.267445002972812,0,0,New
Volkswagen,Atlas Cross Sport 3.6L V6 SEL Premium,2021,24596,Gasoline,3.6,8-Speed Automatic,Deep Black Pearl Effect,Titan Black / Quarzit,None reported,Yes,38322,5,1.5579948774240762,0,0,New
Hyundai,Santa Fe SEL,2021,2905,Gasoline,2.5,8-Speed Automatic,Shimmering Silver,Black,None reported,Yes,27599,5,9.497247075017206,0,0,New
Jaguar,XF 3.0 Portfolio,2015,71290,Gasoline,340.0,A/T,Brown,Black,At least 1 accident or damage reported,Yes,21000,11,0.29456733669046586,1,0,Old
Audi,A7 55 Premium Plus,2022,15000,Hybrid,335.0,A/T,Gray,Black,None reported,Yes,63000,4,4.199720018665422,1,0,New
INFINITI,QX30 Premium,2017,37900,Gasoline,208.0,7-Speed A/T,Gray,Black,None reported,Yes,22000,9,0.5804596184797235,0,0,Moderate
Mercedes-Benz,AMG C 43 AMG C 43 4MATIC,2019,32500,Gasoline,385.0,9-Speed A/T,Black,Black,None reported,Yes,43500,7,1.3384203562967294,1,0,Moderate
Mitsubishi,Lancer Evolution Base,2003,61491,Gasoline,271.0,5-Speed M/T,Blue,Black,At least 1 accident or damage reported,Yes,28000,23,0.4553437845573408,0,0,Very Old
Jeep,Wrangler Unlimited Sport,2013,77634,Gasoline,3.6,5-Speed Automatic,Gecko Pearlcoat,Black,None reported,Yes,24590,13,0.3167385844013654,0,0,Old
Audi,A3 2.0 TDI Premium Plus,2015,83000,Diesel,150.0,6-Speed A/T,Black,Black,At least 1 accident or damage reported,Yes,18999,11,0.22890085661618534,1,0,Old
Volkswagen,Jetta GLX VR6,2002,121800,Gasoline,174.0,5-Speed M/T,Black,Black,None reported,Yes,4300,24,0.035303486835083456,0,1,Very Old
BMW,ALPINA B7 ALPINA B7 xDrive,2020,65852,Gasoline,4.4,Automatic,Black,Mocha,None reported,Yes,68998,6,1.0477578849862572,1,0,Moderate
Mercedes-Benz,CLA-Class CLA 250,2014,83315,Gasoline,208.0,A/T,White,White,None reported,Yes,15000,12,0.18003744778914013,1,0,Old
BMW,i8 Base,2019,18421,Plug-In Hybrid,369.0,6-Speed A/T,Black,Black,None reported,Yes,85000,7,4.614048420366952,1,0,Moderate
Lexus,CT 200h Premium,2015,101000,Hybrid,134.0,A/T,Black,Black,At least 1 accident or damage reported,Yes,16500,11,0.16336471916119644,1,1,Old
Toyota,Tundra SR5,2022,29322,Gasoline,3.4,10-Speed Automatic,Gray,Black,None reported,Yes,44999,4,1.5345974149984654,0,0,New
Mercedes-Benz,SLC 300 Base,2019,23900,Gasoline,241.0,9-Speed A/T,White,Black,None reported,Yes,35999,7,1.5061712899041881,1,0,Moderate
Mercedes-Benz,AMG C AMG C 63 S,2016,40515,Gasoline,4.0,7-Speed Automatic,Black,Black,At least 1 accident or damage reported,Yes,47999,10,1.1846924671734624,1,0,Moderate
Ford,F-150 XLT,2020,67516,Gasoline,3.5,Automatic,Gray,Medium Light Camel,None reported,Yes,36994,6,0.5479212642741828,0,0,Moderate
Mazda,CX-9 Grand Touring,2010,155000,Gasoline,273.0,6-Speed A/T,Silver,Black,None reported,Yes,8300,16,0.0535480416255379,0,1,Old
Honda,Ridgeline RTL-E,2019,26998,Gasoline,3.5,6-Speed Automatic,Black,Black,None reported,Yes,35557,7,1.316974702766769,0,0,Moderate
MINI,Cooper S Clubman Base,2009,137600,Gasoline,172.0,6-Speed M/T,Gold,Black,None reported,Yes,6880,17,0.049999636630547746,0,1,Old
Nissan,Murano SL,2005,125500,Gasoline,245.0,CVT Transmission,Black,Beige,None reported,Yes,3950,21,0.031473852797985674,0,1,Very Old
Nissan,Juke SV,2011,137483,Gasoline,188.0,CVT Transmission,White,Gray,None reported,Yes,3200,15,0.023275435687061766,0,1,Old
Ford,Expedition Max Limited,2019,67500,Gasoline,375.0,10-Speed A/T,Gray,Black,None reported,Yes,40500,7,0.5999911112427964,0,0,Moderate
Ford,Expedition Max King Ranch,2020,52000,Gasoline,375.0,10-Speed A/T,Gray,Brown,At least 1 accident or damage reported,Yes,53722,6,1.0330955173938963,0,0,Moderate
Chevrolet,Suburban LT,2017,195361,Gasoline,355.0,Transmission Overdrive Switch,Black,Black,At least 1 accident or damage reported,Yes,26000,9,0.13308627061557518,0,1,Moderate
BMW,M760 i xDrive,2019,14806,Gasoline,601.0,Transmission w/Dual Shift Mode,Black,Black,At least 1 accident or damage reported,Yes,81330,7,5.49267238468292,1,0,Moderate
Genesis,GV70 2.5T,2022,11000,Gasoline,300.0,A/T,White,–,At least 1 accident or damage reported,Yes,48950,4,4.449595491318971,0,0,New
Chevrolet,Tahoe LT,2011,92530,E85 Flex Fuel,320.0,A/T,Red,Black,At least 1 accident or damage reported,Yes,18500,15,0.19993299542855908,0,0,Old
Dodge,Durango GT,2017,34845,Gasoline,295.0,A/T,White,Black,At least 1 accident or damage reported,Yes,30000,9,0.8609309533375423,0,0,Moderate
Porsche,718 Cayman GTS,2018,16280,Gasoline,365.0,Transmission w/Dual Shift Mode,Red,Black,None reported,Yes,85500,8,5.251520176893311,1,0,Moderate
Porsche,Cayman Base,2011,77000,Gasoline,265.0,A/T,Red,Beige,None reported,Yes,32000,15,0.4155790184543058,1,0,Old
Porsche,Panamera Turbo,2010,63000,Gasoline,500.0,7-Speed A/T,Black,Beige,At least 1 accident or damage reported,Yes,38500,16,0.6111014110887129,1,0,Old
Lexus,ES 350 Base,2016,39700,Gasoline,268.0,6-Speed A/T,White,Beige,None reported,Yes,25500,10,0.6423012014810711,1,0,Moderate
Kia,Optima Hybrid LX,2013,103111,Hybrid,199.0,A/T,Silver,Beige,At least 1 accident or damage reported,Yes,9200,13,0.08922336876406238,0,1,Old
Land,Rover Range Rover Velar R-Dynamic SE,2019,75897,Gasoline,2.0,Automatic,Black,Black,None reported,Yes,35998,7,0.4742944478115365,1,0,Moderate
Jaguar,XF S,2017,55000,Gasoline,380.0,Transmission w/Dual Shift Mode,Gray,Red,None reported,Yes,34000,9,0.6181705787167506,1,0,Moderate
Lexus,GX 470 Base,2005,114000,Gasoline,270.0,A/T,Silver,Gray,At least 1 accident or damage reported,Yes,13450,21,0.11798142121560337,1,1,Very Old
Mercedes-Benz,GL-Class GL 550,2011,80124,Gasoline,382.0,7-Speed A/T,Black,Black,None reported,Yes,17500,15,0.21840873634945399,1,0,Old
RAM,1500 Longhorn,2023,4285,Gasoline,5.7,Automatic,Delmonico Red Pearlcoat,Black / Saddle,None reported,Yes,65688,3,15.326178254783015,0,0,New
Toyota,Highlander Hybrid Limited Platinum,2017,34049,Hybrid,3.5,Automatic CVT,Shoreline Blue Pearl,Ash,None reported,Yes,37999,9,1.1159765051395008,0,0,Moderate
Audi,e-tron Prestige,2019,16000,Gasoline,355.0,A/T,White,Beige,At least 1 accident or damage reported,Yes,39990,7,2.4992187988250736,1,0,Moderate
GMC,Suburban 2500,1996,95000,Gasoline,290.0,4-Speed A/T,White,Gray,None reported,Yes,25000,30,0.2631551246828981,0,0,Very Old
Land,Rover Range Rover Velar SVAutobiography Dynamic Edition,2020,59355,Gasoline,8.0,Automatic,Santorini Black,Ebony / Pimento,None reported,Yes,72995,6,1.229783004245569,1,0,Moderate
Chevrolet,Bolt EUV Premier,2022,31000,Gasoline,200.0,1-Speed A/T,Red,White,None reported,Yes,36000,4,1.1612528628108771,0,0,New
BMW,M240 i,2019,19300,Gasoline,335.0,8-Speed A/T,White,Red,None reported,Yes,36000,7,1.8651883322107663,1,0,Moderate
Cadillac,Escalade EXT Base,2009,155000,E85 Flex Fuel,403.0,6-Speed A/T,Red,Beige,At least 1 accident or damage reported,Yes,16900,17,0.10903155463513138,0,1,Old
Scion,tC Release Series 6.0,2010,120010,Gasoline,161.0,4-Speed A/T,Gray,Black,At least 1 accident or damage reported,Yes,6500,16,0.054161701843997635,0,1,Old
Kia,Optima EX,2012,152520,Gasoline,200.0,6-Speed A/T,White,Beige,None reported,Yes,10900,14,0.0714655686757889,0,1,Old
Porsche,Panamera Turbo,2015,47000,Gasoline,520.0,Transmission w/Dual Shift Mode,Black,Brown,None reported,Yes,50000,11,1.063807153039297,1,0,Old
Genesis,G70 2.0T,2023,2046,Gasoline,252.0,8-Speed A/T,Green,Gray,None reported,Yes,43499,3,21.250122129946263,0,0,New
Chevrolet,Trailblazer LS,2021,24965,Gasoline,1.2,Automatic CVT,Mosaic Black Metallic,Jet Black,At least 1 accident or damage reported,Yes,22995,5,0.9210526315789473,0,0,New
Toyota,Camry LE,2005,108000,Gasoline,160.0,5-Speed A/T,Beige,Gray,None reported,Yes,7850,21,0.07268451218044278,0,1,Very Old
Toyota,Sienna LE,2015,76000,Gasoline,266.0,A/T,Red,Gray,None reported,Yes,18300,11,0.24078630544334942,0,0,Old
Porsche,911 Carrera S,2014,30000,Gasoline,400.0,7-Speed A/T,Black,Brown,None reported,Yes,78500,12,2.616579447351755,1,0,Old
Volvo,V60 T6 R-Design Platinum,2015,59271,Gasoline,325.0,6-Speed A/T,Blue,Black,None reported,Yes,29900,11,0.5044540423808881,0,0,Old
BMW,330e iPerformance,2017,52500,Plug-In Hybrid,247.0,Transmission w/Dual Shift Mode,Blue,Black,At least 1 accident or damage reported,Yes,24950,9,0.47522904325631893,1,0,Moderate
Tesla,Model Y Long Range,2020,23100,Gasoline,425.0,A/T,Blue,White,None reported,Yes,36495,6,1.5798017401844076,1,0,Moderate
FIAT,124 Spider Abarth,2017,45000,Gasoline,164.0,6-Speed M/T,Gray,Black,At least 1 accident or damage reported,Yes,22500,9,0.499988889135797,0,0,Moderate
Dodge,Ram 1500 Quad Cab,2002,179000,Gasoline,245.0,A/T,Black,Black,At least 1 accident or damage reported,Yes,6500,24,0.036312646298065375,0,1,Very Old
Toyota,Supra A91-MT Edition,2023,1500,Gasoline,382.0,6-Speed M/T,Gray,Orange,None reported,Yes,84900,3,56.562291805463026,0,0,New
BMW,X7 xDrive40i,2022,38671,Hybrid,3.0,Automatic,Gray,Blk,None reported,Yes,66998,4,1.7324679354571784,1,0,New
Jeep,Wrangler Unlimited X,2007,135465,Gasoline,205.0,A/T,Black,Gray,None reported,Yes,15750,19,0.11626533595145645,0,1,Old
MINI,Countryman Cooper S ALL4,2014,79000,Gasoline,181.0,Transmission w/Dual Shift Mode,White,Black,None reported,Yes,17000,12,0.2151871495297528,0,0,Old
Nissan,Maxima SV,2012,42259,Gasoline,290.0,CVT Transmission,Black,Black,At least 1 accident or damage reported,Yes,17000,14,0.4022716516800757,0,0,Old
Toyota,Camry Solara SLE V6,2006,159890,Gasoline,225.0,A/T,Blue,Gray,At least 1 accident or damage reported,Yes,6500,20,0.040652694648229105,0,1,Old
Maserati,Grecale Modena,2023,2200,Hybrid,325.0,Transmission w/Dual Shift Mode,Black,Red,None reported,Yes,75000,3,34.075420263516584,1,0,New
Lexus,RX 450h Base,2022,15833,Hybrid,308.0,CVT Transmission,White,Beige,None reported,Yes,52000,4,3.284072249589491,1,0,New
BMW,328 i xDrive,2013,96000,Gasoline,240.0,Transmission w/Dual Shift Mode,Black,Black,At least 1 accident or damage reported,Yes,13500,13,0.14062353517150863,1,0,Old
BMW,135 i,2009,72900,Gasoline,300.0,6-Speed A/T,Gray,Gray,None reported,Yes,15500,17,0.212617110876394,1,0,Old
BMW,X7 M50i,2021,7121,Gasoline,4.4,Automatic,Gray,Black,None reported,Yes,94998,5,13.338668913226622,1,0,New
Hyundai,Tucson Hybrid SEL Convenience,2023,3402,Hybrid,226.0,A/T,White,Black,None reported,Yes,44000,3,12.929767851895386,0,0,New
Volvo,C30 T5 Premier Plus,2013,73000,Gasoline,227.0,A/T,Silver,Black,None reported,Yes,13900,13,0.19040835057054012,0,0,Old
Karma,Revero Base,2018,21000,Gasoline,403.0,A/T,White,Black,None reported,Yes,51000,8,2.428455787819628,0,0,Moderate
BMW,X7 xDrive40i,2021,30309,Hybrid,3.0,Automatic,Blue,Tan,None reported,Yes,63598,5,2.098251402177499,1,0,New
Ford,Mustang Mach-E California Route 1,2021,24000,Gasoline,290.0,1-Speed A/T,White,Black,None reported,Yes,38000,5,1.5832673638598391,0,0,New
BMW,740 i,2016,73000,Gasoline,320.0,Transmission w/Dual Shift Mode,Black,Black,None reported,Yes,23999,10,0.32874892124765415,1,0,Moderate
Ford,Edge SEL,2019,26465,Gasoline,2.0,8-Speed Automatic,White Platinum Tri-Coat Metallic,Ebony,None reported,Yes,24998,7,0.9445326078742537,0,0,Moderate
Volkswagen,Arteon 2.0T SEL Premium R-Line,2020,26870,Gasoline,2.0,8-Speed Automatic,Deep Black Pearl Effect,Mistral Gray / Raven,At least 1 accident or damage reported,Yes,34645,6,1.2893081761006289,0,0,Moderate
Honda,Pilot EX,2004,184000,Gasoline,240.0,A/T,Blue,Gray,At least 1 accident or damage reported,Yes,10500,22,0.057064907255938824,0,1,Very Old
RAM,2500 Tradesman,2022,1300,Gasoline,410.0,8-Speed A/T,Red,Black,None reported,Yes,48000,4,36.89469638739431,0,0,New
Jeep,Grand Cherokee Limited,2018,49924,Gasoline,293.0,8-Speed A/T,White,Black,None reported,Yes,26500,8,0.5307961942914372,0,0,Moderate
GMC,Yukon Denali,2019,36526,Gasoline,420.0,10-Speed A/T,Red,Black,None reported,Yes,57850,7,1.5837599583869466,0,0,Moderate
BMW,M6 Base,2015,37000,Gasoline,560.0,Transmission w/Dual Shift Mode,Silver,Silver,None reported,Yes,45950,11,1.2418583281532931,1,0,Old
Acura,MDX 3.5L w/Advance & Entertainment Pkgs,2017,79884,Gasoline,3.5,9-Speed Automatic,Gray,Graystone,At least 1 accident or damage reported,Yes,24840,9,0.3109469862927959,0,0,Moderate
Volkswagen,Beetle 1.8T,2016,30000,Gasoline,170.0,Transmission w/Dual Shift Mode,Blue,Beige,At least 1 accident or damage reported,Yes,19000,10,0.6333122229259025,0,0,Moderate
Ford,Mustang GT Premium,2012,105500,Gasoline,412.0,6-Speed M/T,Silver,Black,None reported,Yes,19000,14,0.18009307968644847,0,1,Old
BMW,X7 xDrive50i,2019,31157,Gasoline,4.4,Automatic,Black,Blk,None reported,Yes,65998,7,2.118171898067912,1,0,Moderate
Kia,Sorento LX V6,2019,86204,Gasoline,3.3,8-Speed Automatic,Sparkling Silver,Satin Black,At least 1 accident or damage reported,Yes,20708,7,0.24021808479786555,0,0,Moderate
BMW,435 i,2014,80211,Gasoline,300.0,A/T,Gray,Red,At least 1 accident or damage reported,Yes,17995,12,0.22434299107365482,1,0,Old
Aston,Martin V8 Vantage Base,2010,25991,Gasoline,420.0,6-Speed A/T,Silver,Black,None reported,Yes,69995,16,2.692943982763927,0,0,Old
Mercedes-Benz,CLK-Class CLK 350,2008,73000,Gasoline,268.0,7-Speed A/T,Black,Black,None reported,Yes,8400,18,0.11506691689154944,1,0,Old
BMW,740 i,2018,40989,Gasoline,320.0,8-Speed A/T,Black,Gold,None reported,Yes,35000,8,0.8538667967797023,1,0,Moderate
Dodge,Caliber Express,2010,102681,Gasoline,158.0,M/T,Red,Black,None reported,Yes,6000,16,0.05843283146023646,0,1,Old
Acura,ZDX Base,2010,123000,Gasoline,300.0,Transmission w/Dual Shift Mode,Black,Black,At least 1 accident or damage reported,Yes,13888,16,0.11290965114104763,0,1,Old
Jeep,Wrangler X,2005,160900,Gasoline,190.0,4-Speed A/T,Black,–,At least 1 accident or damage reported,Yes,7200,21,0.04474801275318364,0,1,Very Old
BMW,M3 Base,2011,105000,Gasoline,414.0,6-Speed M/T,Silver,Black,At least 1 accident or damage reported,Yes,21900,15,0.2085694421957886,1,1,Old
Kia,Sportage Plug-In Hybrid X-Line,2023,1340,Plug-In Hybrid,177.0,A/T,Black,Black,None reported,Yes,41000,3,30.574198359433257,0,0,New
Ford,Mustang Mach-E Premium,2021,17850,Gasoline,266.0,A/T,Red,Black,None reported,Yes,41999,5,2.35275334715142,0,0,New
BMW,M3 Base,2011,72277,Gasoline,414.0,Transmission w/Dual Shift Mode,Gray,Red,None reported,Yes,34950,15,0.48354962782589445,1,0,Old
Jeep,Wrangler Rubicon,2023,7000,Hybrid,285.0,8-Speed A/T,Gray,Black,None reported,Yes,46000,3,6.570489930009998,0,0,New
Porsche,Panamera 4 Platinum Edition,2022,10627,Gasoline,2.9,"Automatic, 8-Spd PDK Dual-Clutch",Chalk,BLACK,None reported,Yes,99000,4,9.31501693639443,1,0,New
Ford,Explorer XLT,2020,67015,Gasoline,2.3,10-Speed Automatic,Oxford White,Sandstone,None reported,Yes,28590,6,0.4266145398113883,0,0,Moderate
BMW,M4 Base,2018,19600,Gasoline,425.0,7-Speed A/T,Black,Black,At least 1 accident or damage reported,Yes,62000,8,3.163103923269221,1,0,Moderate
Ford,Mustang Mach-E Premium,2022,5800,Gasoline,346.0,1-Speed A/T,White,White,None reported,Yes,42500,4,7.326323047750388,0,0,New
FIAT,500e Battery Electric,2017,33812,Gasoline,111.0,1-Speed A/T,Silver,Black,None reported,Yes,14999,9,0.44358678614733976,0,0,Moderate
Cadillac,Escalade Luxury,2015,99897,Gasoline,420.0,8-Speed A/T,Black,Black,None reported,Yes,26950,11,0.26977517067408757,0,0,Old
Mercedes-Benz,SL-Class SL 550,2014,127500,Gasoline,429.0,Transmission w/Dual Shift Mode,White,White,None reported,Yes,29000,12,0.22744919647689038,1,1,Old
Ford,Expedition Limited,2021,23842,Gasoline,3.5,10-Speed Automatic,Gray,Medium Stone,None reported,Yes,59203,5,2.4830348529966866,0,0,New
BMW,M6 Base,2014,65550,Gasoline,560.0,Transmission w/Dual Shift Mode,Black,Black,None reported,Yes,39985,12,0.6099830666198838,1,0,Old
Ford,Bronco Wildtrak Advanced,2022,15600,Gasoline,315.0,Transmission w/Dual Shift Mode,Gray,–,At least 1 accident or damage reported,Yes,68995,4,4.422472918402667,0,0,New
Lexus,LC 500 Base,2021,22400,Gasoline,471.0,A/T,White,Red,None reported,Yes,81900,5,3.6560867818400964,1,0,New
Lexus,LS 460 Crafted Line,2015,89150,Gasoline,360.0,A/T,White,Black,None reported,Yes,31900,11,0.3578198786328813,1,0,Old
BMW,M4 Base,2023,15000,Gasoline,3.0,"Automatic, 8-Spd M STEPTRONIC w/Drivelogic, Sport & Manual Modes",BLUE,ORANGE,None reported,Yes,81000,3,5.3996400239984,1,0,New
Audi,A3 2.0T Tech Premium,2018,49500,Gasoline,220.0,6-Speed A/T,Blue,Gray,None reported,Yes,25000,8,0.5050403022161168,1,0,Moderate
Audi,S8 4.2 quattro,2003,126000,Gasoline,360.0,Transmission w/Dual Shift Mode,Gray,Black,None reported,Yes,13850,23,0.10991976254156713,1,1,Very Old
Volkswagen,Golf GTI 2.0T Autobahn 4-Door,2015,85385,Gasoline,210.0,6-Speed M/T,Gray,Black,None reported,Yes,15550,11,0.18211416391445903,0,0,Old
Hyundai,Tucson SE,2018,66126,Gasoline,2.0,6-Speed Automatic,Dazzling White,Gray,None reported,Yes,19190,8,0.29019916221815595,0,0,Moderate
Toyota,GR86 Premium,2023,1075,Gasoline,228.0,6-Speed M/T,White,Black,None reported,Yes,35000,3,32.52788104089219,0,0,New
Ford,Bronco Raptor,2023,2489,Gasoline,3.0,10-Speed Automatic,Oxford White,Black Onyx,None reported,Yes,98900,3,39.71887550200803,0,0,New
Hyundai,Santa Fe SEL,2021,25000,Gasoline,191.0,8-Speed A/T,Black,Gray,None reported,Yes,28500,5,1.139954401823927,0,0,New
Nissan,Armada Platinum,2017,92000,Gasoline,390.0,7-Speed A/T,Black,Black,None reported,Yes,20900,9,0.22717144378865448,0,0,Moderate
Lexus,GX 470 Base,2008,123500,Gasoline,263.0,A/T,White,Gray,At least 1 accident or damage reported,Yes,14500,18,0.11740795621088089,1,1,Old
Cadillac,CTS Premium,2013,105000,Gasoline,318.0,6-Speed A/T,Black,Black,At least 1 accident or damage reported,Yes,12000,13,0.11428462586070609,0,1,Old
Audi,R8 Base,2008,49000,Gasoline,420.0,6-Speed M/T,Black,Black,None reported,Yes,63000,18,1.2856880471827106,1,0,Old
Jaguar,F-PACE S,2020,28357,Gasoline,3.0,Automatic,Santorini Black Metallic,Pimento Red w/Ebony,None reported,Yes,47598,6,1.6784681571337894,1,0,Moderate
Chevrolet,Silverado 1500 1LT,2018,81000,E85 Flex Fuel,285.0,A/T,Red,Gray,None reported,Yes,32000,8,0.3950568511499858,0,0,Moderate
Ford,Expedition Limited,2021,45000,Gasoline,375.0,Transmission w/Dual Shift Mode,Gray,Black,None reported,Yes,52000,5,1.1555298771138418,0,0,New
Toyota,Sequoia Platinum,2011,173456,E85 Flex Fuel,381.0,6-Speed A/T,Black,Gray,At least 1 accident or damage reported,Yes,16000,15,0.09224188127316857,0,1,Old
BMW,M440 i,2021,13700,Hybrid,382.0,8-Speed A/T,Black,Beige,None reported,Yes,60000,5,4.379242391066345,1,0,New
Audi,A8 L 55,2019,93400,Hybrid,335.0,A/T,Silver,Brown,None reported,Yes,42500,7,0.4550272481022687,1,0,Moderate
Toyota,Avalon XLE,2015,90000,Gasoline,268.0,6-Speed A/T,White,Beige,None reported,Yes,18200,11,0.20221997533360742,0,0,Old
Porsche,Macan Base,2017,40600,Gasoline,252.0,7-Speed A/T,Gray,Black,None reported,Yes,32000,9,0.7881579271446516,1,0,Moderate
Lexus,IS 350 F Sport,2023,20121,Gasoline,311.0,8-Speed A/T,Gray,Red,None reported,Yes,47124,3,2.341914322631945,1,0,New
Lexus,RX 350 Base,2011,187450,Gasoline,275.0,A/T,Silver,Beige,At least 1 accident or damage reported,Yes,10400,15,0.05548116574464793,1,1,Old
Toyota,Supra A91 Edition,2021,6400,Gasoline,382.0,Transmission w/Dual Shift Mode,Gray,Black,None reported,Yes,68000,5,10.62334010310889,0,0,New
Mercedes-Benz,AMG C 43 Base 4MATIC,2017,54500,Gasoline,362.0,9-Speed A/T,White,Black,None reported,Yes,37995,9,0.6971431716849232,1,0,Moderate
BMW,X6 xDrive50i,2017,78500,Gasoline,445.0,8-Speed A/T,Red,Brown,At least 1 accident or damage reported,Yes,42000,9,0.5350250315282608,1,0,Moderate
Chevrolet,Tahoe LT,2018,75000,Gasoline,355.0,6-Speed A/T,Silver,Black,None reported,Yes,36000,8,0.4799936000853322,0,0,Moderate
Ford,F-150 SVT Raptor,2014,89988,Gasoline,411.0,A/T,Red,Red,At least 1 accident or damage reported,Yes,42500,12,0.472279945326651,0,0,Old
Subaru,Outback 3.0 R VDC Limited,2005,107000,Gasoline,250.0,A/T,Gold,Beige,None reported,Yes,7100,21,0.06635452005121448,0,1,Very Old
Alfa,Romeo Giulia Ti,2019,21400,Gasoline,280.0,8-Speed A/T,White,Black,None reported,Yes,28500,7,1.3317134713331154,0,0,Moderate
Mazda,CX-7 Grand Touring,2007,83150,Gasoline,244.0,6-Speed A/T,White,Beige,None reported,Yes,6950,19,0.0835828793399959,0,0,Old
Ford,F-150 Platinum,2018,92000,Diesel,250.0,10-Speed A/T,Black,Black,At least 1 accident or damage reported,Yes,36500,8,0.39673481809980327,0,0,Moderate
Mercedes-Benz,GLE 350 Base 4MATIC,2021,15042,Gasoline,2.0,9-Speed Automatic,Selenite Gray Metallic,Macchiato,None reported,Yes,54599,5,3.6295286844379446,1,0,New
Audi,A7 3.0T Premium Plus,2017,39000,Gasoline,333.0,Transmission w/Dual Shift Mode,Black,Black,At least 1 accident or damage reported,Yes,35000,9,0.8974128868490552,1,0,Moderate
RAM,2500 Laramie,2017,67483,Gasoline,410.0,6-Speed A/T,Brown,Beige,At least 1 accident or damage reported,Yes,46500,9,0.6890522197854306,0,0,Moderate
Tesla,Model S 70D,2015,62089,Gasoline,329.0,A/T,Black,Beige,None reported,Yes,29975,11,0.4827669511998712,1,0,Old
Audi,S8 4.0T Plus,2017,54300,Gasoline,605.0,8-Speed A/T,Black,Black,None reported,Yes,53500,9,0.9852488904440065,1,0,Moderate
Hyundai,Sonata Hybrid Limited,2022,30565,Hybrid,192.0,A/T,Gray,Black,None reported,Yes,29000,4,0.9487666034155597,0,0,New
Audi,A8 L 4.0T,2016,142666,Gasoline,450.0,8-Speed A/T,Black,Black,At least 1 accident or damage reported,Yes,22000,10,0.15420524718400191,1,1,Moderate
Ford,Ranger Sport SuperCab,2009,166200,Gasoline,207.0,A/T,Blue,Gray,At least 1 accident or damage reported,Yes,6999,17,0.04211165997797847,0,1,Old
INFINITI,Q50 Hybrid Premium,2015,88977,Hybrid,354.0,7-Speed A/T,Gray,Black,At least 1 accident or damage reported,Yes,19977,11,0.22451617253703163,0,0,Old
BMW,M3 Base,2011,114890,Gasoline,414.0,Transmission w/Dual Shift Mode,White,Beige,None reported,Yes,20990,15,0.18269490212462247,1,1,Old
Mercedes-Benz,E-Class E 350 4MATIC,2009,171000,Gasoline,268.0,5-Speed A/T,Black,Black,At least 1 accident or damage reported,Yes,4750,17,0.027777615335582834,1,1,Old
Ford,Explorer sport,2019,90067,Gasoline,3.5,6-Speed Automatic,Black,Ebony Black,None reported,Yes,28590,7,0.3174268330594662,0,0,Moderate
Chevrolet,Camaro 1LT,2014,97579,Gasoline,323.0,Transmission w/Dual Shift Mode,Black,Black,At least 1 accident or damage reported,Yes,15000,12,0.15372002459520392,0,0,Old
Mazda,MX-5 Miata RF Grand Touring,2017,52000,Gasoline,155.0,6-Speed M/T,Black,Black,At least 1 accident or damage reported,Yes,20500,9,0.39422318801561507,0,0,Moderate
Jeep,Grand Cherokee L Limited,2021,25968,Gasoline,3.6,8-Speed Automatic,Metallic,Global Black,None reported,Yes,38405,5,1.4788786630212947,0,0,New
MINI,Hardtop Cooper S,2016,41680,Gasoline,189.0,6-Speed A/T,Silver,Black,None reported,Yes,17495,10,0.41973561094983325,0,0,Moderate
Saab,9-3 SE,2002,77200,Gasoline,205.0,5-Speed M/T,Black,Beige,None reported,Yes,7500,24,0.0971490006606132,0,0,Very Old
BMW,X5 xDrive40i,2019,50000,Gasoline,335.0,8-Speed A/T,Blue,Gold,None reported,Yes,43000,7,0.8599828003439931,1,0,Moderate
Porsche,Macan,2021,21613,Gasoline,2.0,Automatic,White,–,None reported,Yes,58998,5,2.729619690941057,1,0,New
Audi,Q3 S line Premium Plus,2022,17377,Gasoline,2.0,Automatic,Glacier White,Pearl Beige,None reported,Yes,39998,4,2.3016457590056394,1,0,New
GMC,Acadia SLE,2020,30426,Gasoline,2.5,9-Speed Automatic,Ebony Twilight Metallic,Jet Black,None reported,Yes,29645,6,0.9742991422092221,0,0,Moderate
Audi,allroad 2.7T,2005,153000,Gasoline,250.0,M/T,Blue,Blue,At least 1 accident or damage reported,Yes,6500,21,0.04248338246155254,1,1,Very Old
Mercury,Marauder Base,2004,56600,Gasoline,302.0,Transmission Overdrive Switch,Silver,Black,None reported,Yes,23000,22,0.4063532446423208,0,0,Very Old
Hyundai,Genesis 3.8,2015,116612,Gasoline,311.0,8-Speed A/T,White,White,At least 1 accident or damage reported,Yes,12700,11,0.10890724018762916,0,1,Old
Audi,SQ5 3.0T Premium Plus,2018,72000,Gasoline,354.0,A/T,Blue,Black,At least 1 accident or damage reported,Yes,30000,8,0.41666087971000404,1,0,Moderate
Audi,A8 L 55,2019,39000,Hybrid,335.0,8-Speed A/T,Black,Brown,None reported,Yes,50000,7,1.2820184097843645,1,0,Moderate
Lincoln,Navigator Base,2008,149000,Gasoline,300.0,A/T,Gold,Beige,None reported,Yes,10099,18,0.06777806860356642,0,1,Old
BMW,M4 Base,2018,19300,Gasoline,425.0,6-Speed M/T,White,Silver,None reported,Yes,64000,8,3.3158903683746956,1,0,Moderate
Mazda,CX-9 Carbon Edition,2021,27836,Gasoline,2.5,6-Speed Automatic,Polymetal Gray Metallic,Red,None reported,Yes,36969,5,1.3280525918741244,0,0,New
Chevrolet,Corvette Stingray w/1LT,2023,3273,Gasoline,490.0,Transmission w/Dual Shift Mode,Black,Red,None reported,Yes,78999,3,24.129199755650582,0,0,New
Ford,F-150 Lariat,2017,74349,Gasoline,375.0,10-Speed A/T,White,–,None reported,Yes,36000,9,0.484196368527236,0,0,Moderate
Ford,F-250 Lariat,2019,85000,Diesel,450.0,6-Speed A/T,White,Black,At least 1 accident or damage reported,Yes,55000,7,0.6470512111622216,0,0,Moderate
Mercedes-Benz,GLS 450 Base 4MATIC,2017,46100,Gasoline,362.0,9-Speed A/T,Black,Beige,At least 1 accident or damage reported,Yes,33000,9,0.7158196134574087,1,0,Moderate
Hyundai,Santa Fe SEL Plus 2.4,2019,49500,Gasoline,185.0,8-Speed A/T,Silver,Gray,None reported,Yes,28000,7,0.5656451384820509,0,0,Moderate
Mercedes-Benz,E-Class E 350,2012,31130,Gasoline,302.0,7-Speed A/T,Black,Black,None reported,Yes,23500,14,0.7548745623333655,1,0,Old
Ford,F-250 XLT SuperCab Super Duty,2008,149460,Diesel,350.0,A/T,Blue,Gray,At least 1 accident or damage reported,Yes,12240,18,0.08189427342249818,0,1,Old
Mercury,Marauder Base,2003,90000,Gasoline,302.0,4-Speed A/T,Blue,Beige,At least 1 accident or damage reported,Yes,15500,23,0.17222030866323706,0,0,Very Old
Ford,Transit-350 XLT,2021,48000,E85 Flex Fuel,275.0,A/T,White,Gray,None reported,Yes,57000,5,1.187475260932064,0,0,New
Mercedes-Benz,C-Class C 300 4MATIC Sport,2013,98000,Gasoline,248.0,A/T,White,Beige,At least 1 accident or damage reported,Yes,15500,13,0.15816165141172028,1,0,Old
Volkswagen,Arteon SEL R-Line,2022,18655,Gasoline,2.0,Automatic,Oryx White Prl,Titan Black,None reported,Yes,38698,4,2.0742924528301887,0,0,New
Chevrolet,Suburban 2500 LS,2006,60000,Gasoline,325.0,A/T,Brown,Brown,At least 1 accident or damage reported,Yes,24950,20,0.4158264028932851,0,0,Old
Chevrolet,Suburban 1500 LT,2014,169500,E85 Flex Fuel,320.0,A/T,Purple,Brown,None reported,Yes,15000,12,0.08849505312653022,0,1,Old
Mitsubishi,Eclipse GS,2008,189500,Gasoline,162.0,5-Speed M/T,Red,Black,None reported,Yes,6000,18,0.031662102046954896,0,1,Old
Toyota,Land Cruiser Base,2016,91000,Gasoline,381.0,A/T,Black,Brown,None reported,Yes,68500,10,0.7527389808903199,0,0,Moderate
Genesis,G80 2.5T,2022,7396,Gasoline,2.5,8-Speed Automatic,Black Forest Green,Black,None reported,Yes,41299,4,5.583209409219954,0,0,New
Audi,RS 5 4.2,2014,49098,Gasoline,450.0,Transmission w/Dual Shift Mode,White,Black,At least 1 accident or damage reported,Yes,44900,12,0.914478909957433,1,0,Old
Nissan,Rogue S,2022,21212,Gasoline,1.5,Automatic CVT,Gun Metallic,Charcoal,None reported,Yes,28906,4,1.3626549757224344,0,0,New
Porsche,Panamera 4S,2010,62743,Gasoline,400.0,Transmission w/Dual Shift Mode,Silver,Gray,None reported,Yes,28600,16,0.45582047685834504,1,0,Old
BMW,M440 i xDrive,2021,24300,Hybrid,382.0,8-Speed A/T,Gray,Beige,None reported,Yes,49999,5,2.057487346199745,1,0,New
Cadillac,Escalade Premium,2010,104000,E85 Flex Fuel,403.0,A/T,Gray,–,None reported,Yes,19500,16,0.18749819713271987,0,1,Old
Volvo,S60 T6 Momentum,2020,46250,Gasoline,2.0,8-Speed Automatic,White,Charcoal,At least 1 accident or damage reported,Yes,27800,6,0.601068085014378,0,0,Moderate
Mazda,CX-9 Touring Plus,2023,1930,Gasoline,2.5,6-Speed Automatic,Jet Black Mica,Black,At least 1 accident or damage reported,Yes,40655,3,21.05385810460901,0,0,New
Chrysler,Pacifica Hybrid Touring L,2022,61494,Hybrid,3.6,Automatic CVT,Bright White Clearcoat,Black,None reported,Yes,35850,4,0.5829742255467925,0,0,New
Jeep,Wrangler Unlimited Sport,2020,24040,Gasoline,2.0,8-Speed Automatic,Black Clearcoat,Black,None reported,Yes,35273,6,1.4672018634832162,0,0,Moderate
Ford,F-150 Lariat,2019,81000,Gasoline,375.0,10-Speed A/T,Gray,Black,None reported,Yes,38500,7,0.4753027740398267,0,0,Moderate
Land,Rover Discovery Sport S R-Dynamic,2022,23568,Gasoline,2.0,Automatic,Firenze Red,Ebony,None reported,Yes,44998,4,1.9092027663456235,1,0,New
Mazda,Mazda6 Touring,2020,78700,Gasoline,187.0,A/T,White,Black,None reported,Yes,18000,6,0.22871373934257505,0,0,Moderate
Kia,Optima EX,2015,109580,Gasoline,192.0,6-Speed A/T,Red,Black,At least 1 accident or damage reported,Yes,11900,11,0.10859546819247862,0,1,Old
Lexus,RX 350 Base,2009,178000,Gasoline,270.0,A/T,Gray,Gray,At least 1 accident or damage reported,Yes,4500,17,0.02528075684968062,1,1,Old
Mitsubishi,Outlander Sport 2.4 SE,2016,131193,Gasoline,2.4,Automatic CVT,Black,Black,None reported,Yes,11970,10,0.09123892860954007,0,1,Moderate
Mercedes-Benz,GLS 450 Base 4MATIC,2017,106000,Gasoline,362.0,9-Speed A/T,White,Black,None reported,Yes,25900,9,0.24433731757247573,1,1,Moderate
Audi,A3 2.0T Premium,2019,28211,Gasoline,184.0,Transmission w/Dual Shift Mode,Gray,Black,At least 1 accident or damage reported,Yes,27500,7,0.9747625124060684,1,0,Moderate
Audi,A4 2.0T Premium,2015,91403,E85 Flex Fuel,2.0,8-Speed Automatic,Silver,Gray,None reported,Yes,14998,11,0.16408472276924424,1,0,Old
Mercedes-Benz,CLA-Class CLA 250,2016,88600,Gasoline,208.0,A/T,Black,Black,At least 1 accident or damage reported,Yes,16800,10,0.1896141127075315,1,0,Moderate
INFINITI,FX50 Base,2011,84900,Gasoline,390.0,7-Speed A/T,Silver,Black,None reported,Yes,22450,15,0.2644256251398688,0,0,Old
Kia,K5 EX,2021,11154,Gasoline,1.6,8-Speed Automatic,Glacial White Pearl,Black,None reported,Yes,28998,5,2.5995517705064994,0,0,New
BMW,X5 eDrive xDrive40e,2018,45090,Plug-In Hybrid,313.0,8-Speed A/T,Gray,Black,At least 1 accident or damage reported,Yes,30750,8,0.6819542702534874,1,0,Moderate
Mercedes-Benz,SLK-Class SLK230 Kompressor,2003,33272,Gasoline,192.0,A/T,Red,Gray,At least 1 accident or damage reported,Yes,11900,23,0.35764734168845613,1,0,Very Old
Jeep,Wrangler SE,2003,71000,Gasoline,150.0,5-Speed M/T,Red,Gray,None reported,Yes,12499,23,0.1760397740876889,0,0,Very Old
Kia,Telluride SX,2020,55400,Gasoline,291.0,8-Speed A/T,Green,White,None reported,Yes,36500,6,0.658832873052833,0,0,Moderate
Land,Rover LR4 Lux,2012,141525,Gasoline,375.0,A/T,Black,Black,None reported,Yes,14490,14,0.10238401424473241,1,1,Old
Jaguar,XKR Base,2007,50000,Gasoline,420.0,Transmission w/Dual Shift Mode,Black,Beige,At least 1 accident or damage reported,Yes,21900,19,0.4379912401751965,1,0,Old
BMW,M4 Base,2020,29140,Gasoline,425.0,M/T,Orange,Orange,None reported,Yes,71995,6,2.470574105212587,1,0,Moderate
BMW,M340 i xDrive,2022,9000,Hybrid,382.0,8-Speed A/T,White,Red,None reported,Yes,56900,4,6.321519831129875,1,0,New
Mercedes-Benz,AMG GLE 53 AMG GLE 53,2021,5595,Hybrid,3.0,Automatic,designo Diamond White Metallic,Black,None reported,Yes,83598,5,14.938884917798427,1,0,New
RAM,1500 Laramie,2022,34121,Gasoline,5.7,Automatic,Granite Crystal Clearcoat Metallic,Black,None reported,Yes,48190,4,1.412285329113182,0,0,New
BMW,ALPINA B7 Base,2013,36750,Gasoline,445.0,A/T,Black,Black,None reported,Yes,35999,13,0.9795379717558705,1,0,Old
Mercedes-Benz,C-Class C280 4MATIC,2007,49626,Gasoline,228.0,A/T,White,–,None reported,Yes,12000,19,0.2418038567715155,1,0,Old
Jeep,Compass High Altitude,2017,45000,Gasoline,172.0,A/T,White,Beige,At least 1 accident or damage reported,Yes,16500,9,0.36665851869958443,0,0,Moderate
Toyota,Highlander Hybrid XLE,2019,69350,Hybrid,306.0,A/T,Black,Gray,None reported,Yes,36000,7,0.5190984989401739,0,0,Moderate
BMW,X5 M Base,2022,8307,Gasoline,4.4,8-Speed Automatic,Blue Metallic,Sakhir Orange,None reported,Yes,98900,4,11.904188733750601,1,0,New
BMW,M3 Base,2023,4106,Gasoline,3.0,6-Speed Manual,Isle of Man Green Metallic,Kyalami Orange,None reported,Yes,84645,3,20.609934258582907,1,0,New
BMW,M3 Base,1999,184700,Gasoline,240.0,5-Speed M/T,Blue,Gray,None reported,Yes,36950,27,0.20005305872734852,1,1,Very Old
Maserati,Quattroporte S Q4 GranLusso,2018,57500,Gasoline,424.0,8-Speed A/T,White,Brown,None reported,Yes,41900,8,0.7286829794264448,1,0,Moderate
Acura,RDX Advance Package,2021,29000,Gasoline,272.0,10-Speed A/T,Black,Black,None reported,Yes,39650,5,1.3671942346815626,0,0,New
Mercedes-Benz,GLA-Class GLA 250 4MATIC,2015,61675,Gasoline,208.0,Transmission w/Dual Shift Mode,Gray,Black,At least 1 accident or damage reported,Yes,19000,11,0.30806148258641936,1,0,Old
Mercedes-Benz,Sprinter 3500XD High Roof,2021,33300,Diesel,188.0,7-Speed A/T,White,Black,None reported,Yes,45000,5,1.3513107714483048,1,0,New
Cadillac,XTS Luxury,2014,62950,Gasoline,304.0,6-Speed A/T,Silver,Gray,At least 1 accident or damage reported,Yes,17498,12,0.27796222458737746,0,0,Old
Chevrolet,Camaro 2LT,2015,56675,Gasoline,323.0,Transmission w/Dual Shift Mode,Silver,Black,None reported,Yes,19750,11,0.34847201637377373,0,0,Old
Porsche,Cayenne S,2013,92000,Gasoline,400.0,8-Speed A/T,Green,Gray,None reported,Yes,23000,13,0.2499972826382322,1,0,Old
Dodge,Magnum R/T,2005,96000,Gasoline,340.0,5-Speed A/T,Gray,Gold,At least 1 accident or damage reported,Yes,12000,21,0.1249986979302299,0,0,Very Old
INFINITI,Q70 3.7X,2014,33500,Gasoline,330.0,7-Speed A/T,Black,Black,None reported,Yes,23000,12,0.6865466702486493,0,0,Old
Toyota,Camry Hybrid Base,2007,53249,Hybrid,147.0,A/T,Silver,Gray,At least 1 accident or damage reported,Yes,9250,19,0.17370892018779344,0,0,Old
GMC,Acadia SLT-1,2016,119000,Gasoline,281.0,A/T,Gold,Brown,None reported,Yes,12500,10,0.10504113410811673,0,1,Moderate
Lincoln,Corsair Reserve,2021,29336,Gasoline,2.0,8-Speed Automatic,Black,Sandstone,None reported,Yes,36999,5,1.2611718989671745,0,0,New
RAM,2500 SLT,2017,86000,Diesel,350.0,6-Speed A/T,Gray,Gray,At least 1 accident or damage reported,Yes,41000,9,0.47673864257392357,0,0,Moderate
RAM,3500 Laramie,2014,177000,Diesel,385.0,6-Speed A/T,Black,–,At least 1 accident or damage reported,Yes,40500,12,0.22881226659736387,0,1,Old
Mercedes-Benz,GL-Class GL 450 4MATIC,2013,93500,Gasoline,362.0,A/T,Black,Black,At least 1 accident or damage reported,Yes,15900,13,0.17005165720152726,1,0,Old
BMW,M5 Base,2018,47700,Gasoline,600.0,8-Speed A/T,Red,White,At least 1 accident or damage reported,Yes,54999,8,1.1529946961279638,1,0,Moderate
Ford,Mustang SVT Cobra,2003,97496,Gasoline,390.0,6-Speed M/T,Gray,Gray,None reported,Yes,24500,23,0.2512897832753828,0,0,Very Old
Acura,ILX Premium Package,2022,16120,Gasoline,2.4,8-Speed Automatic with Auto-Shift,Gray,Ebony,None reported,Yes,26599,4,1.6499596799206004,0,0,New
Buick,Rainier CXL,2005,147589,Gasoline,275.0,A/T,White,Beige,At least 1 accident or damage reported,Yes,2800,21,0.018971475032183754,0,1,Very Old
Cadillac,Escalade Luxury,2013,95570,E85 Flex Fuel,403.0,A/T,Black,Black,At least 1 accident or damage reported,Yes,22000,13,0.23019535214657166,0,0,Old
Mercedes-Benz,S-Class S 560,2018,45791,Gasoline,463.0,9-Speed A/T,Gray,Gray,None reported,Yes,52000,8,1.1355695317959469,1,0,Moderate
INFINITI,QX80 Base,2016,60000,Gasoline,400.0,7-Speed A/T,Silver,Beige,At least 1 accident or damage reported,Yes,25950,10,0.43249279178680355,0,0,Moderate
Buick,Encore Preferred,2019,50000,Gasoline,138.0,6-Speed A/T,White,Black,None reported,Yes,18795,7,0.375892482150357,0,0,Moderate
Mercedes-Benz,GLS 450 Base 4MATIC,2019,33481,Gasoline,3.0,9-Speed Automatic,Black,Almond Beige,None reported,Yes,43999,7,1.314109073532047,1,0,Moderate
Jeep,Liberty Limited,2010,107000,Gasoline,210.0,A/T,Gray,Gray,None reported,Yes,5900,16,0.05513967159185428,0,1,Old
Mercedes-Benz,S-Class S 63 AMG,2011,60000,Gasoline,536.0,Transmission w/Dual Shift Mode,White,Black,At least 1 accident or damage reported,Yes,37000,15,0.6166563890601823,1,0,Old
Audi,A8 L 3.0T,2016,55000,Gasoline,333.0,A/T,White,Brown,None reported,Yes,28000,10,0.5090816530608534,1,0,Moderate
Mazda,CX-30 2.5 S Select Package,2022,4004,Gasoline,186.0,6-Speed A/T,Black,Black,None reported,Yes,25500,4,6.367041198501872,0,0,New
Bentley,Continental GT Speed,2009,57800,Gasoline,600.0,6-Speed A/T,Blue,Beige,None reported,Yes,59400,17,1.0276638812477292,1,0,Old
Volkswagen,Golf R 4-Door,2016,47144,Gasoline,292.0,6-Speed M/T,Blue,Black,None reported,Yes,29950,10,0.6352741542051119,0,0,Moderate
Hyundai,Genesis Coupe 3.8 Grand Touring,2011,165454,Gasoline,306.0,6-Speed A/T,Gray,Black,At least 1 accident or damage reported,Yes,4000,15,0.024175757758907256,0,1,Old
Ford,F-150 XLT,2018,98000,Gasoline,375.0,10-Speed A/T,White,–,At least 1 accident or damage reported,Yes,25500,8,0.26020142651605593,0,0,Moderate
Hyundai,Tucson Limited,2020,39913,Gasoline,2.4,6-Speed Automatic,Black Noir Pearl,Beige,None reported,Yes,22749,6,0.5699503933456932,0,0,Moderate
Ford,Mustang V6,2013,147191,Gasoline,305.0,6-Speed A/T,Blue,Black,At least 1 accident or damage reported,Yes,12990,13,0.08825207891733246,0,1,Old
BMW,435 i,2014,53600,Gasoline,300.0,8-Speed A/T,Silver,Black,None reported,Yes,25980,12,0.48469244976772824,1,0,Old
Porsche,Boxster Base,2013,40800,Gasoline,265.0,7-Speed A/T,Brown,Beige,None reported,Yes,35500,13,0.8700767138060341,1,0,Old
Porsche,Macan Base,2018,36798,Gasoline,2.0,7-Speed Automatic with Auto-Shift,Volcano Grey Metallic,Black,At least 1 accident or damage reported,Yes,49500,8,1.3451452485121878,1,0,Moderate
Ford,F-250 XL,2021,77699,Diesel,6.7,Automatic,White,Medium Earth Gray,None reported,Yes,49883,5,0.641994851994852,0,0,New
Ford,Mustang GT,2010,87500,Gasoline,315.0,A/T,Red,Black,At least 1 accident or damage reported,Yes,14900,16,0.17028376818550645,0,0,Old
Chevrolet,Suburban LT,2020,93000,Gasoline,355.0,A/T,Black,Black,None reported,Yes,38500,6,0.4139740432898571,0,0,Moderate
Mercedes-Benz,C-Class C 300 4MATIC,2018,41515,Gasoline,2.0,9-Speed Automatic,Black,Black,None reported,Yes,28251,8,0.68048463243087,1,0,Moderate
RAM,1500 Classic Warlock,2019,19000,E85 Flex Fuel,3.6,8-Speed Automatic,Diamond Black,Diesel Gray / Black,At least 1 accident or damage reported,Yes,33242,7,1.749486869112152,0,0,Moderate
Toyota,Sequoia SR5,2023,1539,Hybrid,3.4,Automatic,Green,Boulder,At least 1 accident or damage reported,Yes,76373,3,49.59285714285714,0,0,New
BMW,M5 Base,2018,31090,Gasoline,600.0,8-Speed A/T,Green,Black,At least 1 accident or damage reported,Yes,68000,8,2.1871281078125504,1,0,Moderate
Mazda,Mazda3 FWD w/Premium Package,2022,21701,Gasoline,2.5,6-Speed Automatic,Soul Red Crystal Metallic,Black,None reported,Yes,25099,4,1.1565293521334439,0,0,New
Nissan,Rogue SL,2016,97726,Gasoline,2.5,Variable,Gun Metallic,Charcoal,At least 1 accident or damage reported,Yes,15998,10,0.16370092195606128,0,0,Moderate
Audi,A7 3.0T Prestige,2015,73000,Diesel,240.0,8-Speed A/T,White,Gray,None reported,Yes,34000,11,0.4657470445610334,1,0,Old
Genesis,G80 3.8,2020,23600,Gasoline,311.0,A/T,Blue,Gray,None reported,Yes,31900,6,1.3516376424727765,0,0,Moderate
BMW,M6 Gran Coupe Base,2019,20500,Gasoline,560.0,Transmission w/Dual Shift Mode,Blue,Black,None reported,Yes,67900,7,3.312033559338569,1,0,Moderate
Ford,Mustang V6,2013,57912,Gasoline,305.0,6-Speed M/T,Black,Black,At least 1 accident or damage reported,Yes,18750,13,0.3237615043254537,0,0,Old
BMW,650 i,2009,35000,Gasoline,360.0,A/T,Black,Black,None reported,Yes,18500,17,0.5285563269620868,1,0,Old
Nissan,Leaf SV PLUS,2023,7089,Gasoline,214.0,1-Speed A/T,Black,Black,At least 1 accident or damage reported,Yes,29895,3,4.216502115655853,0,0,New
Lincoln,MKC Reserve,2019,35469,Gasoline,2.3,6-Speed Automatic,Black,–,None reported,Yes,30890,7,0.8708767972934874,0,0,Moderate
Kia,Telluride EX,2022,14676,Gasoline,3.8,8-Speed Automatic,Dark Moss,Gray,None reported,Yes,46787,4,3.187776793622675,0,0,New
Lincoln,Navigator Reserve,2022,13750,Gasoline,440.0,10-Speed A/T,White,Beige,None reported,Yes,79999,4,5.817685986473711,0,0,New
Mercedes-Benz,S-Class S 550 4MATIC,2015,13300,Gasoline,449.0,A/T,Black,Black,None reported,Yes,62500,11,4.69889481993835,1,0,Old
Chevrolet,Suburban LT,2017,117000,Gasoline,6.0,6-Speed A/T,Blue,Beige,None reported,Yes,27000,9,0.23076725839950085,0,1,Moderate
Audi,A7 55 Premium,2020,27100,Hybrid,335.0,A/T,White,Black,None reported,Yes,50000,6,1.8449503708350246,1,0,Moderate
Ford,Mustang EcoBoost Premium,2017,89352,Gasoline,310.0,6-Speed A/T,White,Black,At least 1 accident or damage reported,Yes,20989,9,0.2348997795261491,0,0,Moderate
Chevrolet,Cruze LS,2018,100000,Gasoline,153.0,A/T,White,Black,At least 1 accident or damage reported,Yes,8500,8,0.08499915000849992,0,0,Moderate
Land,Rover Range Rover HSE SWB,2020,16000,Hybrid,395.0,A/T,Silver,Black,None reported,Yes,75500,6,4.7184550965564656,1,0,Moderate
Land,Rover Defender S,2023,15200,Gasoline,296.0,A/T,White,Black,None reported,Yes,62999,3,4.144398394842445,1,0,New
BMW,650 i,2012,39960,Gasoline,400.0,6-Speed M/T,White,Brown,None reported,Yes,38995,14,0.9758264307700008,1,0,Old
Ford,Mustang Base,2008,119000,Gasoline,210.0,A/T,White,Black,At least 1 accident or damage reported,Yes,13500,18,0.11344442483676608,0,1,Old
Kia,K5 GT-Line,2022,10971,Gasoline,1.6,8-Speed Automatic,Passion Red,Black,None reported,Yes,29998,4,2.7340503098796938,0,0,New
Mazda,Mazda3 i Touring,2014,118500,Gasoline,155.0,M/T,Silver,Black,At least 1 accident or damage reported,Yes,11500,12,0.09704559455194471,0,1,Old
Kia,Stinger GT1,2021,8288,Gasoline,365.0,8-Speed A/T,Black,Black,None reported,Yes,45899,5,5.537338641573169,0,0,New
Chevrolet,Camaro ZL1,2023,2950,Gasoline,650.0,10-Speed A/T,Red,Gray,None reported,Yes,74500,3,25.245679430701458,0,0,New
Mercedes-Benz,AMG G 63 Base,2017,73000,Gasoline,563.0,7-Speed A/T,White,Black,At least 1 accident or damage reported,Yes,78000,9,1.068478513992959,1,0,Moderate
Ford,Thunderbird Premium,2005,82000,Gasoline,280.0,Transmission w/Dual Shift Mode,Gold,White,None reported,Yes,14900,21,0.18170510115730296,0,0,Very Old
GMC,Sierra 1500 SLT,2017,49105,Gasoline,420.0,8-Speed A/T,White,Black,None reported,Yes,39750,9,0.8094733841078483,0,0,Moderate
Kia,Telluride LX,2023,5500,Gasoline,291.0,8-Speed A/T,Silver,Black,None reported,Yes,40000,3,7.271405199054717,0,0,New
Chevrolet,Corvette Base,2005,36700,Gasoline,400.0,6-Speed M/T,Blue,Black,None reported,Yes,26000,21,0.7084275632816545,0,0,Very Old
BMW,650 i,2014,40000,Gasoline,445.0,Transmission w/Dual Shift Mode,White,Beige,None reported,Yes,34000,12,0.8499787505312367,1,0,Old
Nissan,Rogue SL,2017,78110,Gasoline,170.0,A/T,Silver,Black,None reported,Yes,17500,9,0.22404014799452063,0,0,Moderate
GMC,Acadia Denali,2015,74864,Gasoline,288.0,A/T,Gray,Beige,None reported,Yes,19780,11,0.2642089093701997,0,0,Old
Cadillac,Escalade Premium Luxury Platinum,2021,15350,Gasoline,420.0,10-Speed A/T,Black,Black,None reported,Yes,93500,5,6.0908084163898115,0,0,New
Nissan,GT-R Premium,2010,46100,Gasoline,485.0,6-Speed A/T,Blue,Black,None reported,Yes,72999,16,1.5834580594781025,0,0,Old
Toyota,Highlander XLE,2018,61454,Gasoline,295.0,A/T,Silver,Gray,None reported,Yes,31000,8,0.5044341388007485,0,0,Moderate
BMW,X7 xDrive40i,2020,45241,Gasoline,335.0,A/T,Blue,Brown,None reported,Yes,54500,6,1.2046328632686443,1,0,Moderate
INFINITI,QX60 Base,2018,48000,Gasoline,295.0,CVT Transmission,Black,Black,None reported,Yes,27000,8,0.5624882814941355,0,0,Moderate
Lexus,IS 250C Base,2010,68500,Gasoline,204.0,6-Speed M/T,Black,Beige,None reported,Yes,18500,16,0.27006905008686005,1,0,Old
GMC,Sierra 1500 Denali,2019,43433,Gasoline,5.3,Automatic,Onyx Black,Walnut,None reported,Yes,51899,7,1.1948934014827095,0,0,Moderate
Chevrolet,SSR Base,2005,122961,Gasoline,6.0,4-Speed Automatic,Redline Red,Ebony,None reported,Yes,20995,21,0.1707438070298141,0,1,Very Old
Dodge,Challenger R/T,2014,92861,Gasoline,375.0,5-Speed A/T,Gray,Red,None reported,Yes,19750,12,0.21268118283043655,0,0,Old
Hyundai,Equus Signature,2016,72000,Gasoline,429.0,8-Speed A/T,White,Beige,None reported,Yes,21400,10,0.2972180941931362,0,0,Moderate
Ford,Mustang GT,2003,83000,Gasoline,260.0,A/T,Gray,Black,None reported,Yes,10500,23,0.12650449994578378,0,0,Very Old
Toyota,Sequoia Limited,2023,8200,Hybrid,437.0,10-Speed A/T,Brown,Black,None reported,Yes,78900,3,9.62077795390806,0,0,New
Land,Rover Range Rover Sport HST MHEV,2020,19000,Hybrid,395.0,Transmission w/Dual Shift Mode,Silver,Black,None reported,Yes,74900,6,3.9418977948529026,1,0,Moderate
Jeep,Grand Cherokee L Limited,2022,12875,Gasoline,3.6,8-Speed Automatic,Diamond Black,Global Black,None reported,Yes,42599,4,3.308403230817024,0,0,New
Maserati,GranTurismo Sport,2015,32000,Gasoline,454.0,A/T,Beige,Brown,None reported,Yes,36000,11,1.1249648448485985,1,0,Old
BMW,M5 Base,2013,61145,Gasoline,560.0,7-Speed A/T,White,Beige,At least 1 accident or damage reported,Yes,37500,13,0.6132862329506428,1,0,Old
Mercedes-Benz,C-Class 4MATIC Sedan,2022,9612,Gasoline,2.0,"Automatic, 9-Spd 9G-Tronic",–,–,None reported,Yes,43900,4,4.566732549672318,1,0,New
Ford,F-150 Lariat,2011,152000,Gasoline,365.0,6-Speed A/T,Brown,Beige,None reported,Yes,14000,15,0.09210465720620259,0,1,Old
Audi,A4 2.0T Premium,2012,129567,Gasoline,211.0,A/T,White,Black,None reported,Yes,7000,14,0.05402568535440849,1,1,Old
BMW,540 i xDrive,2019,36000,Gasoline,335.0,8-Speed A/T,Gray,Black,At least 1 accident or damage reported,Yes,41995,7,1.1664953751284686,1,0,Moderate
BMW,X6 xDrive35i,2009,92008,Gasoline,300.0,6-Speed A/T,White,Black,None reported,Yes,12500,17,0.13585627492962646,1,0,Old
Ford,Mustang Base,1998,63900,Gasoline,150.0,A/T,White,Gray,None reported,Yes,10300,28,0.16118683588676233,0,0,Very Old
Toyota,Sequoia Limited,2012,150900,Gasoline,381.0,A/T,Black,Gray,None reported,Yes,17500,14,0.11597007309428035,0,1,Old
Land,Rover Range Rover 3.0L Supercharged,2018,38020,Gasoline,5.0,Automatic,White,Espresso,None reported,Yes,63998,8,1.6832276899608112,1,0,Moderate
Audi,Q8 55 Premium Plus,2021,14750,Hybrid,335.0,Transmission w/Dual Shift Mode,Silver,Black,None reported,Yes,61059,5,4.139312588977019,1,0,New
Subaru,WRX Base,2015,52500,Gasoline,268.0,6-Speed M/T,Gray,Black,None reported,Yes,23000,11,0.43808689358297936,0,0,Old
INFINITI,QX60 Pure,2020,39000,Gasoline,295.0,A/T,Gray,Gray,None reported,Yes,29900,6,0.76664700905105,0,0,Moderate
Porsche,Cayman Base,2011,66000,Gasoline,265.0,A/T,Black,Brown,None reported,Yes,28000,15,0.4242359964242966,1,0,Old
INFINITI,QX60 Base,2017,93500,Gasoline,295.0,A/T,Black,Black,None reported,Yes,16000,9,0.17112116447952427,0,0,Moderate
BMW,M4 Base,2018,7200,Gasoline,425.0,7-Speed A/T,Black,Black,None reported,Yes,64000,8,8.887654492431606,1,0,Moderate
Land,Rover Defender SE,2023,8421,Hybrid,395.0,A/T,Black,White,None reported,Yes,90000,3,10.686297791498456,1,0,New
BMW,M8 Base,2020,25520,Gasoline,4.4,8-Speed Automatic,Brands Hatch Gray Metallic,Black,None reported,Yes,84900,6,3.3266721523451275,1,0,Moderate
Volvo,C40 Recharge Pure Electric Twin Ultimate,2023,17000,Gasoline,402.0,A/T,Gray,Blue,None reported,Yes,54900,3,3.2292218104817363,0,0,New
Mercedes-Benz,SL-Class SL 550,2011,41314,Gasoline,382.0,Transmission w/Dual Shift Mode,Red,White,At least 1 accident or damage reported,Yes,30999,15,0.7503086046230183,1,0,Old
Land,Rover Range Rover P525 HSE SWB,2020,49899,Gasoline,518.0,Transmission w/Dual Shift Mode,White,Black,At least 1 accident or damage reported,Yes,64500,6,1.2925851703406814,1,0,Moderate
Ford,Escape XLT,2012,186268,E85 Flex Fuel,240.0,6-Speed A/T,Blue,Black,None reported,Yes,4500,14,0.024158609323075765,0,1,Old
Lexus,ES 350 Base,2016,51335,Gasoline,268.0,6-Speed A/T,Silver,Black,At least 1 accident or damage reported,Yes,25995,10,0.506369798971482,1,0,Moderate
RAM,1500 Big Horn,2022,19376,Gasoline,5.7,Automatic,Bright White Clearcoat,Black,None reported,Yes,45861,4,2.36677504257625,0,0,New
Mitsubishi,Lancer Evolution IX,2006,77000,Gasoline,286.0,5-Speed M/T,Silver,Black,None reported,Yes,57000,20,0.7402501266217322,0,0,Old
Acura,TL Technology,2013,40000,Gasoline,280.0,6-Speed A/T,Blue,Gray,None reported,Yes,24000,13,0.5999850003749906,0,0,Old
Cadillac,CTS Luxury,2012,113000,Gasoline,270.0,6-Speed A/T,White,Beige,None reported,Yes,10000,14,0.088494792081486,0,1,Old
Chevrolet,Camaro 1SS,2022,7600,Gasoline,455.0,6-Speed M/T,Gray,Black,At least 1 accident or damage reported,Yes,46000,4,6.051835284830943,0,0,New
Toyota,Camry Hybrid LE,2022,20400,Hybrid,208.0,CVT Transmission,White,Gray,None reported,Yes,29900,4,1.4656144306651635,0,0,New
Ford,Transit-350 XLT,2019,115000,Gasoline,310.0,A/T,White,Gray,None reported,Yes,39000,7,0.33912748584794916,0,1,Moderate
Jaguar,F-TYPE V6 S,2014,62194,Gasoline,3.0,Automatic,Black,Black,None reported,Yes,32998,12,0.5305571187394486,1,0,Old
Jeep,Wrangler Sahara,2020,22138,Gasoline,3.6,Automatic,Black,Black,None reported,Yes,38598,6,1.7434391797280817,0,0,Moderate
Porsche,718 Boxster S,2017,48900,Gasoline,350.0,Transmission w/Dual Shift Mode,Blue,Black,None reported,Yes,62500,9,1.2780924725465737,1,0,Moderate
Lincoln,MKZ Base,2016,68200,Gasoline,300.0,6-Speed A/T,Silver,Black,At least 1 accident or damage reported,Yes,16750,10,0.2455975718831102,0,0,Moderate
Chevrolet,S-10 LS Crew Cab,2001,139000,Gasoline,190.0,A/T,Red,Gray,None reported,Yes,7000,25,0.0503593499327343,0,1,Very Old
Lexus,RX 350 RX 350 F SPORT Handling,2022,14330,Gasoline,3.5,Automatic,Black,Red,None reported,Yes,54998,4,3.8376945084083456,1,0,New
BMW,750 i xDrive,2019,41906,Gasoline,445.0,8-Speed A/T,Blue,White,At least 1 accident or damage reported,Yes,45999,7,1.0976447848808075,1,0,Moderate
Chevrolet,Camaro 2SS,2016,164000,Gasoline,455.0,8-Speed A/T,Black,Red,None reported,Yes,21500,10,0.13109676160511216,0,1,Moderate
Ford,Fusion Hybrid SE,2013,161933,Hybrid,2.0,Automatic CVT,Blue,Charcoal Black,None reported,Yes,7945,13,0.04906319858707869,0,1,Old
Hyundai,Santa Cruz 2.5T Limited,2022,22829,Gasoline,2.5,Automatic,Hampton Gray,Black,None reported,Yes,34580,4,1.5146736749890495,0,0,New
Lexus,RX 350 F Sport,2023,5483,Gasoline,2.4,8-Speed Automatic,Ultra White,Black,None reported,Yes,59950,3,10.931801604668125,1,0,New
Land,Rover Range Rover Evoque S,2020,46891,Gasoline,246.0,9-Speed A/T,Gray,Black,At least 1 accident or damage reported,Yes,31000,6,0.6610935767295061,1,0,Moderate
Chevrolet,Suburban LT,2019,72000,Gasoline,355.0,A/T,Blue,Beige,At least 1 accident or damage reported,Yes,39000,7,0.5416591436230053,0,0,Moderate
Chevrolet,Camaro 1LT,2021,18000,Gasoline,335.0,10-Speed A/T,White,Black,At least 1 accident or damage reported,Yes,30000,5,1.6665740792178212,0,0,New
Jeep,Gladiator Freedom,2021,30630,Gasoline,3.6,Automatic,Hydro Blue Pearlcoat,Black,None reported,Yes,39998,5,1.3058013123959387,0,0,New
Toyota,Tacoma Double Cab,2007,24985,Gasoline,236.0,5-Speed A/T,Silver,Silver,None reported,Yes,33580,19,1.3439526134635396,0,0,Old
GMC,Yukon Denali Ultimate,2023,9978,Gasoline,420.0,10-Speed A/T,White,Gold,None reported,Yes,93999,3,9.419681330794669,0,0,New
Ford,Shelby GT350R Base,2018,18500,Gasoline,526.0,M/T,Blue,Black,At least 1 accident or damage reported,Yes,77999,8,4.215934273823037,0,0,Moderate
Cadillac,Escalade Premium Luxury Platinum,2021,72843,Gasoline,6.2,10-Speed Automatic,Sandstone Metallic,Dark Auburn,None reported,Yes,79990,5,1.0981000494206798,0,0,New
Buick,LaCrosse Base,2017,67500,Gasoline,310.0,8-Speed A/T,Black,Beige,None reported,Yes,20000,9,0.29629190678656614,0,0,Moderate
Tesla,Model X Long Range Plus,2020,43534,Gasoline,534.0,1-Speed A/T,Black,Black,None reported,Yes,65990,6,1.515791891581486,1,0,Moderate
Mercedes-Benz,E-Class E 300 4MATIC,2017,36900,Gasoline,241.0,9-Speed A/T,Gray,Beige,None reported,Yes,28500,9,0.772336793040839,1,0,Moderate
Chevrolet,Tahoe LT,2017,61720,E85 Flex Fuel,5.3,Automatic,Silver,Jet Black,At least 1 accident or damage reported,Yes,39998,9,0.6480452358192511,0,0,Moderate
Kia,Telluride EX,2022,35938,Gasoline,3.8,8-Speed Automatic,Glacial White Pearl,Black,None reported,Yes,43329,4,1.2056261999499152,0,0,New
Toyota,Tundra Hybrid Limited,2023,10748,Hybrid,3.4,Automatic,Midnight Black Metallic,Black,None reported,Yes,63100,3,5.870313517536515,0,0,New
Nissan,Armada Platinum,2018,108206,Gasoline,5.6,Automatic,White,Charcoal,At least 1 accident or damage reported,Yes,26498,8,0.24488249373885237,0,1,Moderate
Land,Rover Discovery HSE,2020,32705,Diesel,3.0,Automatic,Portofino Blue Metallic,Tan/Ebony/Ebony,None reported,Yes,46598,6,1.4247538677918425,1,0,Moderate
Kia,Telluride S,2020,74026,Gasoline,3.8,8-Speed Automatic,Sangria Red,Black,None reported,Yes,32913,6,0.4446080484147676,0,0,Moderate
Lexus,GS 350 F Sport,2020,24651,Gasoline,3.5,6-Speed Automatic,Ultra White,Black,None reported,Yes,45950,6,1.8639461301314295,1,0,Moderate
BMW,X6 xDrive40i,2022,13000,Hybrid,335.0,Transmission w/Dual Shift Mode,Gray,Orange,None reported,Yes,69000,4,5.307284055072687,1,0,New
Chevrolet,Silverado 3500 High Country,2015,77500,Diesel,397.0,6-Speed A/T,Black,Brown,None reported,Yes,54000,11,0.6967652030296383,0,0,Old
Maserati,Quattroporte Sport GT,2007,82000,Gasoline,394.0,Transmission w/Dual Shift Mode,Black,Black,At least 1 accident or damage reported,Yes,7999,19,0.09754759088303801,1,0,Old
Ford,Expedition Limited,2021,29830,Gasoline,3.5,10-Speed Automatic,Magnetic Metallic,Ebony,None reported,Yes,55329,5,1.8547484160772352,0,0,New
Kia,Optima LX,2019,62660,Gasoline,185.0,A/T,White,Black,None reported,Yes,16500,7,0.2633216833437066,0,0,Moderate
Land,Rover Range Rover Sport SVR,2018,56006,Gasoline,575.0,Transmission w/Dual Shift Mode,Silver,White,None reported,Yes,59000,8,1.0534397486028533,1,0,Moderate
Lexus,RX 450h F SPORT Handling,2021,31365,Hybrid,3.5,Variable,Beige,Red,None reported,Yes,52998,5,1.689663967353185,1,0,New
Lincoln,Town Car Base,2004,27600,Gasoline,239.0,4-Speed A/T,Black,White,None reported,Yes,14900,22,0.5398355132060433,0,0,Very Old
Honda,Civic Si,2012,47245,Gasoline,201.0,6-Speed M/T,White,Black,None reported,Yes,19600,14,0.4148499343859798,0,0,Old
Lexus,RX 450h Base,2017,73948,Hybrid,308.0,A/T,White,Beige,None reported,Yes,31990,9,0.4325954373960432,1,0,Moderate
RAM,1500 Classic Warlock,2019,36757,E85 Flex Fuel,3.6,8-Speed Automatic,Diamond Black,Diesel Gray / Black,None reported,Yes,31953,7,0.8692801567005822,0,0,Moderate
Tesla,Model Y Long Range,2023,4786,Gasoline,425.0,A/T,White,White,None reported,Yes,48000,3,10.027156883225402,1,0,New
Audi,RS 3 2.5T,2023,1900,Gasoline,401.0,Transmission w/Dual Shift Mode,Gray,Black,None reported,Yes,78900,3,41.50447133087849,1,0,New
Hyundai,Genesis Coupe 3.8 R-Spec,2014,52060,Gasoline,348.0,6-Speed M/T,Black,Black,At least 1 accident or damage reported,Yes,15000,12,0.2881235473771153,0,0,Old
Porsche,Boxster RS 60 Spyder,2008,58000,Gasoline,303.0,6-Speed M/T,Silver,Black,None reported,Yes,41500,18,0.7155049050878434,1,0,Old
Ford,F-250 XLT,2010,52246,Diesel,6.4,6-Speed Manual,Tan,Medium Stone,None reported,Yes,26095,16,0.49945451413478287,0,0,Old
Kia,Sorento EX,2016,64290,Gasoline,2.0,6-Speed Automatic,Snow White Pearl,Satin Black,None reported,Yes,16999,10,0.2644071487455476,0,0,Moderate
Nissan,370Z Touring,2009,37500,Gasoline,332.0,6-Speed M/T,Silver,Orange,None reported,Yes,21500,17,0.5733180448521373,0,0,Old
Genesis,G70 2.0T,2023,2121,Gasoline,252.0,8-Speed A/T,White,Red,None reported,Yes,40750,3,19.203581526861452,0,0,New
Land,Rover Range Rover Sport Supercharged,2013,57000,Gasoline,510.0,Transmission w/Dual Shift Mode,White,Beige,None reported,Yes,26000,13,0.4561323485552885,1,0,Old
Mercedes-Benz,S-Class S 560 4MATIC,2020,22000,Gasoline,463.0,A/T,White,Beige,None reported,Yes,69500,6,3.1589473205763374,1,0,Moderate
Ford,Bronco Wildtrak Advanced,2023,2000,Gasoline,315.0,A/T,Black,Black,None reported,Yes,66500,3,33.23338330834583,0,0,New
RAM,1500 SLT,2018,61802,E85 Flex Fuel,305.0,8-Speed A/T,Black,Gray,None reported,Yes,32000,8,0.5177742180800284,0,0,Moderate
Jeep,Grand Cherokee Laredo,2013,106700,E85 Flex Fuel,290.0,6-Speed A/T,Black,Black,None reported,Yes,13500,13,0.12652177580341328,0,1,Old
Audi,RS 5 4.2,2013,75965,Gasoline,450.0,7-Speed A/T,White,Black,At least 1 accident or damage reported,Yes,35999,13,0.4738830529447384,1,0,Old
Jeep,Grand Cherokee L Overland,2022,31804,Gasoline,3.6,Automatic,Silver Zynith,Global Black,At least 1 accident or damage reported,Yes,48995,4,1.540481056437667,0,0,New
Chrysler,Crossfire Limited,2005,116320,Gasoline,215.0,5-Speed A/T,Gray,Red,At least 1 accident or damage reported,Yes,6000,21,0.05158139974725114,0,1,Very Old
Audi,S5 4.2 Premium Plus,2011,156875,Gasoline,354.0,6-Speed M/T,Black,Red,At least 1 accident or damage reported,Yes,9900,15,0.06310716744435095,1,1,Old
Tesla,Model X Base,2023,197,Gasoline,670.0,A/T,Blue,Black,None reported,Yes,85000,3,429.2929292929293,1,0,New
Cadillac,CT4 Luxury,2020,35200,Gasoline,237.0,8-Speed A/T,Blue,Black,None reported,Yes,28500,6,0.8096360898838101,0,0,Moderate
Maserati,Ghibli S Q4,2014,76000,Gasoline,404.0,A/T,Black,Black,None reported,Yes,19000,12,0.24999671056959777,1,0,Old
Jaguar,F-PACE 25t Premium,2019,29000,Gasoline,247.0,A/T,White,Black,None reported,Yes,34500,7,1.1896141512361642,1,0,Moderate
BMW,750 i xDrive,2019,33499,Gasoline,445.0,A/T,Gray,Black,At least 1 accident or damage reported,Yes,44495,7,1.3282089552238805,1,0,Moderate
Acura,TLX V6 Advance,2019,25779,Gasoline,3.5,9-Speed Automatic,Platinum White Pearl,Ebony,At least 1 accident or damage reported,Yes,30999,7,1.20244375484872,0,0,Moderate
GMC,Terrain SLT-1,2015,76296,Gasoline,182.0,6-Speed A/T,Gray,Black,At least 1 accident or damage reported,Yes,9500,11,0.12451341468209759,0,0,Old
BMW,i3 Base w/Range Extender,2014,29553,Gasoline,170.0,1-Speed A/T,Black,Gray,None reported,Yes,12800,12,0.43310550179332746,1,0,Old
Nissan,Versa 1.8 S,2011,109902,Gasoline,122.0,A/T,Blue,Gray,None reported,Yes,4500,15,0.04094519712837684,0,1,Old
Mercedes-Benz,C-Class C 300 4MATIC,2019,23083,Gasoline,255.0,9-Speed A/T,White,Beige,None reported,Yes,33500,7,1.4512216253682204,1,0,Moderate
Toyota,Matrix XRS,2003,143600,Gasoline,180.0,6-Speed M/T,Black,Black,None reported,Yes,4199,23,0.029240743448861777,0,1,Very Old
RAM,1500 Limited,2021,22000,Gasoline,395.0,8-Speed A/T,Black,Black,None reported,Yes,54800,5,2.4907958729148674,0,0,New
Mercedes-Benz,AMG E 53 Base 4MATIC,2022,13000,Hybrid,429.0,9-Speed A/T,Silver,Black,None reported,Yes,81500,4,6.268748557803246,1,0,New
Audi,A5 2.0T Premium,2018,53000,Gasoline,252.0,A/T,White,Brown,At least 1 accident or damage reported,Yes,28000,8,0.5282919190203959,1,0,Moderate
Lincoln,Navigator Reserve,2019,44741,Gasoline,450.0,10-Speed A/T,Beige,Beige,None reported,Yes,52999,7,1.1845469581154173,0,0,Moderate
Audi,A6 3.2 quattro,2008,202000,Gasoline,255.0,A/T,Blue,Gray,At least 1 accident or damage reported,Yes,5700,18,0.02821768209068272,1,1,Old
Mercedes-Benz,S-Class S 560,2019,77138,Gasoline,4.0,Automatic,designo Diamond White,Black,None reported,Yes,49998,7,0.6481546299537199,1,0,Moderate
Volvo,XC90 T6 Momentum,2018,90641,Gasoline,2.0,8-Speed Automatic,White,Amber,None reported,Yes,25999,8,0.2868317115685885,0,0,Moderate
Toyota,Camry SE,2011,177702,Gasoline,179.0,A/T,Gray,Gray,At least 1 accident or damage reported,Yes,7700,15,0.04333072598661812,0,1,Old
Mercedes-Benz,Metris Base,2018,58350,Gasoline,208.0,7-Speed A/T,Black,Black,None reported,Yes,29497,8,0.505509759901287,1,0,Moderate
Chevrolet,Camaro 2LT,2010,86170,Gasoline,304.0,6-Speed A/T,Black,Black,At least 1 accident or damage reported,Yes,17000,16,0.19728214828654653,0,0,Old
Mazda,MX-5 Miata Grand Touring,2012,36568,Gasoline,167.0,6-Speed M/T,Blue,Beige,At least 1 accident or damage reported,Yes,20199,14,0.5523530859471136,0,0,Old
Ford,Escape SE,2015,54357,Gasoline,173.0,6-Speed A/T,White,Gray,None reported,Yes,16250,11,0.298944037676147,0,0,Old
Mercedes-Benz,S-Class S 63 AMG,2015,20394,Gasoline,5.5,Automatic,Black,Black,At least 1 accident or damage reported,Yes,59598,11,2.922186810492768,1,0,Old
Kia,Niro EX,2023,7578,Hybrid,1.6,Automatic,Snow White Pearl,Charcoal,None reported,Yes,31113,3,4.105158991951445,0,0,New
Porsche,Boxster Base,2010,64800,Gasoline,255.0,6-Speed M/T,Gray,Gray,At least 1 accident or damage reported,Yes,20900,16,0.3225258869461891,1,0,Old
Toyota,4Runner Trail,2016,117780,Gasoline,270.0,5-Speed A/T,Gray,Black,None reported,Yes,27750,10,0.2356067617018025,0,1,Moderate
Hyundai,Kona EV SEL,2019,33100,Gasoline,201.0,1-Speed A/T,Black,Black,None reported,Yes,18200,7,0.549832331349506,0,0,Moderate
Land,Rover Range Rover Evoque SE,2016,86202,Gasoline,240.0,9-Speed A/T,Black,Black,None reported,Yes,18750,10,0.2175098314443813,1,0,Moderate
Ford,E350 Super Duty XLT,2012,163000,E85 Flex Fuel,255.0,A/T,White,Gray,None reported,Yes,19550,14,0.11993791449132214,0,1,Old
Mercedes-Benz,SL-Class SL500 Roadster,2004,35400,Gasoline,302.0,7-Speed A/T,Black,Gray,None reported,Yes,24900,22,0.7033699613005282,1,0,Very Old
Jeep,Compass Trailhawk,2018,31000,Gasoline,180.0,9-Speed A/T,Gray,Black,None reported,Yes,22000,8,0.7096545272733138,0,0,Moderate
Mercedes-Benz,S-Class S 560 4MATIC,2018,103069,Gasoline,4.0,Automatic,Anthracite Blue Metallic,Silk Beige/Espresso Brown,None reported,Yes,40998,8,0.39776850684001164,1,1,Moderate
Lexus,IS-F Base,2010,41500,Gasoline,416.0,8-Speed A/T,Blue,Black,At least 1 accident or damage reported,Yes,44800,16,1.0794920604322786,1,0,Old
BMW,335 i,2010,91545,Gasoline,300.0,6-Speed A/T,Black,Black,None reported,Yes,13000,16,0.14200511218403863,1,0,Old
Buick,Lucerne CXL,2006,110000,Gasoline,275.0,A/T,Gold,Beige,None reported,Yes,5000,20,0.045454132235161496,0,1,Old
Lincoln,MKX Reserve,2016,88000,Gasoline,335.0,Transmission w/Dual Shift Mode,Black,Black,None reported,Yes,18500,10,0.21022488380813856,0,0,Moderate
Nissan,Armada Platinum,2018,42833,Gasoline,390.0,Transmission w/Dual Shift Mode,Blue,Gray,None reported,Yes,37000,8,0.8637997852173507,0,0,Moderate
BMW,435 Gran Coupe i,2015,60100,Gasoline,300.0,8-Speed A/T,Blue,Beige,None reported,Yes,24995,11,0.4158832631736577,1,0,Old
Jeep,Wagoneer Series III,2022,17381,Gasoline,5.7,8-Speed Automatic,Velvet Red Pearlcoat,Global Black,None reported,Yes,69685,4,4.009032332297779,0,0,New
Cadillac,ATS 2.5L,2013,63172,Gasoline,202.0,A/T,Black,Black,At least 1 accident or damage reported,Yes,12995,13,0.2057049688949393,0,0,Old
Ford,Transit Connect XLT,2010,72000,Gasoline,136.0,A/T,White,Gray,At least 1 accident or damage reported,Yes,10900,16,0.15138678629463478,0,0,Old
Kia,EV6 GT-Line,2022,4820,Gasoline,320.0,1-Speed A/T,Red,Black,None reported,Yes,47500,4,9.852727649865173,0,0,New
Audi,S5 3.0T Premium Plus,2014,67900,Gasoline,333.0,6-Speed M/T,Silver,Black,None reported,Yes,25990,12,0.38276314045448523,1,0,Old
Toyota,Tundra SR,2018,51000,Gasoline,381.0,A/T,Black,Gray,None reported,Yes,38000,8,0.7450834297366719,0,0,Moderate
Jeep,Wrangler Unlimited Freedom Edition,2013,54500,Gasoline,285.0,A/T,Green,Black,None reported,Yes,35000,13,0.642190051558687,0,0,Old
Maserati,Quattroporte Base,2006,61840,Gasoline,394.0,Transmission w/Dual Shift Mode,Gray,Beige,None reported,Yes,16500,20,0.2668132792160541,1,0,Old
Mercedes-Benz,CLS-Class CLS500,2006,28950,Gasoline,302.0,7-Speed A/T,Blue,Beige,None reported,Yes,16750,20,0.5785637801803046,1,0,Old
Nissan,Frontier SL,2011,103400,Gasoline,261.0,5-Speed A/T,Gray,Gray,At least 1 accident or damage reported,Yes,17000,15,0.1644084680032108,0,1,Old
Land,Rover Defender X-Dynamic SE,2023,3678,Hybrid,3.0,Automatic,Fuji White,Black,None reported,Yes,81998,3,22.288121772220713,1,0,New
Ford,F-150 XL,2016,107000,E85 Flex Fuel,385.0,6-Speed A/T,White,Gray,At least 1 accident or damage reported,Yes,22000,10,0.2056055550882702,0,1,Moderate
Porsche,911 Carrera S,2010,13850,Gasoline,385.0,6-Speed M/T,Black,Black,None reported,Yes,71400,16,5.154862464803985,1,0,Old
Volvo,XC70 3.2,2008,46700,Gasoline,235.0,6-Speed A/T,White,Beige,None reported,Yes,11400,18,0.24410612192458406,0,0,Old
Chrysler,300 Touring,2021,21478,Gasoline,3.6,Automatic,Silver Mist,Black,None reported,Yes,27798,5,1.2941943293449416,0,0,New
Honda,Insight EX,2020,64200,Hybrid,151.0,CVT Transmission,White,Black,At least 1 accident or damage reported,Yes,20499,6,0.31929409199233655,0,0,Moderate
Porsche,Cayman S,2006,31075,Gasoline,3.4,5-Speed Automatic,Black,Black / Stone Grey,None reported,Yes,36250,20,1.1664950444072597,1,0,Old
Tesla,Model Y Performance,2022,25250,Gasoline,455.0,1-Speed A/T,White,White,None reported,Yes,47800,4,1.8929943368579463,1,0,New
BMW,M5 Competition,2020,35400,Gasoline,617.0,8-Speed A/T,Orange,Black,None reported,Yes,71950,6,2.0324284624728115,1,0,Moderate
Audi,S4 4.2 quattro,2004,74030,Gasoline,340.0,6-Speed M/T,Silver,Gray,None reported,Yes,16000,22,0.21612567708122274,1,0,Very Old
Ford,F-250 Platinum,2021,48549,Diesel,6.7,Automatic,Antimatter Blue Metallic,Black,None reported,Yes,69998,5,1.441771369721936,0,0,New
Kia,Seltos S,2023,5182,Gasoline,146.0,A/T,White,Black,None reported,Yes,32500,3,6.270499710592321,0,0,New
RAM,ProMaster 2500 High Roof,2019,31681,Gasoline,280.0,A/T,White,Black,At least 1 accident or damage reported,Yes,33500,7,1.0573827409885739,0,0,Moderate
BMW,M760 M760i xDrive,2020,23430,Gasoline,6.6,Automatic,White,Black,None reported,Yes,80998,6,3.4568733728820793,1,0,Moderate
Mercedes-Benz,E-Class E 400,2015,30300,Gasoline,329.0,A/T,White,Black,At least 1 accident or damage reported,Yes,29000,11,0.9570641232962609,1,0,Old
Cadillac,XTS Luxury,2016,112000,Gasoline,304.0,A/T,Blue,Beige,At least 1 accident or damage reported,Yes,14599,10,0.13034705047276363,0,1,Moderate
INFINITI,Q50 Premium,2014,127356,Gasoline,328.0,7-Speed A/T,Black,Black,At least 1 accident or damage reported,Yes,19990,12,0.15696035553601295,0,1,Old
Volkswagen,Touareg V6 Executive,2017,50600,Gasoline,280.0,8-Speed A/T,Red,Brown,At least 1 accident or damage reported,Yes,28890,9,0.5709373332542835,0,0,Moderate
Chevrolet,Suburban 1500 LTZ,2011,194000,E85 Flex Fuel,320.0,6-Speed A/T,Black,Black,None reported,Yes,9950,15,0.05128839542064216,0,1,Old
Toyota,Tundra SR5,2021,33455,Gasoline,381.0,6-Speed A/T,Green,Black,None reported,Yes,44750,5,1.3375777140124343,0,0,New
BMW,X1 sDrive28i,2022,43000,Gasoline,228.0,8-Speed A/T,Gray,Black,None reported,Yes,35750,4,0.8313760145112904,1,0,New
Mercedes-Benz,GL-Class GL 550 4MATIC,2016,46102,Gasoline,429.0,7-Speed A/T,Black,Beige,None reported,Yes,35300,10,0.7656768540008242,1,0,Moderate
Cadillac,XTS Luxury,2019,59000,Gasoline,304.0,6-Speed A/T,Black,Black,None reported,Yes,21000,7,0.35592617074286875,0,0,Moderate
Jaguar,XJ8 Base,2004,134000,Gasoline,294.0,6-Speed A/T,Black,Beige,At least 1 accident or damage reported,Yes,9500,22,0.07089499332094537,1,1,Very Old
Mercedes-Benz,Sprinter 2500,2012,100245,Diesel,188.0,A/T,White,–,At least 1 accident or damage reported,Yes,24000,14,0.23941104881990305,1,1,Old
Mercedes-Benz,C-Class C 300 4MATIC,2022,8583,Gasoline,2.0,9-Speed Automatic,Cirrus Silver Metallic,AMG Black,None reported,Yes,42999,4,5.009203168685928,1,0,New
Dodge,Dakota SLT,2003,141800,Gasoline,230.0,A/T,Red,Gray,At least 1 accident or damage reported,Yes,5700,23,0.040197177734994816,0,1,Very Old
Audi,A5 2.0T Premium Plus,2012,77000,Gasoline,211.0,8-Speed A/T,White,Black,None reported,Yes,13800,14,0.17921845170841938,1,0,Old
Audi,A5 2.0T Premium,2018,67035,Gasoline,252.0,Transmission w/Dual Shift Mode,Pink,Brown,At least 1 accident or damage reported,Yes,31500,8,0.46989677188376394,1,0,Moderate
Audi,S5 3.0 Premium Plus,2012,61450,Gasoline,333.0,7-Speed A/T,White,Gray,None reported,Yes,19500,14,0.31732599957689867,1,0,Old
Porsche,Panamera GTS,2015,39500,Gasoline,440.0,Transmission w/Dual Shift Mode,Black,Black,None reported,Yes,52590,11,1.3313586997797524,1,0,Old
Chevrolet,Camaro 2SS,2023,2300,Gasoline,455.0,6-Speed M/T,Red,Black,None reported,Yes,51500,3,22.381573229030856,0,0,New
Audi,Q7 Premium Plus,2023,10601,Hybrid,3.0,Automatic,Mythos Black,Black,None reported,Yes,61998,3,5.847764572722128,1,0,New
Maserati,GranTurismo MC,2018,18000,Gasoline,454.0,Transmission w/Dual Shift Mode,Red,Black,None reported,Yes,67000,8,3.7220154435864674,1,0,Moderate
GMC,Sierra 2500 AT4,2022,31681,Gasoline,6.6,Automatic,Cayenne Red Tintcoat,Jet Black,At least 1 accident or damage reported,Yes,67963,4,2.1451612903225805,0,0,New
Cadillac,XT6 Sport AWD,2020,24114,Gasoline,3.6,9-Speed Automatic,Garnet Red Metallic,Jet Black,At least 1 accident or damage reported,Yes,49427,6,2.0496371552975328,0,0,Moderate
Jeep,Grand Cherokee L Laredo,2022,22109,Gasoline,3.6,Automatic,Bright White Clearcoat,Global Black,None reported,Yes,43389,4,1.962415196743555,0,0,New
Chevrolet,Avalanche 1500 LT,2012,148000,E85 Flex Fuel,320.0,A/T,Black,Black,None reported,Yes,18000,14,0.12162079985946041,0,1,Old
BMW,M5 Base,2018,41000,Gasoline,600.0,Transmission w/Dual Shift Mode,White,White,None reported,Yes,60200,8,1.468256871783615,1,0,Moderate
Nissan,Titan SE,2009,127600,E85 Flex Fuel,317.0,A/T,Brown,Gray,None reported,Yes,19500,17,0.15282011896458492,0,1,Old
Dodge,Ram 1500 SRT-10 Quad Cab,2005,138450,Gasoline,500.0,4-Speed A/T,Red,Black,At least 1 accident or damage reported,Yes,19000,21,0.13723266715299998,0,1,Very Old
Lexus,RX 350 F Sport,2017,53649,Gasoline,295.0,A/T,Black,Red,None reported,Yes,33000,9,0.6150978564771669,1,0,Moderate
Mercedes-Benz,GL-Class GL 450 4MATIC,2012,174000,Gasoline,335.0,7-Speed A/T,Black,Black,At least 1 accident or damage reported,Yes,11999,14,0.06895937379670232,1,1,Old
INFINITI,QX80 Luxe,2022,49860,Gasoline,5.6,Automatic,Black Obsidian,Graphite,At least 1 accident or damage reported,Yes,47645,4,0.9555564469224443,0,0,New
Mercedes-Benz,AMG C 63 S,2021,13650,Gasoline,503.0,9-Speed A/T,Blue,Black,None reported,Yes,75000,5,5.4941029961175,1,0,New
BMW,528 i xDrive,2016,134000,Gasoline,240.0,A/T,Brown,Brown,At least 1 accident or damage reported,Yes,13500,10,0.10074551682450131,1,1,Moderate
Porsche,911 Carrera,2014,78000,Gasoline,350.0,Transmission w/Dual Shift Mode,Brown,Brown,None reported,Yes,68000,12,0.8717836950808323,1,0,Old
Porsche,Boxster S,2005,65750,Gasoline,280.0,A/T,Blue,Gray,None reported,Yes,21750,21,0.33079344800839533,1,0,Very Old
BMW,X6 M Base,2021,18000,Gasoline,600.0,8-Speed A/T,Black,Black,None reported,Yes,94000,5,5.221932114882507,1,0,New
Ford,Mustang Premium,2007,121630,Gasoline,210.0,A/T,White,Black,None reported,Yes,9450,19,0.07769400892864484,0,1,Old
Volvo,XC90 Recharge Plug-In Hybrid T8 Inscription 7 Passenger,2022,9408,Hybrid,2.0,8-Speed Automatic,Black,Gray,None reported,Yes,61999,4,6.589329365501116,0,0,New
BMW,528 i xDrive,2016,120000,Gasoline,240.0,A/T,White,White,None reported,Yes,16000,10,0.13333222223148142,1,1,Moderate
Cadillac,Escalade ESV Platinum,2016,168600,Gasoline,420.0,8-Speed A/T,White,Beige,None reported,Yes,29500,10,0.17496930623187287,0,1,Moderate
Chevrolet,Corvette Base,2004,43705,Gasoline,350.0,6-Speed M/T,Gray,Black,None reported,Yes,25900,22,0.5925959822450007,0,0,Very Old
Audi,A5 2.0T Premium,2013,111000,Gasoline,211.0,Transmission w/Dual Shift Mode,Blue,Beige,None reported,Yes,11500,13,0.103602670246214,1,1,Old
Audi,TT 2.0T Premium,2012,64549,Gasoline,211.0,Transmission w/Dual Shift Mode,Silver,Black,None reported,Yes,17000,14,0.26336173508907823,1,0,Old
Buick,LaCrosse CX,2007,53000,Gasoline,200.0,4-Speed A/T,Red,Gray,None reported,Yes,6500,19,0.1226391954868776,0,0,Old
Chevrolet,Camaro 2SS,2017,13465,Gasoline,455.0,8-Speed A/T,White,Black,None reported,Yes,44900,9,3.3343234813604634,0,0,Moderate
Tesla,Model Y Long Range,2023,5844,Gasoline,425.0,A/T,White,Black,None reported,Yes,52000,3,8.896492728828058,1,0,New
BMW,M3 Base,2015,74000,Gasoline,425.0,M/T,Gray,Black,None reported,Yes,40000,11,0.5405332360373508,1,0,Old
Kia,Optima LX,2011,100331,Gasoline,200.0,A/T,Red,–,At least 1 accident or damage reported,Yes,6900,15,0.0687716780289439,0,1,Old
Toyota,Supra 3.0 Premium,2022,24850,Gasoline,382.0,A/T,Black,Black,None reported,Yes,53568,4,2.1555671803951553,0,0,New
Lincoln,Nautilus Reserve,2021,17467,Gasoline,2.0,8-Speed Automatic,Pristine White,Slate,None reported,Yes,43860,5,2.5108770322876115,0,0,New
Nissan,Pathfinder SL,2015,115000,Gasoline,260.0,A/T,Gray,Black,None reported,Yes,11995,11,0.10430344083964488,0,1,Old
BMW,X5 xDrive50i,2015,72000,Gasoline,445.0,Transmission w/Dual Shift Mode,Black,Brown,At least 1 accident or damage reported,Yes,26500,11,0.3680504437438369,1,0,Old
Mazda,MazdaSpeed3 Grand Touring,2008,162000,Gasoline,263.0,6-Speed M/T,Black,Black,At least 1 accident or damage reported,Yes,6500,18,0.04012320911599311,0,1,Old
GMC,Yukon XL SLT,2017,47589,Gasoline,355.0,A/T,Black,Black,None reported,Yes,45500,9,0.9560832107585627,0,0,Moderate
RAM,ProMaster 2500 High Roof,2018,10339,Gasoline,280.0,6-Speed A/T,White,Gray,None reported,Yes,36990,8,3.5773694390715667,0,0,Moderate
RAM,1500 Classic SLT,2021,32092,Gasoline,3.6,8-Speed Automatic,Patriot Blue Pearlcoat,Black,None reported,Yes,35113,5,1.0941015174648678,0,0,New
Lexus,GS 350 Base,2014,85275,Gasoline,3.5,Automatic,Nebula Gray Pearl,Black,At least 1 accident or damage reported,Yes,23998,12,0.28141563863220603,1,0,Old
Hyundai,Tucson Limited,2016,138000,Gasoline,175.0,7-Speed A/T,Brown,Beige,None reported,Yes,10990,10,0.07963710407895595,0,1,Moderate
Chevrolet,SSR Base,2003,87500,Gasoline,300.0,A/T,Red,Black,None reported,Yes,16999,23,0.194272065462109,0,0,Very Old
Maserati,GranTurismo Base,2013,34920,Gasoline,440.0,6-Speed A/T,Gray,Brown,None reported,Yes,38900,13,1.1139428996878669,1,0,Old
BMW,M2 Base,2018,25000,Gasoline,365.0,7-Speed A/T,Black,Black,None reported,Yes,52000,8,2.0799168033278668,1,0,Moderate
Tesla,Model Y Long Range,2021,14642,Gasoline,425.0,A/T,Red,Black,None reported,Yes,48500,5,3.312162808167725,1,0,New
Subaru,Outback 2.5i Limited,2015,162000,Gasoline,175.0,CVT Transmission,Gray,Black,None reported,Yes,13999,11,0.08641304683304424,0,1,Old
Buick,Roadmaster Estate,1996,119500,Gasoline,260.0,4-Speed A/T,White,Beige,At least 1 accident or damage reported,Yes,16999,30,0.14224985564974352,0,1,Very Old
Land,Rover Range Rover 5.0L Supercharged,2017,101800,Gasoline,510.0,A/T,Silver,Black,None reported,Yes,36500,9,0.3585426469288121,1,1,Moderate
Ford,Expedition Max XLT,2021,84351,Gasoline,3.5,10-Speed Automatic,Blue,Ebony,None reported,Yes,42691,5,0.5061053679817906,0,0,New
Nissan,Leaf SL,2012,26930,Gasoline,107.0,1-Speed A/T,White,Beige,None reported,Yes,6700,14,0.24878392930080576,0,0,Old
Toyota,Tacoma TRD Pro,2019,40698,Gasoline,3.5,6-Speed,Super White,Black,None reported,Yes,42886,7,1.0537359640286001,0,0,Moderate
BMW,230 i,2019,30000,Gasoline,248.0,8-Speed A/T,Blue,Beige,At least 1 accident or damage reported,Yes,29000,7,0.9666344455184828,1,0,Moderate
Lexus,ES 350 Base,2007,78980,Gasoline,272.0,6-Speed A/T,Silver,Beige,At least 1 accident or damage reported,Yes,10600,19,0.13420949342246868,1,0,Old
Porsche,911 Carrera S Cabriolet,2007,28844,Gasoline,3.8,6-Speed Manual,White,Beige,None reported,Yes,69995,19,2.4265903969492113,1,0,Old
Maserati,Levante Modena,2023,5409,Gasoline,3.0,8-Speed Automatic,Blu,Black,None reported,Yes,88950,3,16.44177449168207,1,0,New
Mazda,Mazda6 Touring,2021,19000,Gasoline,187.0,A/T,Blue,Black,None reported,Yes,25900,5,1.3630861533603496,0,0,New
Audi,S4 3.0T Premium,2019,12000,Gasoline,349.0,A/T,Black,Black,None reported,Yes,48000,7,3.99966669444213,1,0,Moderate
Ford,Mustang GT Premium,2016,25717,Gasoline,435.0,6-Speed M/T,Black,Black,None reported,Yes,33900,10,1.318142934909402,0,0,Moderate
Tesla,Model Y Long Range,2022,12055,Gasoline,425.0,A/T,Blue,Black,None reported,Yes,44400,4,3.682813536828135,1,0,New
Audi,TTS 2.0T Premium Plus,2011,69700,Gasoline,265.0,6-Speed A/T,Orange,–,At least 1 accident or damage reported,Yes,23000,15,0.3299809184947131,1,0,Old
BMW,M2 Competition,2020,25013,Gasoline,405.0,7-Speed A/T,Black,Black,None reported,Yes,55000,6,2.198768689533861,1,0,Moderate
Audi,Q4 e-tron Sportback Premium,2023,1156,Gasoline,295.0,A/T,Blue,Black,None reported,Yes,54900,3,47.45030250648228,1,0,New
BMW,740 i,2016,57939,Gasoline,320.0,8-Speed A/T,Gray,Black,None reported,Yes,27500,10,0.47462892647566446,1,0,Moderate
Mercedes-Benz,AMG GLE 43 Coupe 4MATIC,2018,52694,Gasoline,385.0,Transmission w/Dual Shift Mode,Gray,Black,None reported,Yes,49999,8,0.9488376506309897,1,0,Moderate
Mercedes-Benz,S-Class S 550 4MATIC,2015,54000,Gasoline,449.0,7-Speed A/T,White,Beige,None reported,Yes,37000,11,0.6851724968056148,1,0,Old
Honda,S2000 Base,2002,110500,Gasoline,240.0,6-Speed M/T,Yellow,Red,None reported,Yes,27000,24,0.24434168016579036,0,1,Very Old
Chevrolet,Corvette Base,2000,97500,Gasoline,345.0,6-Speed M/T,Yellow,Black,None reported,Yes,10000,26,0.1025630506353781,0,0,Very Old
Chevrolet,Colorado Z71,2020,20909,Gasoline,3.6,Automatic,Red,Jet Black,None reported,Yes,35387,6,1.6923481587757054,0,0,Moderate
Mercedes-Benz,S-Class S 63 AMG,2013,77648,Gasoline,536.0,7-Speed A/T,Silver,Black,None reported,Yes,40000,13,0.515138636685598,1,0,Old
Bentley,Continental GTC Base,2013,79422,Gasoline,616.0,8-Speed A/T,Black,Black,None reported,Yes,64000,13,0.8058119184619065,1,0,Old
GMC,Sierra 2500 SLE H/D Extended Cab,2002,53850,Gasoline,340.0,A/T,Silver,Gray,At least 1 accident or damage reported,Yes,16900,24,0.3138288982562998,0,0,Very Old
Audi,SQ5 3.0T Premium,2020,21832,Gasoline,349.0,8-Speed A/T,Blue,Black,None reported,Yes,42000,6,1.9236934915036872,1,0,Moderate
Toyota,Corolla iM Base,2017,41932,Gasoline,137.0,6-Speed M/T,Black,Black,None reported,Yes,18700,9,0.4459494908544583,0,0,Moderate
GMC,Yukon XL SLT,2017,110000,Gasoline,355.0,A/T,Blue,Black,At least 1 accident or damage reported,Yes,34999,9,0.3181698348196835,0,1,Moderate
Toyota,Tundra 1794,2020,67400,Gasoline,381.0,A/T,Black,Brown,None reported,Yes,47500,6,0.7047373184374119,0,0,Moderate
Subaru,WRX Premium,2017,62662,Gasoline,268.0,M/T,Red,Black,At least 1 accident or damage reported,Yes,24000,9,0.3830011330450186,0,0,Moderate
Subaru,WRX Base,2015,102000,Gasoline,268.0,M/T,White,Black,At least 1 accident or damage reported,Yes,18000,11,0.17646885814844954,0,1,Old
INFINITI,Q50 Premium,2014,79785,Gasoline,328.0,7-Speed A/T,Red,White,At least 1 accident or damage reported,Yes,16488,12,0.20665279622991503,0,0,Old
Chevrolet,Suburban Premier,2017,166549,Gasoline,355.0,6-Speed A/T,White,Beige,At least 1 accident or damage reported,Yes,24950,9,0.14980486340438307,0,1,Moderate
Toyota,Sequoia Limited,2006,190656,Gasoline,273.0,A/T,Black,Gray,At least 1 accident or damage reported,Yes,8900,20,0.046680688356577515,0,1,Old
Porsche,Cayenne GTS,2009,135606,Gasoline,405.0,Transmission w/Dual Shift Mode,Black,Black,None reported,Yes,15000,17,0.11061375887675415,1,1,Old
Kia,Telluride S,2023,14700,Gasoline,291.0,8-Speed A/T,Blue,Black,None reported,Yes,39900,3,2.7141010815590776,0,0,New
Mercedes-Benz,AMG E 63 S 4MATIC,2019,12985,Gasoline,603.0,9-Speed A/T,Gray,Black,At least 1 accident or damage reported,Yes,96000,7,7.3925766209764365,1,0,Moderate
BMW,Z4 sDrive35is,2014,4200,Gasoline,335.0,Transmission w/Dual Shift Mode,White,Red,None reported,Yes,64995,12,15.471316353249227,1,0,Old
Subaru,Impreza 2.0i Sport,2017,44000,Gasoline,152.0,5-Speed M/T,Red,Black,None reported,Yes,23500,9,0.5340787709370242,0,0,Moderate
Dodge,Dart SE,2015,66000,Gasoline,160.0,6-Speed M/T,Black,Black,None reported,Yes,12000,11,0.18181542703898426,0,0,Old
Land,Rover Range Rover P525 Westminster,2021,17945,Gasoline,5.0,8-Speed Automatic,Santorini Black Metallic,Ebony,None reported,Yes,89900,5,5.009472863033545,1,0,New
Nissan,370Z Base,2013,106700,Gasoline,332.0,6-Speed M/T,Red,Black,None reported,Yes,17500,13,0.16400970937479498,0,1,Old
Cadillac,Escalade ESV Luxury,2020,120000,Gasoline,420.0,10-Speed A/T,Black,Black,None reported,Yes,55000,6,0.4583295139207173,0,1,Moderate
Mercedes-Benz,E-Class E 350,2012,59600,Gasoline,302.0,Transmission w/Dual Shift Mode,White,Beige,None reported,Yes,19900,14,0.33388701531853493,1,0,Old
Kia,Optima Hybrid EX,2012,117220,Hybrid,206.0,A/T,Black,Black,None reported,Yes,8900,14,0.07592496225079123,0,1,Old
Chevrolet,Silverado 3500 LTZ,2022,85200,Diesel,445.0,10-Speed A/T,Silver,Gray,None reported,Yes,67500,4,0.7922442224856516,0,0,New
Volkswagen,Golf GTI 2.0T SE 4-Door,2018,63450,Gasoline,220.0,6-Speed M/T,White,Black,None reported,Yes,24325,8,0.38336669240831506,0,0,Moderate
Dodge,Ram 1500 SRT-10,2004,73000,Gasoline,500.0,6-Speed M/T,Black,Gray,None reported,Yes,22500,22,0.30821495595950743,0,0,Very Old
Scion,tC Anniversary Edition,2014,115000,Gasoline,179.0,6-Speed M/T,Silver,Silver,None reported,Yes,11495,12,0.09995565255954296,0,1,Old
Land,Rover Range Rover 5.0L Supercharged Autobiography,2016,56000,Gasoline,510.0,8-Speed A/T,Black,Brown,None reported,Yes,49900,10,0.8910555168657702,1,0,Moderate
Lexus,LS 500 Base,2018,67296,Gasoline,3.5,"Automatic, 10-Spd",–,–,None reported,Yes,40900,8,0.6077536888717179,1,0,Moderate
Chevrolet,Suburban 1500 LT,2015,179200,Gasoline,355.0,6-Speed A/T,Black,–,At least 1 accident or damage reported,Yes,16000,11,0.08928521604232119,0,1,Old
Maserati,GranTurismo Base,2015,28000,Gasoline,444.0,6-Speed A/T,White,Red,None reported,Yes,44999,11,1.6070497482232777,1,0,Old
Porsche,911 Carrera Turbo,2003,155000,Gasoline,415.0,6-Speed M/T,Black,Black,None reported,Yes,55000,23,0.3548364204101909,1,1,Very Old
Hyundai,Sonata Hybrid Base,2012,154000,Hybrid,206.0,A/T,Green,Gray,At least 1 accident or damage reported,Yes,8500,14,0.055194446789306566,0,1,Old
Cadillac,CTS Luxury,2012,62500,Gasoline,270.0,6-Speed A/T,Red,Beige,At least 1 accident or damage reported,Yes,18955,14,0.30327514759763846,0,0,Old
BMW,323 Ci,2000,177700,Gasoline,170.0,5-Speed A/T,Silver,Black,None reported,Yes,2500,26,0.014068575866202216,1,1,Very Old
Nissan,370Z Touring,2012,65000,Gasoline,332.0,6-Speed M/T,Gray,Black,None reported,Yes,21500,14,0.33076414209012167,0,0,Old
Mercedes-Benz,GLS 450 Base 4MATIC,2018,62808,Gasoline,3.0,Automatic,Black,–,At least 1 accident or damage reported,Yes,38598,8,0.6145297648426181,1,0,Moderate
Ford,Mustang GT Premium,2021,3000,Gasoline,460.0,6-Speed M/T,Red,Black,None reported,Yes,49500,5,16.494501832722428,0,0,New
Audi,Q5 2.0T Premium,2012,119000,Gasoline,211.0,A/T,Gray,–,None reported,Yes,12000,14,0.10083948874379207,1,1,Old
RAM,2500 Big Horn,2013,198868,Diesel,350.0,6-Speed A/T,Brown,Beige,None reported,Yes,25000,13,0.12571089511185757,0,1,Old
Dodge,Ram 1500 ST,2011,188000,Gasoline,210.0,A/T,Silver,Black,At least 1 accident or damage reported,Yes,8500,15,0.04521252546529008,0,1,Old
Mercedes-Benz,C-Class C 300 4MATIC Sport,2013,157405,Gasoline,248.0,A/T,Black,Black,None reported,Yes,10750,13,0.06829472828227641,1,1,Old
Land,Rover Range Rover 3.0L Supercharged HSE,2018,73101,Gasoline,380.0,A/T,Blue,Beige,None reported,Yes,42950,8,0.5875352247544526,1,0,Moderate
BMW,M4 Base,2018,10950,Gasoline,425.0,6-Speed M/T,White,White,None reported,Yes,60995,8,5.56981097616656,1,0,Moderate
Mercedes-Benz,S-Class S 560 4MATIC,2018,63160,Gasoline,463.0,A/T,Black,–,At least 1 accident or damage reported,Yes,47000,8,0.7441300802710533,1,0,Moderate
Land,Rover Range Rover 5.0L V8 Supercharged,2019,31866,Gasoline,5.0,"Automatic, 8-Spd",–,–,None reported,Yes,68900,7,2.162111274986663,1,0,Moderate
Chevrolet,Express 3500 Base,2009,75000,Gasoline,319.0,A/T,White,Gray,None reported,Yes,18900,17,0.2519966400447994,0,0,Old
Toyota,4Runner TRD Pro,2016,98000,Gasoline,270.0,A/T,Black,Black,At least 1 accident or damage reported,Yes,36000,10,0.3673431903756084,0,0,Moderate
Mazda,MX-5 Miata Grand Touring,2012,33576,Gasoline,167.0,6-Speed M/T,Red,Beige,None reported,Yes,18900,14,0.562885308395628,0,0,Old
Volkswagen,Touareg VR6 Lux,2012,123200,Gasoline,280.0,A/T,Gray,Beige,At least 1 accident or damage reported,Yes,12449,14,0.10104625774141443,0,1,Old
Jaguar,XJ Base,2013,112000,Gasoline,340.0,A/T,Blue,White,None reported,Yes,8800,13,0.07857072704707993,1,1,Old
Chevrolet,Camaro 2SS,2010,68000,Gasoline,426.0,6-Speed A/T,Gray,Gray,At least 1 accident or damage reported,Yes,19500,16,0.2867604888163409,0,0,Old
INFINITI,G37 x,2012,120000,Gasoline,328.0,Transmission w/Dual Shift Mode,Red,Black,At least 1 accident or damage reported,Yes,14500,14,0.12083232639728002,0,1,Old
BMW,X6 xDrive50i,2019,45000,Gasoline,445.0,8-Speed A/T,Silver,Black,At least 1 accident or damage reported,Yes,46999,7,1.0443990133552588,1,0,Moderate
Chevrolet,Camaro LT1,2022,6700,Gasoline,455.0,10-Speed A/T,Gray,Black,None reported,Yes,39500,4,5.894642590658111,0,0,New
Mercedes-Benz,S-Class S 63 AMG,2015,40900,Gasoline,577.0,7-Speed A/T,White,–,None reported,Yes,59750,11,1.460844478130119,1,0,Old
Cadillac,Escalade ESV Premium Luxury,2018,74150,Gasoline,420.0,10-Speed A/T,Gold,Brown,None reported,Yes,45000,8,0.6068697657482705,0,0,Moderate
Toyota,Camry Hybrid XLE,2014,94448,Hybrid,200.0,A/T,Silver,Gray,None reported,Yes,15999,12,0.16939300574913446,0,0,Old
Audi,A6 3.0T Prestige,2015,108000,Gasoline,310.0,Transmission w/Dual Shift Mode,Black,Brown,None reported,Yes,19998,11,0.18516495217636875,1,1,Old
BMW,X5 M Base,2012,118000,Gasoline,555.0,Transmission w/Dual Shift Mode,White,Orange,At least 1 accident or damage reported,Yes,17000,14,0.14406657570698553,1,1,Old
Jaguar,F-PACE SVR,2020,38800,Gasoline,550.0,Transmission w/Dual Shift Mode,Black,Black,None reported,Yes,57500,6,1.4819205690574986,1,0,Moderate
BMW,740 i,2017,55000,Gasoline,320.0,Transmission w/Dual Shift Mode,White,Black,None reported,Yes,40000,9,0.7272595043726477,1,0,Moderate
BMW,M340 i xDrive,2021,34967,Hybrid,382.0,8-Speed A/T,Blue,Beige,At least 1 accident or damage reported,Yes,49999,5,1.4298501487073896,1,0,New
Jeep,Wrangler Unlimited Sport,2016,85325,Gasoline,285.0,5-Speed A/T,Black,Black,None reported,Yes,30000,10,0.35159271499894523,0,0,Moderate
RAM,2500 Tradesman,2018,63750,Gasoline,410.0,6-Speed A/T,Gray,Gray,None reported,Yes,36000,8,0.5646970243604021,0,0,Moderate
Ford,Mustang V6,2016,87248,Gasoline,300.0,6-Speed A/T,Black,Black,None reported,Yes,19999,10,0.22921752684844526,0,0,Moderate
Mercedes-Benz,GL-Class GL 450,2011,112854,Gasoline,335.0,7-Speed A/T,White,Black,None reported,Yes,11999,15,0.10632227194187231,1,1,Old
Tesla,Model Y Long Range,2023,10000,Gasoline,425.0,A/T,Blue,Black,None reported,Yes,48000,3,4.7995200479952,1,0,New
Mercedes-Benz,E-Class E 350,2022,14100,Gasoline,255.0,9-Speed A/T,Gray,Black,None reported,Yes,53000,4,3.7585986809446137,1,0,New
BMW,X7 xDrive40i,2023,14360,Hybrid,375.0,8-Speed A/T,Black,Black,None reported,Yes,85495,3,5.953276234245526,1,0,New
Chevrolet,Trailblazer RS,2023,10000,Gasoline,155.0,9-Speed A/T,Blue,Black,None reported,Yes,32000,3,3.1996800319968,0,0,New
Chevrolet,Suburban Premier,2021,73846,Gasoline,5.3,10-Speed Automatic,Midnight Blue Metallic,Jet Black,None reported,Yes,60995,5,0.8259644941568378,0,0,New
Jeep,Gladiator Overland,2020,40000,Gasoline,285.0,Transmission w/Dual Shift Mode,Gray,Black,None reported,Yes,45000,6,1.1249718757031075,0,0,Moderate
GMC,Yukon XL AT4,2023,9980,Gasoline,355.0,10-Speed A/T,Black,Black,None reported,Yes,82000,3,8.215609658350866,0,0,New
Mazda,Mazda6 Grand Touring Reserve,2019,41997,Gasoline,227.0,6-Speed A/T,Black,Black,None reported,Yes,24995,7,0.5951473879708558,0,0,Moderate
Alfa,Romeo Giulia Ti,2021,2000,Gasoline,280.0,8-Speed A/T,Blue,Brown,None reported,Yes,39000,5,19.490254872563717,0,0,New
Mercedes-Benz,CLA-Class CLA 250,2016,42750,Gasoline,208.0,Transmission w/Dual Shift Mode,Black,Black,At least 1 accident or damage reported,Yes,22999,10,0.537975719866202,1,0,Moderate
BMW,330 330i xDrive,2019,19473,Gasoline,4.0,Automatic,Alpine White,Canberra Beige,None reported,Yes,31698,7,1.6277087398582726,1,0,Moderate
Volkswagen,Beetle 2.0T S,2019,35340,Gasoline,174.0,A/T,Black,Gray,None reported,Yes,23000,7,0.6508021844316799,0,0,Moderate
Mercedes-Benz,CLK-Class CLK 350,2008,93000,Gasoline,268.0,7-Speed A/T,White,Beige,At least 1 accident or damage reported,Yes,12000,18,0.12903087063579963,1,0,Old
Audi,RS 7 4.0T Prestige,2014,66150,Gasoline,560.0,8-Speed A/T,White,Black,At least 1 accident or damage reported,Yes,47995,12,0.725537028918686,1,0,Old
Volvo,XC60 Recharge Plug-In Hybrid T8 Inscription,2022,19352,Plug-In Hybrid,455.0,8-Speed A/T,Blue,Beige,None reported,Yes,54599,4,2.8212163488864777,0,0,New
Land,Rover Range Rover Supercharged LWB,2020,81000,Gasoline,518.0,A/T,Black,Black,None reported,Yes,64800,6,0.7999901235787212,1,0,Moderate
Toyota,Sequoia Limited,2011,183000,Gasoline,381.0,6-Speed A/T,Gold,Beige,None reported,Yes,16000,15,0.08743121622286217,0,1,Old
Jeep,Wrangler X,2004,44000,Gasoline,190.0,M/T,Green,Green,At least 1 accident or damage reported,Yes,24999,22,0.5681461784959433,0,0,Very Old
Audi,S5 3.0T Premium,2021,18100,Gasoline,349.0,8-Speed A/T,Gray,Gray,None reported,Yes,51800,5,2.8617203469421577,1,0,New
Land,Rover Range Rover Sport Supercharged,2011,40000,Gasoline,510.0,Transmission w/Dual Shift Mode,Blue,Brown,At least 1 accident or damage reported,Yes,20000,15,0.4999875003124922,1,0,Old
Mercedes-Benz,Sprinter 2500,2011,120000,Diesel,188.0,5-Speed A/T,Black,Gray,None reported,Yes,31999,15,0.26665611119907334,1,1,Old
Toyota,Sequoia Platinum,2023,325,Hybrid,437.0,10-Speed A/T,Blue,Gray,None reported,Yes,84997,3,260.7269938650307,0,0,New
Maserati,Quattroporte S GranLusso,2017,55000,Gasoline,405.0,A/T,Blue,Black,None reported,Yes,39100,9,0.7108961655242632,1,0,Moderate
Ford,Mustang Bullitt,2019,48500,Gasoline,480.0,6-Speed M/T,Black,Black,At least 1 accident or damage reported,Yes,44999,7,0.927795303189625,0,0,Moderate
RAM,2500 Tradesman,2018,52000,Diesel,350.0,6-Speed A/T,Gray,Black,None reported,Yes,50000,8,0.9615199707697929,0,0,Moderate
Toyota,FJ Cruiser Base,2007,179000,Gasoline,239.0,A/T,Silver,Black,At least 1 accident or damage reported,Yes,17900,19,0.09999944134390311,0,1,Old
Dodge,Charger Scat Pack,2019,42626,Gasoline,485.0,8-Speed A/T,Silver,Red,None reported,Yes,42000,7,0.9852910127384052,0,0,Moderate
Lexus,GX 460 Base,2018,65900,Gasoline,301.0,Transmission w/Dual Shift Mode,Gray,Black,At least 1 accident or damage reported,Yes,34700,8,0.526547396852855,1,0,Moderate
Genesis,GV80 2.5T,2022,7523,Gasoline,2.5,8-Speed Automatic,Black,Black,None reported,Yes,54543,4,7.249202551834131,0,0,New
Jaguar,F-PACE 30t R-Sport,2019,34365,Gasoline,2.0,Automatic,Yulong,Ebony,None reported,Yes,59598,7,1.7342140487691322,1,0,Moderate
Kia,Sportage S,2021,16949,Gasoline,2.4,6-Speed Automatic,Hyper Red,Black,None reported,Yes,24995,5,1.474631268436578,0,0,New
Porsche,Panamera Base,2018,61000,Gasoline,330.0,Transmission w/Dual Shift Mode,Gray,Gray,None reported,Yes,57500,8,0.9426074982377338,1,0,Moderate
INFINITI,QX80 Base,2018,100564,Gasoline,5.6,7-Speed Automatic,Black,Graphite,None reported,Yes,23105,8,0.22975190175508378,0,1,Moderate
Ford,Maverick Lariat,2022,13700,Hybrid,191.0,CVT Transmission,Blue,Brown,None reported,Yes,39500,4,2.8830012407853443,0,0,New
Kia,Telluride SX,2021,38612,Gasoline,3.8,8-Speed Automatic,Ebony Black,Black,None reported,Yes,42242,5,1.0939838914355269,0,0,New
Chevrolet,Colorado Z85,2005,155000,Gasoline,220.0,A/T,Blue,Gray,At least 1 accident or damage reported,Yes,7995,21,0.05158031238508139,0,1,Very Old
Mercedes-Benz,E-Class E 550,2017,56000,Gasoline,402.0,Transmission w/Dual Shift Mode,Gray,White,None reported,Yes,35750,9,0.6383814574739737,1,0,Moderate
Toyota,Corolla Hybrid LE,2022,44459,Hybrid,121.0,A/T,Silver,Gray,None reported,Yes,22945,4,0.5160818713450293,0,0,New
Mercedes-Benz,E-Class E 300 4MATIC,2017,31000,Gasoline,241.0,A/T,Blue,White,At least 1 accident or damage reported,Yes,38000,9,1.2257669107448146,1,0,Moderate
Mercedes-Benz,SLK-Class SLK 350,2012,44000,Gasoline,302.0,Transmission w/Dual Shift Mode,Gray,White,At least 1 accident or damage reported,Yes,22222,14,0.505033976500534,1,0,Old
Mercedes-Benz,E-Class E 400 4MATIC,2018,22558,Gasoline,3.0,9-Speed Automatic,Black,Black,None reported,Yes,47645,8,2.112017376656767,1,0,Moderate
Jeep,Wrangler X,2003,116157,Gasoline,210.0,4-Speed A/T,Beige,Beige,None reported,Yes,14250,23,0.12267773205461527,0,1,Very Old
Lincoln,Navigator Premiere,2018,23500,Gasoline,450.0,10-Speed A/T,Black,Black,At least 1 accident or damage reported,Yes,50000,8,2.1275690396153357,0,0,Moderate
Chevrolet,Corvette Base,2008,28150,Gasoline,430.0,Transmission w/Dual Shift Mode,Red,Beige,None reported,Yes,31000,18,1.101204220098753,0,0,Old
GMC,Yukon XL Denali,2016,137500,Gasoline,420.0,A/T,Black,Black,At least 1 accident or damage reported,Yes,29500,10,0.2145438942262238,0,1,Moderate
Ford,Explorer XLT,2017,169000,E85 Flex Fuel,290.0,A/T,White,Beige,None reported,Yes,13000,9,0.07692262175963456,0,1,Moderate
Chevrolet,Camaro 2SS,2010,8949,Gasoline,426.0,M/T,Yellow,Black,None reported,Yes,30000,16,3.35195530726257,0,0,Old
BMW,750 i xDrive,2020,25108,Gasoline,523.0,8-Speed A/T,Black,Black,None reported,Yes,66000,6,2.628539567485762,1,0,Moderate
Land,Rover Range Rover 3.0L Supercharged HSE,2016,103000,Gasoline,380.0,Transmission w/Dual Shift Mode,Black,Black,None reported,Yes,33999,10,0.33008417394005884,1,1,Moderate
Porsche,911 Carrera 4 Cabriolet,2003,87600,Gasoline,315.0,Transmission w/Dual Shift Mode,Black,Black,At least 1 accident or damage reported,Yes,32000,23,0.3652926336457346,1,0,Very Old
Mercedes-Benz,CLA-Class CLA 250,2015,76753,Gasoline,208.0,A/T,Red,Black,At least 1 accident or damage reported,Yes,15999,11,0.20844516246710268,1,0,Old
Mercedes-Benz,Metris Base,2019,10500,Gasoline,208.0,A/T,Black,Brown,None reported,Yes,79500,7,7.570707551661746,1,0,Moderate
Mercedes-Benz,E-Class E 350 4MATIC,2011,199000,Gasoline,268.0,7-Speed A/T,Silver,Black,None reported,Yes,9250,15,0.04648217848151517,1,1,Old
Lexus,LS 460 L,2007,127980,Gasoline,380.0,8-Speed A/T,Blue,Beige,None reported,Yes,9999,19,0.07812878474148506,1,1,Old
BMW,X6 xDrive40i,2023,16307,Hybrid,335.0,A/T,Red,White,None reported,Yes,71400,3,4.378219278881531,1,0,New
Audi,S5 3.0T Prestige,2021,13566,Gasoline,3.0,1-Speed Automatic,Daytona Gray Pearl Effect,Magma Red,None reported,Yes,57900,5,4.267708410112774,1,0,New
Audi,Q7 Premium Plus,2022,22588,Hybrid,3.0,Automatic,Navarra Blue,Saiga Beige,None reported,Yes,52598,4,2.3284784629687016,1,0,New
Jaguar,XE 25t,2019,41452,Gasoline,247.0,Transmission w/Dual Shift Mode,White,Black,At least 1 accident or damage reported,Yes,22500,7,0.5427833932405375,1,0,Moderate
Genesis,G80 3.3T Sport,2019,57500,Gasoline,365.0,A/T,Red,Black,None reported,Yes,32990,7,0.5737291525364776,0,0,Moderate
BMW,M2 Competition,2020,500,Gasoline,405.0,7-Speed A/T,Black,Black,None reported,Yes,70000,6,139.72055888223554,1,0,Moderate
Subaru,Impreza WRX Premium,2014,55000,Gasoline,265.0,5-Speed M/T,White,Black,None reported,Yes,30000,12,0.5454446282794858,0,0,Old
GMC,Sierra 2500 Base,2021,8210,Gasoline,401.0,A/T,White,Black,None reported,Yes,55000,5,6.6983315065156495,0,0,New
Lincoln,Nautilus Reserve,2021,18160,Gasoline,2.7,8-Speed Automatic,Silver Radiance,Slate,None reported,Yes,46850,5,2.579703760806123,0,0,New
Jaguar,XF XFR-S,2013,4279,Gasoline,550.0,8-Speed A/T,White,Black,None reported,Yes,70000,13,16.35514018691589,1,0,Old
Mercedes-Benz,Sprinter Normal Roof,2013,39748,Diesel,188.0,A/T,Silver,Black,At least 1 accident or damage reported,Yes,54995,13,1.3835568190394727,1,0,Old
Toyota,Land Cruiser Base,1998,160000,Gasoline,230.0,4-Speed A/T,White,Beige,At least 1 accident or damage reported,Yes,12490,28,0.07806201211242429,0,1,Very Old
Toyota,Tacoma PreRunner,2013,65000,Gasoline,159.0,A/T,Silver,Gray,None reported,Yes,20500,13,0.3153797633882556,0,0,Old
BMW,Z4 sDrive28i,2016,59000,Gasoline,240.0,8-Speed A/T,Black,Beige,None reported,Yes,25000,10,0.42372163183674855,1,0,Moderate
BMW,530e Base,2022,22700,Plug-In Hybrid,288.0,A/T,White,Black,None reported,Yes,47000,4,2.070393374741201,1,0,New
Mercedes-Benz,GLA 250 Base 4MATIC,2018,56578,E85 Flex Fuel,208.0,7-Speed A/T,White,Black,None reported,Yes,20900,8,0.36939500521394864,1,0,Moderate
Hyundai,Genesis 4.6,2010,153332,Gasoline,378.0,Transmission w/Dual Shift Mode,Silver,Black,At least 1 accident or damage reported,Yes,10000,16,0.06521753308159366,0,1,Old
Cadillac,ATS 3.6L Luxury,2013,89700,Gasoline,321.0,6-Speed A/T,Black,Red,None reported,Yes,17999,13,0.2006555110868329,0,0,Old
Lincoln,Town Car Signature,2002,118600,Gasoline,220.0,A/T,Black,Gray,At least 1 accident or damage reported,Yes,5230,24,0.044097435940675035,0,1,Very Old
GMC,Sierra 1500 SLT,2021,23400,Gasoline,420.0,A/T,Black,Black,None reported,Yes,52000,5,2.222127259518824,0,0,New
Mercedes-Benz,Sprinter High Roof,2015,110000,Diesel,188.0,A/T,White,Gray,None reported,Yes,29000,11,0.2636339669639367,1,1,Old
Jaguar,XJ Vanden Plas,2008,87888,Gasoline,300.0,6-Speed A/T,Black,Black,None reported,Yes,11990,18,0.13642207784819488,1,0,Old
Lexus,RC 350 Base,2015,73800,Gasoline,3.5,6-Speed Automatic,Black,Black,None reported,Yes,26999,11,0.36583515128521293,1,0,Old
Audi,S3 2.0T Premium Plus,2015,78124,Gasoline,292.0,6-Speed A/T,Blue,Black,None reported,Yes,21500,11,0.2752,1,0,Old
Subaru,WRX Limited,2015,91000,Gasoline,268.0,6-Speed M/T,Red,Black,At least 1 accident or damage reported,Yes,19000,11,0.20878891440753397,0,0,Old
Dodge,Ram 2500 SLT Quad Cab,2003,114000,Gasoline,345.0,5-Speed A/T,White,Beige,At least 1 accident or damage reported,Yes,10700,23,0.09385882579977368,0,1,Very Old
Subaru,WRX Limited,2015,76000,Gasoline,268.0,6-Speed M/T,Blue,Black,None reported,Yes,21000,11,0.27631215378745017,0,0,Old
Audi,RS 4 4.2 quattro L,2008,146500,Gasoline,420.0,6-Speed M/T,Red,Black,At least 1 accident or damage reported,Yes,30000,18,0.20477675920300886,1,1,Old
Porsche,911 Carrera,2007,26021,Gasoline,325.0,6-Speed M/T,Silver,Gray,None reported,Yes,53999,19,2.07512873722235,1,0,Old
Audi,A4 2.0T Premium Plus,2015,73000,E85 Flex Fuel,220.0,A/T,Black,Black,At least 1 accident or damage reported,Yes,17200,11,0.23561321077793454,1,0,Old
Audi,A4 3.2 Premium Plus quattro,2009,153000,Gasoline,265.0,6-Speed A/T,Gray,Beige,None reported,Yes,8700,17,0.056862373448539553,1,1,Old
Ford,Excursion Limited,2003,67550,Diesel,325.0,5-Speed A/T,Gold,Beige,None reported,Yes,30000,23,0.4441088955011769,0,0,Very Old
Ford,Excursion Limited,2004,170000,Gasoline,310.0,A/T,Gold,Gold,None reported,Yes,8500,22,0.049999705884083034,0,1,Very Old
Land,Rover Range Rover Sport 5.0L Supercharged Dynamic,2017,53000,Gasoline,510.0,Transmission w/Dual Shift Mode,Black,Beige,None reported,Yes,47500,9,0.8962095054810286,1,0,Moderate
Audi,Q8 3.0T Prestige,2019,54900,Hybrid,335.0,A/T,Gold,Black,At least 1 accident or damage reported,Yes,48500,7,0.8834083167884009,1,0,Moderate
BMW,X5 xDrive35i,2016,89000,Gasoline,300.0,8-Speed A/T,Black,Black,None reported,Yes,24000,10,0.2696598914618937,1,0,Moderate
Ford,Bronco Base,2022,6200,Gasoline,275.0,7-Speed M/T,Black,Black,None reported,Yes,49000,4,7.901951298177713,0,0,New
Ford,F-150 XLT,2021,51808,Gasoline,5.0,10-Speed Automatic,Silver,Black,None reported,Yes,42388,5,0.8181590071223147,0,0,New
Hyundai,Genesis Coupe 3.8 Track,2013,89000,Gasoline,344.0,6-Speed M/T,White,Black,At least 1 accident or damage reported,Yes,12500,13,0.14044786013640295,0,0,Old
Toyota,Camry LE,1999,86111,Gasoline,133.0,A/T,Gold,Beige,At least 1 accident or damage reported,Yes,3500,27,0.040644741731698256,0,0,Very Old
Mercedes-Benz,E-Class E 400 4MATIC,2018,45203,Gasoline,3.0,9-Speed Automatic,White,Saddle Brown,None reported,Yes,39853,8,0.8816255198654986,1,0,Moderate
Audi,S5 3.0T Prestige,2022,14739,Gasoline,3.0,1-Speed Automatic,Daytona Gray Pearl Effect,Black,None reported,Yes,61900,4,4.199457259158752,1,0,New
Buick,Enclave Premium,2017,139105,Gasoline,3.6,6-Speed Automatic,Iridium Metallic,Light Titanium,At least 1 accident or damage reported,Yes,17550,9,0.12616278233864822,0,1,Moderate
Ford,Mustang GT Premium,2011,101000,Gasoline,412.0,6-Speed M/T,Red,Black,None reported,Yes,18500,15,0.1831665033019475,0,1,Old
GMC,Yukon XL SLT,2016,93000,Gasoline,355.0,A/T,Black,Black,At least 1 accident or damage reported,Yes,30000,10,0.322577176589499,0,0,Moderate
Ford,Mustang V6 Premium,2013,62500,Gasoline,305.0,6-Speed M/T,Black,Black,None reported,Yes,16000,13,0.25599590406553496,0,0,Old
Lexus,IS-F Base,2008,75000,Gasoline,416.0,8-Speed A/T,Blue,Black,At least 1 accident or damage reported,Yes,29000,18,0.3866615111798509,1,0,Old
BMW,435 i,2015,34455,Gasoline,300.0,8-Speed A/T,Gray,Beige,None reported,Yes,28000,11,0.812630601346645,1,0,Old
Land,Rover Range Rover Supercharged,2010,130000,Gasoline,510.0,A/T,White,Black,None reported,Yes,15500,16,0.11922985207806094,1,1,Old
Mercedes-Benz,CLA-Class CLA 250,2014,76170,Gasoline,208.0,Transmission w/Dual Shift Mode,Gray,Black,At least 1 accident or damage reported,Yes,16500,12,0.21661787294377124,1,0,Old
GMC,Yukon SLT,2010,194500,E85 Flex Fuel,320.0,6-Speed A/T,White,Beige,At least 1 accident or damage reported,Yes,9500,16,0.04884293654017203,0,1,Old
BMW,535 i,2008,135000,Gasoline,300.0,A/T,Silver,Black,None reported,Yes,5699,18,0.04221450211479915,1,1,Old
Dodge,Charger GT,2021,33000,Gasoline,300.0,Transmission w/Dual Shift Mode,White,Gray,At least 1 accident or damage reported,Yes,26999,5,0.8181267234326233,0,0,New
Hyundai,Genesis 3.8,2010,98700,Gasoline,290.0,Transmission w/Dual Shift Mode,Beige,Beige,None reported,Yes,10340,16,0.10476084335518383,0,0,Old
Honda,Civic Type R Touring,2018,72900,Gasoline,306.0,6-Speed M/T,Black,Black,At least 1 accident or damage reported,Yes,35500,8,0.48696177007174113,0,0,Moderate
Dodge,Durango R/T,2016,135000,Gasoline,360.0,A/T,Black,Black,None reported,Yes,20000,10,0.14814705076258694,0,1,Moderate
Chevrolet,Silverado 1500 Limited High Country,2022,2550,Gasoline,355.0,10-Speed A/T,Red,Black,None reported,Yes,60000,4,23.520188161505292,0,0,New
Jeep,Grand Cherokee Altitude,2020,35289,Gasoline,3.6,8-Speed Automatic,Granite Crystal Clearcoat Metallic,Black,None reported,Yes,35470,6,1.0051005950694247,0,0,Moderate
RAM,1500 Laramie,2022,14636,Gasoline,5.7,8-Speed Automatic,Diamond Black,Black,None reported,Yes,46599,4,3.1836441893830703,0,0,New
Chrysler,Crossfire Limited,2005,24847,Gasoline,3.2,5-Speed Automatic,White,Dark Gray,None reported,Yes,13046,21,0.525032195750161,0,0,Very Old
Nissan,Rogue SL,2019,29558,Gasoline,2.5,Automatic CVT,Magnetic Black,Charcoal,None reported,Yes,25884,7,0.8756723840454684,0,0,Moderate
Audi,A6 55 Premium Plus,2023,6581,Gasoline,3.0,"Automatic, 7-Spd S tronic Dual-Clutch",Chronos Gray Metallic,Black,None reported,Yes,59900,3,9.100577332117897,1,0,New
Mercedes-Benz,AMG GT 53 Base,2020,22000,Hybrid,429.0,9-Speed A/T,Gray,Black,None reported,Yes,83999,6,3.817962819871824,1,0,Moderate
Acura,ILX Technology Plus Package,2017,68200,Gasoline,201.0,Transmission w/Dual Shift Mode,Black,–,At least 1 accident or damage reported,Yes,15750,9,0.2309350302781484,0,0,Moderate
Ford,Expedition Platinum,2019,51300,Gasoline,3.5,10-Speed Automatic,White,Platinum,None reported,Yes,48295,7,0.9414046509814623,0,0,Moderate
BMW,M3 Base,2008,133500,Gasoline,414.0,6-Speed M/T,Gray,Black,None reported,Yes,18500,18,0.13857574100568534,1,1,Old
INFINITI,M37 x,2012,49000,Gasoline,330.0,7-Speed A/T,Gray,Black,None reported,Yes,19900,14,0.40611416093549113,0,0,Old
BMW,650 i,2008,125470,Gasoline,360.0,A/T,Black,Beige,None reported,Yes,8000,18,0.06375975324975493,1,1,Old
Mazda,RX-8 Grand Touring,2008,81219,Gasoline,232.0,6-Speed M/T,Red,Black,None reported,Yes,8500,18,0.10465402610194534,0,0,Old
Porsche,Boxster Base,1999,72000,Gasoline,201.0,5-Speed M/T,Blue,Gray,None reported,Yes,12250,27,0.17013652588158498,1,0,Very Old
Acura,ILX Premium & A-SPEC Packages,2019,19500,Gasoline,201.0,8-Speed A/T,Gray,Black,None reported,Yes,25000,7,1.2819855392031179,0,0,Moderate
Lexus,LX 570 Base,2016,33655,Gasoline,383.0,8-Speed A/T,White,Brown,None reported,Yes,62900,10,1.8689089612550511,1,0,Moderate
Toyota,Highlander Limited Platinum,2015,135140,Gasoline,270.0,A/T,White,Beige,None reported,Yes,23500,11,0.17389245306753687,0,1,Old
Maserati,Ghibli Base,2015,73000,Gasoline,345.0,8-Speed A/T,Black,Brown,None reported,Yes,17999,11,0.24655826632511885,1,0,Old
Land,Rover Range Rover 3.0L Supercharged HSE,2017,55000,Gasoline,380.0,A/T,White,Beige,At least 1 accident or damage reported,Yes,58000,9,1.0545262813403393,1,0,Moderate
Chevrolet,Cruze LTZ,2013,87000,Gasoline,138.0,A/T,Blue,Black,At least 1 accident or damage reported,Yes,10000,13,0.11494120757232676,0,0,Old
BMW,325 xi,2006,137825,Gasoline,215.0,6-Speed A/T,Silver,Black,None reported,Yes,4000,20,0.02902210032940084,1,1,Old
Acura,MDX Technology,2008,184421,Gasoline,300.0,A/T,Gray,Black,None reported,Yes,5000,18,0.027111732873518344,0,1,Old
Lincoln,MKC Base,2015,95000,Gasoline,240.0,6-Speed A/T,White,Black,At least 1 accident or damage reported,Yes,14900,11,0.15684045431100727,0,0,Old
Kia,Sportage Nightfall,2022,26468,Gasoline,2.4,6-Speed Automatic,Pacific Blue,Black,At least 1 accident or damage reported,Yes,27875,4,1.0531187426801163,0,0,New
Bentley,Arnage R,2003,55050,Gasoline,400.0,4-Speed A/T,Gray,Gray,None reported,Yes,34995,23,0.6356832755081652,1,0,Very Old
Kia,Sorento LX,2021,54200,Gasoline,191.0,A/T,White,Black,None reported,Yes,23800,5,0.43910628955185327,0,0,New
Lexus,SC 430 Base,2002,109762,Gasoline,300.0,5-Speed A/T,Blue,Brown,None reported,Yes,15000,24,0.1366580723923362,1,1,Very Old
Land,Rover Range Rover Evoque Base,2012,92080,Gasoline,240.0,6-Speed A/T,Gray,Black,None reported,Yes,14500,14,0.15747005353981822,1,0,Old
Acura,TLX Type S w/Performance Tire,2023,1798,Gasoline,355.0,10-Speed A/T,Black,Black,None reported,Yes,53000,3,29.460811561978876,0,0,New
GMC,Sierra 1500 SLE Crew Cab,2006,167500,Gasoline,295.0,A/T,Silver,Black,None reported,Yes,14500,20,0.08656664736329932,0,1,Old
GMC,Sierra 1500 Denali Ultimate,2023,2500,Gasoline,420.0,10-Speed A/T,White,Brown,None reported,Yes,84000,3,33.58656537385046,0,0,New
Mercedes-Benz,E-Class E 400,2016,77000,Gasoline,329.0,7-Speed A/T,White,Beige,At least 1 accident or damage reported,Yes,24000,10,0.31168426384072934,1,0,Moderate
MINI,Hardtop Cooper,2019,19850,Gasoline,134.0,6-Speed A/T,Black,Black,None reported,Yes,24000,7,1.2090071029167295,0,0,Moderate
Ford,Bronco Outer Banks Advanced,2023,3400,Gasoline,275.0,10-Speed A/T,Gray,Gray,None reported,Yes,57000,3,16.75977653631285,0,0,New
Ford,Bronco,2021,3596,Gasoline,2.7,10-Speed Automatic,Blue,Black Onyx,None reported,Yes,56900,5,15.818737837086461,0,0,New
Ford,F-350 Lariat Super Duty Crew Cab,2009,130200,Diesel,350.0,5-Speed A/T,White,Beige,None reported,Yes,28900,17,0.22196450104069862,0,1,Old
Land,Rover Discovery Sport SE,2017,48200,Gasoline,240.0,9-Speed A/T,White,Gray,None reported,Yes,24998,9,0.5186199456442813,1,0,Moderate
GMC,Yukon XL SLT,2016,183544,Gasoline,355.0,6-Speed A/T,Black,Black,At least 1 accident or damage reported,Yes,22000,10,0.11986161431801466,0,1,Moderate
Ford,Focus RS Base,2016,14900,Gasoline,350.0,6-Speed M/T,Blue,Black,None reported,Yes,39000,10,2.617274008455808,0,0,Moderate
Ford,Bronco Badlands Advanced,2022,4200,Gasoline,315.0,10-Speed A/T,Blue,Black,None reported,Yes,65994,4,15.709116876934063,0,0,New
Hyundai,Genesis 5,2012,15698,Gasoline,429.0,Transmission w/Dual Shift Mode,Black,Black,None reported,Yes,19000,14,1.2102681699471305,0,0,Old
Jeep,Wrangler Unlimited Rubicon,2022,1750,Gasoline,285.0,8-Speed A/T,Gray,Brown,None reported,Yes,65500,4,37.40719588806396,0,0,New
BMW,X4 xDrive30i,2022,34800,Gasoline,248.0,A/T,Blue,Brown,None reported,Yes,46000,4,1.3218010976696073,1,0,New
Jaguar,F-PACE S,2020,35580,Gasoline,3.0,Automatic,Eiger Grey Metallic,Ebony/Light Oyster Stitch,None reported,Yes,46998,6,1.320873499901633,1,0,Moderate
Acura,RSX Type S,2006,71400,Gasoline,201.0,6-Speed M/T,Black,Gray,None reported,Yes,14990,20,0.20994103724037477,0,0,Old
Mazda,MX-5 Miata Base,2003,9260,Gasoline,142.0,5-Speed M/T,White,Beige,None reported,Yes,22000,23,2.375553395961559,0,0,Very Old
GMC,Yukon XL SLT,2023,28500,Gasoline,355.0,A/T,Black,Black,None reported,Yes,67800,3,2.378863899512298,0,0,New
Mercedes-Benz,E-Class E 350 4MATIC,2008,91900,Gasoline,268.0,5-Speed A/T,Black,Black,None reported,Yes,8900,18,0.09684334229224927,1,0,Old
INFINITI,G35 Base,2004,130000,Gasoline,260.0,5-Speed A/T,Beige,Beige,None reported,Yes,7500,22,0.05769186390873916,0,1,Very Old
Cadillac,XTS Premium,2013,56860,Gasoline,3.6,6-Speed Automatic,White Diamond Tri-Coat,Shale,At least 1 accident or damage reported,Yes,21995,13,0.3868204920771706,0,0,Old
MINI,Hardtop Cooper S,2017,44300,Gasoline,189.0,6-Speed M/T,Silver,Black,None reported,Yes,20784,9,0.4691541951648947,0,0,Moderate
BMW,X5 xDrive35i,2014,120000,Gasoline,300.0,Transmission w/Dual Shift Mode,Black,Black,None reported,Yes,20000,12,0.16666527778935175,1,1,Old
Mercedes-Benz,SL-Class SL 550,2013,72500,Gasoline,429.0,7-Speed A/T,Black,Beige,None reported,Yes,31450,13,0.4337871201776527,1,0,Old
RAM,1500 Tradesman/Express,2017,72000,Gasoline,395.0,8-Speed A/T,Blue,Beige,At least 1 accident or damage reported,Yes,24200,9,0.3361064429660699,0,0,Moderate
BMW,135 i,2011,132000,Gasoline,300.0,7-Speed A/T,Black,Beige,None reported,Yes,11000,15,0.08333270202498466,1,1,Old
Hyundai,IONIQ 5 SE,2022,18500,Gasoline,320.0,A/T,White,Black,None reported,Yes,42000,4,2.2701475595913734,0,0,New
Lexus,LS 430 Base,2002,42000,Gasoline,290.0,A/T,Silver,Gray,At least 1 accident or damage reported,Yes,15999,24,0.38091950191662105,1,0,Very Old
Jaguar,F-PACE S,2023,4624,Gasoline,2.0,Automatic,Santorin Black,Black,None reported,Yes,56998,3,12.323891891891892,1,0,New
BMW,M5 Base,2006,106000,Gasoline,500.0,Transmission w/Dual Shift Mode,Black,Black,None reported,Yes,19500,20,0.1839605286742578,1,1,Old
Hyundai,Santa Fe SE,2022,13610,Gasoline,2.5,8-Speed Automatic,Stormy Sea,Black,None reported,Yes,27450,4,2.0167511571523034,0,0,New
Ford,Expedition Timberline,2023,8911,Gasoline,3.5,10-Speed Automatic,Dark Matter Metallic,Black Onyx,At least 1 accident or damage reported,Yes,77430,3,8.688285457809695,0,0,New
Chevrolet,Silverado 1500 LT Trail Boss,2021,48641,Gasoline,5.3,10-Speed Automatic,Silver Ice Metallic,Jet Black,None reported,Yes,43666,5,0.8977015747707743,0,0,New
GMC,Sierra 1500 SLT,2021,11250,Gasoline,420.0,A/T,White,Black,None reported,Yes,70250,5,6.2438894320504845,0,0,New
Ford,Mustang Premium,2007,126000,Gasoline,210.0,A/T,Red,Black,None reported,Yes,9000,19,0.07142800453964651,0,1,Old
BMW,M5 Base,2008,77750,Gasoline,500.0,7-Speed A/T,Silver,Silver,None reported,Yes,21000,18,0.2700929891576957,1,0,Old
Toyota,Tacoma SR,2020,27363,Gasoline,278.0,6-Speed A/T,Gray,Gray,None reported,Yes,35000,6,1.2790527700628562,0,0,Moderate
Porsche,Cayenne Base,2019,30951,Gasoline,3.0,8-Speed Automatic,White,Black,None reported,Yes,80140,7,2.589170328250194,1,0,Moderate
Ford,F-150 Lightning XLT,2023,208,Gasoline,563.0,A/T,Gray,Gold,None reported,Yes,89000,3,425.8373205741627,0,0,New
Dodge,Durango GT,2021,20386,Gasoline,3.6,8-Speed Automatic,Billet Clearcoat Metallic,Black,None reported,Yes,32999,5,1.618629518811007,0,0,New
BMW,330e iPerformance,2018,45253,Plug-In Hybrid,247.0,Transmission w/Dual Shift Mode,Black,Black,None reported,Yes,24995,8,0.5523268661333804,1,0,Moderate
GMC,Terrain Denali,2016,144000,Gasoline,301.0,6-Speed A/T,White,Black,None reported,Yes,18400,10,0.12777689043826085,0,1,Moderate
Ford,Excursion Limited,2004,76163,Diesel,325.0,5-Speed A/T,Gold,Gold,None reported,Yes,20500,22,0.26915603172102304,0,0,Very Old
Hyundai,Genesis 3.8,2015,61300,Gasoline,311.0,8-Speed A/T,Silver,Gray,None reported,Yes,20150,11,0.328705893867963,0,0,Old
Mitsubishi,Mirage ES,2017,35698,Gasoline,78.0,A/T,Blue,Black,None reported,Yes,8750,9,0.2451049048992969,0,0,Moderate
Mercedes-Benz,E-Class E 350 4MATIC,2010,27000,Gasoline,268.0,7-Speed A/T,Black,Black,None reported,Yes,22500,16,0.8333024702788786,1,0,Old
Mazda,Mazda3 i Sport,2015,162000,Gasoline,155.0,Transmission w/Dual Shift Mode,Red,Black,None reported,Yes,11500,11,0.0709872161282955,0,1,Old
BMW,M3 Base,2008,77800,Gasoline,414.0,M/T,Red,Black,None reported,Yes,28500,18,0.3663191989820182,1,0,Old
Mercedes-Benz,E-Class E 350,2014,55000,Gasoline,302.0,A/T,Black,Black,None reported,Yes,19250,12,0.34999363647933673,1,0,Old
Ford,Bronco Outer Banks Advanced,2022,12000,Gasoline,315.0,10-Speed A/T,Gray,Brown,At least 1 accident or damage reported,Yes,65999,4,5.499458378468461,0,0,New
Tesla,Model X 75D,2017,70579,Gasoline,518.0,A/T,Black,White,None reported,Yes,42250,9,0.5986115046755455,1,0,Moderate
Jeep,Wrangler Unlimited Sport,2010,107000,Gasoline,205.0,A/T,White,Gray,At least 1 accident or damage reported,Yes,17500,16,0.16354987336566948,0,1,Old
Honda,Pilot Elite,2021,42653,Gasoline,3.5,9-Speed Automatic,Gray,Black,None reported,Yes,38998,5,0.9142870539691471,0,0,New
Acura,TL 3.2,2008,193783,Gasoline,258.0,A/T,Black,Black,At least 1 accident or damage reported,Yes,10000,18,0.05160384758287578,0,1,Old
Lexus,IS 350 Base,2014,123000,Gasoline,306.0,6-Speed A/T,Red,Black,At least 1 accident or damage reported,Yes,18000,12,0.14634027365631175,1,1,Old
Chevrolet,Equinox LT,2011,130000,Gasoline,264.0,6-Speed A/T,Brown,Black,At least 1 accident or damage reported,Yes,7000,15,0.05384573964815655,0,1,Old
Mitsubishi,Lancer DE,2009,143346,Gasoline,152.0,5-Speed M/T,Black,Black,At least 1 accident or damage reported,Yes,3000,17,0.020928237075069585,0,1,Old
Land,Rover LR2 Base,2015,112465,Gasoline,240.0,6-Speed A/T,White,Beige,None reported,Yes,11995,11,0.10665445556879412,1,1,Old
Audi,A5 2.0T Premium,2012,137273,Gasoline,211.0,A/T,White,Beige,None reported,Yes,11000,14,0.08013170738814342,1,1,Old
Lexus,RX 450h Base,2018,70780,Hybrid,308.0,CVT Transmission,Silver,Gray,None reported,Yes,35700,8,0.5043726423757788,1,0,Moderate
Chevrolet,Tahoe LT,2018,55000,Gasoline,355.0,6-Speed A/T,Black,Black,None reported,Yes,37900,8,0.6890783803930838,0,0,Moderate
Mercedes-Benz,G-Class G 550 4MATIC,2017,23151,Gasoline,416.0,7-Speed A/T,Gray,Black,None reported,Yes,84500,9,3.6497926744989635,1,0,Moderate
Cadillac,XTS Luxury,2013,152000,Gasoline,304.0,A/T,Black,Gray,At least 1 accident or damage reported,Yes,8500,13,0.055920684732337286,0,1,Old
INFINITI,Q50 3.0t Red Sport 400,2020,23344,Gasoline,3.0,7-Speed Automatic,Liquid Platinum,White,None reported,Yes,36999,6,1.5848789890768902,0,0,Moderate
Subaru,Outback 3.6R Limited,2016,87092,Gasoline,256.0,A/T,Blue,Black,At least 1 accident or damage reported,Yes,19500,10,0.22389859116117253,0,0,Moderate
Toyota,Avalon XLS,2004,90625,Gasoline,210.0,A/T,Gray,Gray,None reported,Yes,5500,22,0.06068898550084965,0,0,Very Old
Chevrolet,Traverse RS,2021,44373,Gasoline,310.0,9-Speed A/T,Silver,Black,None reported,Yes,36000,5,0.8112858881326903,0,0,New
BMW,330 i,2021,26000,Gasoline,255.0,Transmission w/Dual Shift Mode,Black,Black,None reported,Yes,37000,5,1.4230221914541747,1,0,New
Karma,Revero Base,2018,20760,Gasoline,403.0,A/T,White,Black,None reported,Yes,55500,8,2.673281633832667,0,0,Moderate
Lexus,GX 460 Base,2021,39102,Gasoline,4.6,Automatic,Silver,Rioja Red,None reported,Yes,51798,5,1.3246553972840958,1,0,New
Alfa,Romeo Stelvio Ti Sport,2019,39615,Gasoline,2.0,"Automatic, 8-Spd",Vulcano Black Metallic,Red/Black,None reported,Yes,28900,7,0.7295032310177706,0,0,Moderate
GMC,Sierra 2500 Base,2019,58000,E85 Flex Fuel,360.0,A/T,Silver,Beige,None reported,Yes,36500,7,0.6292994948362959,0,0,Moderate
Lexus,IS 250 Base,2013,148000,Gasoline,204.0,6-Speed A/T,Gray,Black,At least 1 accident or damage reported,Yes,10000,13,0.06756711103303356,1,1,Old
Porsche,Panamera 2,2011,104000,Gasoline,300.0,7-Speed A/T,White,Black,None reported,Yes,20900,15,0.20095960615763309,1,1,Old
BMW,535 i xDrive,2013,46150,Gasoline,306.0,Transmission w/Dual Shift Mode,Silver,Black,At least 1 accident or damage reported,Yes,17000,13,0.3683560486229984,1,0,Old
Chevrolet,Silverado 2500 High Country,2022,18860,Diesel,445.0,10-Speed A/T,Blue,Gray,None reported,Yes,74500,4,3.949949631514766,0,0,New
Mercedes-Benz,AMG C 63 Base,2017,28399,Gasoline,469.0,7-Speed A/T,Gray,Black,None reported,Yes,55600,9,1.9577464788732395,1,0,Moderate
Jeep,Wrangler Sahara,1998,136500,Gasoline,181.0,5-Speed M/T,Black,Black,None reported,Yes,6999,28,0.05127434963846419,0,1,Very Old
Porsche,Boxster S,2005,95170,Gasoline,280.0,6-Speed M/T,Blue,Gray,None reported,Yes,24900,21,0.2616343213794118,1,0,Very Old
BMW,M3 Base,2006,95450,Gasoline,333.0,6-Speed M/T,Gray,Gray,At least 1 accident or damage reported,Yes,42000,20,0.44001634346418583,1,0,Old
Chevrolet,Camaro LT1,2022,7652,Gasoline,6.2,Automatic,Blue,Jet Black,None reported,Yes,39998,4,5.226447144910493,0,0,New
BMW,535 i xDrive,2011,169000,Gasoline,300.0,Transmission w/Dual Shift Mode,Black,White,At least 1 accident or damage reported,Yes,10999,15,0.06508245513340158,1,1,Old
RAM,1500 Laramie,2022,16744,Gasoline,5.7,8-Speed Automatic,Delmonico Red Pearlcoat,Black,None reported,Yes,46999,4,2.806748283069573,0,0,New
Chevrolet,Express 1500 Cargo,2004,152000,Gasoline,195.0,A/T,White,Gray,At least 1 accident or damage reported,Yes,7999,22,0.05262465378517247,0,1,Very Old
BMW,X7 xDrive40i,2020,46000,Gasoline,335.0,Transmission w/Dual Shift Mode,Black,Black,None reported,Yes,54999,6,1.1956044433816657,1,0,Moderate
BMW,X7 xDrive40i,2022,8000,Hybrid,335.0,A/T,Blue,Brown,None reported,Yes,85000,4,10.623672040994876,1,0,New
Chevrolet,Silverado 2500 LT,2016,84421,E85 Flex Fuel,360.0,6-Speed A/T,White,Black,None reported,Yes,36800,10,0.43590533273317383,0,0,Moderate
GMC,Sierra 1500 Denali,2021,44691,Gasoline,6.2,10-Speed Automatic,White Frost Tri-Coat,Walnut,At least 1 accident or damage reported,Yes,56900,5,1.2731585071153675,0,0,New
Mitsubishi,Outlander SEL,2022,11700,Gasoline,181.0,A/T,White,Black,None reported,Yes,33000,4,2.820271771643449,0,0,New
Ford,Shelby GT350 Base,2019,2800,Gasoline,526.0,6-Speed M/T,Black,Black,None reported,Yes,91000,7,32.48839700107104,0,0,Moderate
MINI,Cooper Base,2010,58000,Gasoline,118.0,6-Speed A/T,Gold,Black,None reported,Yes,8000,16,0.1379286564024758,0,0,Old
Toyota,Prius Touring,2009,142500,Hybrid,76.0,A/T,Blue,Beige,None reported,Yes,6999,17,0.04911544480389611,0,1,Old
Cadillac,Escalade ESV Base,2007,191900,Gasoline,403.0,A/T,Black,Black,At least 1 accident or damage reported,Yes,9750,19,0.05080744759016368,0,1,Old
Audi,A6 2.0T Premium Plus,2016,63398,Gasoline,252.0,A/T,White,Gray,At least 1 accident or damage reported,Yes,19500,10,0.3075758292717551,1,0,Moderate
Chevrolet,Suburban 1500 LT,2008,162750,Gasoline,320.0,Transmission Overdrive Switch,White,Black,At least 1 accident or damage reported,Yes,7200,18,0.04423935951238395,0,1,Old
Jaguar,XK R,2012,38383,Gasoline,510.0,6-Speed A/T,White,Black,None reported,Yes,36949,14,0.9626146310962901,1,0,Old
Ford,F-250 XLT,2022,36294,Diesel,6.7,Automatic,Oxford White,Medium Earth Gray,None reported,Yes,77535,4,2.1362446617991457,0,0,New
Audi,A4 2.0T Premium,2011,90818,Gasoline,211.0,A/T,White,Black,At least 1 accident or damage reported,Yes,8300,15,0.09139056805294046,1,0,Old
Cadillac,ATS 2.0L Turbo,2018,32000,Gasoline,272.0,A/T,Gray,Black,None reported,Yes,22999,8,0.7186962907409143,0,0,Moderate
Ford,Transit-350 Base,2019,94650,Gasoline,275.0,6-Speed A/T,White,–,None reported,Yes,37000,7,0.390909763235465,0,0,Moderate
Mercedes-Benz,G-Class G 63 AMG,2014,49899,Gasoline,536.0,A/T,White,Black,None reported,Yes,72999,12,1.4629058116232465,1,0,Old
Jeep,Wrangler Sahara,2011,55000,Gasoline,202.0,4-Speed A/T,Red,Black,At least 1 accident or damage reported,Yes,35000,15,0.6363520663260668,0,0,Old
BMW,M4 Base,2015,23700,Gasoline,425.0,Transmission w/Dual Shift Mode,Black,Black,None reported,Yes,42800,11,1.805830977595882,1,0,Old
Tesla,Model S P100D,2018,46000,Gasoline,518.0,A/T,White,Black,None reported,Yes,59500,8,1.293450142388209,1,0,Moderate
Maserati,Ghibli S GranLusso,2020,12118,Gasoline,424.0,8-Speed A/T,Blue,Brown,None reported,Yes,52900,6,4.365046621008334,1,0,Moderate
Pontiac,Firebird Trans Am,2001,64000,Gasoline,310.0,6-Speed M/T,Blue,Beige,None reported,Yes,21000,25,0.3281198731269824,0,0,Very Old
Ford,Expedition XLT,2022,22169,Gasoline,3.5,10-Speed Automatic,Black,Sandstone,None reported,Yes,57352,4,2.586919260261615,0,0,New
Tesla,Model X Long Range Plus,2021,46897,Gasoline,557.0,A/T,Blue,Black,None reported,Yes,69000,5,1.4712780928824256,1,0,New
BMW,535 i xDrive,2011,135000,Gasoline,300.0,8-Speed A/T,Blue,Beige,None reported,Yes,9999,15,0.07406611802875535,1,1,Old
BMW,428 i xDrive,2015,125000,Gasoline,240.0,A/T,White,Black,None reported,Yes,15000,11,0.11999904000767994,1,1,Old
Cadillac,Escalade ESV Platinum,2017,134000,Gasoline,420.0,8-Speed A/T,Gold,Brown,None reported,Yes,32999,9,0.24625935627346066,0,1,Moderate
BMW,X5 xDrive35i,2014,143250,Gasoline,300.0,8-Speed A/T,Black,White,None reported,Yes,12999,12,0.09074282203963673,1,1,Old
Lexus,GX 460 Premium,2017,82975,Gasoline,301.0,A/T,White,Beige,None reported,Yes,31000,9,0.37360200539915156,1,0,Moderate
MINI,Countryman Cooper S ALL4,2016,91700,Gasoline,181.0,6-Speed M/T,White,Black,None reported,Yes,13999,10,0.15265918583221558,0,0,Moderate
Ford,F-150 XLT,2018,72393,Gasoline,325.0,10-Speed A/T,Black,Black,None reported,Yes,35000,8,0.4834654805646877,0,0,Moderate
INFINITI,QX60 Base,2016,71000,Gasoline,265.0,A/T,Black,Black,None reported,Yes,21500,10,0.3028126364417403,0,0,Moderate
Lexus,RX 350 Base,2012,160900,Gasoline,270.0,6-Speed A/T,Silver,Gray,None reported,Yes,15000,14,0.09322502656913258,1,1,Old
Dodge,Charger Scat Pack,2020,40208,Gasoline,485.0,8-Speed A/T,Red,Black,At least 1 accident or damage reported,Yes,38000,6,0.9450620507846502,0,0,Moderate
Lexus,IS 350 Base,2017,77300,Gasoline,306.0,6-Speed A/T,White,Black,None reported,Yes,30000,9,0.38809329762874994,1,0,Moderate
Nissan,NV200 SV,2017,16700,Gasoline,131.0,A/T,White,Black,None reported,Yes,26500,9,1.5867313334530866,0,0,Moderate
Subaru,Impreza 2.0i Premium,2013,112000,Gasoline,148.0,CVT Transmission,Black,Beige,None reported,Yes,9999,13,0.08927598860724457,0,1,Old
BMW,M3 Base,2016,55250,Gasoline,425.0,6-Speed M/T,Blue,White,None reported,Yes,49999,10,0.9049428969611409,1,0,Moderate
INFINITI,QX80 Luxe,2020,69000,Gasoline,400.0,A/T,Gray,Black,None reported,Yes,31450,6,0.4557904957899161,0,0,Moderate
Ford,Mustang GT Premium,2016,40570,Gasoline,435.0,6-Speed M/T,Gray,Black,At least 1 accident or damage reported,Yes,30490,10,0.7515220231199625,0,0,Moderate
Toyota,RAV4 TRD Off Road,2020,46500,Gasoline,203.0,8-Speed A/T,White,Black,None reported,Yes,35200,6,0.7569729683232619,0,0,Moderate
Honda,S2000 Base,2000,26900,Gasoline,240.0,M/T,Silver,Red,None reported,Yes,35000,26,1.3010668748373666,0,0,Very Old
Jeep,Gladiator Sport,2021,5779,Gasoline,3.6,8-Speed Automatic,Firecracker Red Clearcoat,Black,None reported,Yes,41329,5,7.150346020761246,0,0,New
Ford,Bronco Big Bend Advanced,2023,12000,Gasoline,275.0,10-Speed A/T,Black,–,None reported,Yes,54000,3,4.499625031247396,0,0,New
Ford,Expedition Timberline,2022,30301,Gasoline,3.5,10-Speed Automatic,Dark Matter Metallic,Deep Cypress,None reported,Yes,68420,4,2.257936769850175,0,0,New
Toyota,Sequoia TRD Pro,2023,600,Hybrid,437.0,10-Speed A/T,Orange,Black,None reported,Yes,91995,3,153.06988352745424,0,0,New
Plymouth,Prowler Base,2001,22300,Gasoline,253.0,4-Speed A/T,Blue,Gray,None reported,Yes,28500,25,1.2779695977758845,0,0,Very Old
Alfa,Romeo Giulia Ti,2023,9275,Gasoline,2.0,8-Speed Automatic,Alfa White,Black,None reported,Yes,43900,3,4.7326433807675725,0,0,New
Chevrolet,Suburban 1500 LS,2004,171750,E85 Flex Fuel,295.0,4-Speed A/T,White,Beige,At least 1 accident or damage reported,Yes,12998,22,0.07567932646680368,0,1,Very Old
Mitsubishi,Lancer Evolution GSR,2013,76500,Gasoline,291.0,5-Speed M/T,Black,Black,None reported,Yes,28000,13,0.36600828747336633,0,0,Old
Mercedes-Benz,AMG GLE 43 Coupe 4MATIC,2018,49000,Gasoline,385.0,9-Speed A/T,Blue,Brown,At least 1 accident or damage reported,Yes,42995,8,0.8774310728352482,1,0,Moderate
Audi,R8 5.2 quattro Spyder,2011,75000,Gasoline,525.0,Transmission w/Dual Shift Mode,White,Brown,At least 1 accident or damage reported,Yes,74000,15,0.9866535112865161,1,0,Old
Ford,Escape XLT,2007,133300,Gasoline,153.0,4-Speed A/T,Silver,Silver,None reported,Yes,3000,19,0.022505457573461566,0,1,Old
BMW,X5 3.0si,2007,99700,Gasoline,260.0,6-Speed A/T,Black,Black,None reported,Yes,8500,19,0.08525491218744044,1,0,Old
Chevrolet,Camaro 2LT,2011,126700,Gasoline,312.0,Transmission w/Dual Shift Mode,White,Beige,At least 1 accident or damage reported,Yes,14000,15,0.11049636545883616,0,1,Old
BMW,340 i,2016,28000,Gasoline,320.0,6-Speed M/T,Black,Red,None reported,Yes,36995,10,1.3212028141852077,1,0,Moderate
Mercedes-Benz,SL-Class SL 550,2012,21300,Gasoline,382.0,7-Speed A/T,Silver,Red,At least 1 accident or damage reported,Yes,38500,14,1.807426881367072,1,0,Old
Cadillac,Escalade Platinum,2019,92000,Gasoline,420.0,A/T,Black,Black,None reported,Yes,51900,7,0.5641243029967066,0,0,Moderate
Chevrolet,Silverado 3500 LTZ,2018,92149,Diesel,6.6,6-Speed Automatic,Black,Jet Black,None reported,Yes,52889,8,0.5739446554530656,0,0,Moderate
Lexus,RC F Base,2015,25756,Gasoline,467.0,8-Speed A/T,Black,Black,None reported,Yes,49995,11,1.9410257405753775,1,0,Old
Kia,Forte GT-Line,2021,24534,Gasoline,147.0,CVT Transmission,White,Black,None reported,Yes,21900,5,0.8926024047279397,0,0,New
Land,Rover Range Rover Sport Supercharged Dynamic,2018,58100,Gasoline,518.0,8-Speed A/T,Red,Black,None reported,Yes,53499,8,0.9207931016677854,1,0,Moderate
Nissan,Titan S,2017,20220,Gasoline,390.0,7-Speed A/T,White,Gray,None reported,Yes,32324,9,1.59853617526334,0,0,Moderate
Honda,Accord EX-L 2.0T,2019,40069,Gasoline,252.0,A/T,White,Black,At least 1 accident or damage reported,Yes,27500,7,0.6862989767906165,0,0,Moderate
Subaru,WRX Base,2017,60930,Gasoline,268.0,6-Speed M/T,Blue,Black,None reported,Yes,23750,9,0.3897851668280514,0,0,Moderate
Audi,A4 2.0T Titanium Premium,2019,7300,Gasoline,188.0,7-Speed A/T,White,Gray,None reported,Yes,27900,7,3.821394329543898,1,0,Moderate
Chevrolet,Avalanche 1500 LS,2012,56000,E85 Flex Fuel,320.0,A/T,Red,Black,At least 1 accident or damage reported,Yes,18000,14,0.3214228317351476,0,0,Old
Mercedes-Benz,CLA-Class CLA 250,2014,136000,Gasoline,208.0,Transmission w/Dual Shift Mode,Gray,Black,At least 1 accident or damage reported,Yes,12000,12,0.0882346453334902,1,1,Old
BMW,228 Gran Coupe i xDrive,2020,31100,Gasoline,228.0,8-Speed A/T,Blue,White,None reported,Yes,26999,6,0.8681071348188161,1,0,Moderate
Maserati,GranTurismo Base,2012,12100,Gasoline,440.0,Transmission w/Dual Shift Mode,Blue,Beige,None reported,Yes,37900,14,3.1319725642508884,1,0,Old
Ford,Expedition Platinum,2021,51902,Gasoline,3.5,10-Speed Automatic,Red,Ceramic,None reported,Yes,57480,5,1.10745043639096,0,0,New
Audi,S4 Base,2007,93000,Gasoline,340.0,6-Speed M/T,Black,Black,At least 1 accident or damage reported,Yes,10995,19,0.1182245352200514,1,0,Old
Land,Rover Range Rover Sport Supercharged HSE,2016,99915,Gasoline,340.0,A/T,Blue,White,At least 1 accident or damage reported,Yes,26500,10,0.2652227871411986,1,0,Moderate
Chevrolet,Tahoe LTZ,2007,177000,E85 Flex Fuel,320.0,4-Speed A/T,Gold,Beige,At least 1 accident or damage reported,Yes,10750,19,0.06073412014621386,0,1,Old
Nissan,Xterra S,2008,100900,Gasoline,261.0,A/T,Black,Gray,None reported,Yes,6999,18,0.06936502115935422,0,1,Old
INFINITI,Q60 3.0T Premium,2017,107380,Gasoline,300.0,7-Speed A/T,Black,Gray,At least 1 accident or damage reported,Yes,17500,9,0.16297110289529806,0,1,Moderate
Ford,F-150 Raptor,2021,32957,Gasoline,3.5,10-Speed Automatic,Oxford White,Black,None reported,Yes,77900,5,2.36361429698404,0,0,New
Acura,TLX Base,2016,45000,Gasoline,206.0,A/T,Gray,Blue,None reported,Yes,16500,10,0.36665851869958443,0,0,Moderate
Nissan,Frontier SV,2013,67000,Gasoline,261.0,5-Speed A/T,Blue,Gray,None reported,Yes,15500,13,0.2313398307487948,0,0,Old
Chevrolet,Camaro 1SS,2021,12600,Gasoline,455.0,6-Speed M/T,Gray,Black,None reported,Yes,47000,5,3.729862709308785,0,0,New
Porsche,Panamera 4,2018,24882,Gasoline,330.0,Transmission w/Dual Shift Mode,White,Black,None reported,Yes,59800,8,2.403247196881405,1,0,Moderate
Acura,TLX PMC Edition,2020,6900,Gasoline,290.0,9-Speed A/T,Red,Black,None reported,Yes,43500,6,6.303434284886248,0,0,Moderate
Kia,Sorento EX V6,2019,66075,Gasoline,3.3,8-Speed Automatic,Titanium Silver,Satin Black,None reported,Yes,23754,7,0.3594951268236576,0,0,Moderate
Hyundai,Palisade SEL,2021,68050,Gasoline,291.0,8-Speed A/T,Black,Black,None reported,Yes,29600,5,0.4349678917282626,0,0,New
Ford,F-250 Lariat,2017,128000,Diesel,440.0,6-Speed A/T,Gray,Black,None reported,Yes,50000,9,0.3906219482660292,0,1,Moderate
BMW,430 i,2021,9472,Gasoline,255.0,A/T,White,Blue,None reported,Yes,51000,5,5.38372215771139,1,0,New
Mitsubishi,Lancer GTS,2009,185963,Gasoline,168.0,CVT Transmission,Orange,Gray,At least 1 accident or damage reported,Yes,5100,17,0.027424662837968638,0,1,Old
Nissan,NV200 S,2019,52000,Gasoline,131.0,CVT Transmission,Black,Gray,At least 1 accident or damage reported,Yes,19500,7,0.37499278860021923,0,0,Moderate
Buick,Enclave Leather,2015,68653,Gasoline,288.0,6-Speed A/T,Blue,Black,At least 1 accident or damage reported,Yes,18950,11,0.2760217904273604,0,0,Old
Lexus,RX 330 Base,2004,151896,Gasoline,230.0,A/T,Silver,Gray,None reported,Yes,7900,22,0.05200892710191775,1,1,Very Old
Lexus,RX 450h F Sport,2019,43671,Hybrid,3.5,Automatic CVT,Caviar,Rioja Red,None reported,Yes,44950,7,1.0292636013921963,1,0,Moderate
Ford,F-250 Lariat,2017,72128,E85 Flex Fuel,6.2,6-Speed Automatic,White,Camel,None reported,Yes,45985,9,0.6375382994357331,0,0,Moderate
Kia,Forte Koup EX,2013,134207,Gasoline,156.0,A/T,Black,–,At least 1 accident or damage reported,Yes,5500,13,0.040981163567000475,0,1,Old
GMC,Terrain SLE,2020,26470,Gasoline,1.5,9-Speed Automatic,Summit White,Jet Black,None reported,Yes,29900,6,1.1295379849646783,0,0,Moderate
Porsche,Macan Base,2018,82300,Gasoline,252.0,7-Speed A/T,Black,Black,None reported,Yes,35000,8,0.4252682227433445,1,0,Moderate
Lexus,RC 350 Base,2015,124000,Gasoline,306.0,Transmission w/Dual Shift Mode,Blue,Blue,None reported,Yes,24000,11,0.1935468262352723,1,1,Old
Audi,S4 3.0T Premium Plus,2020,23823,Gasoline,3.0,8-Speed Automatic,Tango Red Metallic,Black,None reported,Yes,49995,6,2.0985141034251176,1,0,Moderate
INFINITI,QX60 Base,2014,154247,Gasoline,265.0,A/T,Black,Black,At least 1 accident or damage reported,Yes,12500,12,0.0810383278875577,0,1,Old
Chevrolet,Silverado 2500 LTZ H/D Extended Cab,2008,128000,Gasoline,353.0,6-Speed A/T,Beige,Black,None reported,Yes,23500,18,0.1835923156850337,0,1,Old
Maserati,GranTurismo Base,2008,70000,Gasoline,405.0,A/T,Blue,Brown,At least 1 accident or damage reported,Yes,13000,18,0.18571163269096155,1,0,Old
BMW,X6 M Base,2016,52375,Gasoline,567.0,8-Speed A/T,White,Brown,At least 1 accident or damage reported,Yes,48600,10,0.9279059111043226,1,0,Moderate
Chrysler,300 S,2016,100574,Gasoline,300.0,8-Speed A/T,Black,Black,At least 1 accident or damage reported,Yes,17500,10,0.17399950285856325,0,1,Moderate
Chrysler,300 Base,2014,85000,Gasoline,292.0,8-Speed A/T,White,–,At least 1 accident or damage reported,Yes,11250,12,0.13235138410136352,0,0,Old
Acura,RDX w/A-Spec Package,2023,3959,Gasoline,2.0,Automatic,White,Black,None reported,Yes,48998,3,12.373232323232322,0,0,New
Chevrolet,Corvette Stingray w/1LT,2021,10400,Gasoline,490.0,8-Speed A/T,Silver,Black,None reported,Yes,72900,5,7.008941447937699,0,0,New
Chevrolet,Camaro 1SS,2019,19200,Gasoline,455.0,6-Speed M/T,Orange,Black,None reported,Yes,41500,7,2.161345763241498,0,0,Moderate
Mercedes-Benz,E-Class E 350 4MATIC,2013,81000,Gasoline,302.0,A/T,Gray,Beige,At least 1 accident or damage reported,Yes,13000,13,0.16049184577968173,1,0,Old
Ford,F-150 Raptor,2022,17451,Gasoline,3.5,10-Speed Automatic,Oxford White,Rhapsody Blue,None reported,Yes,77900,4,4.463671785468714,0,0,New
Nissan,Versa 1.8 S,2011,165000,Gasoline,122.0,A/T,Black,–,None reported,Yes,4000,15,0.024242277319531397,0,1,Old
Hyundai,Accent GLS,2013,117500,Gasoline,138.0,6-Speed A/T,Silver,Gray,At least 1 accident or damage reported,Yes,6500,13,0.055318678138909456,0,1,Old
Mercedes-Benz,S-Class S 450 4MATIC,2018,72500,Gasoline,362.0,A/T,Black,Black,None reported,Yes,60000,8,0.8275747920718335,1,0,Moderate
Audi,Q5 3.0 TDI Premium Plus,2014,55564,Diesel,240.0,8-Speed A/T,Black,Black,At least 1 accident or damage reported,Yes,22500,12,0.4049311617025106,1,0,Old
Cadillac,LYRIQ Luxury,2023,1090,Gasoline,500.0,A/T,Gray,Silver,None reported,Yes,68750,3,63.01558203483043,0,0,New
Volvo,XC60 T5 R-Design,2019,43500,Gasoline,250.0,Transmission w/Dual Shift Mode,Gray,Black,None reported,Yes,30000,7,0.6896393186363532,0,0,Moderate
Mercedes-Benz,AMG GT 53 Base,2019,35000,Hybrid,429.0,Transmission w/Dual Shift Mode,Black,Black,None reported,Yes,83000,7,2.3713608182623354,1,0,Moderate
GMC,Yukon SLT,2017,92031,Gasoline,355.0,A/T,White,Beige,At least 1 accident or damage reported,Yes,30000,9,0.32597357440890123,0,0,Moderate
Lexus,GS 350 Base,2016,128032,Gasoline,311.0,Transmission w/Dual Shift Mode,Silver,Black,None reported,Yes,18000,10,0.14058875446174032,1,1,Moderate
Jaguar,XF 25t Premium,2018,18800,Gasoline,247.0,8-Speed A/T,White,White,None reported,Yes,26000,8,1.3829051646189032,1,0,Moderate
Honda,Ridgeline Black Edition,2017,91600,Gasoline,280.0,6-Speed A/T,Black,Black,None reported,Yes,26000,9,0.283839696073187,0,0,Moderate
Toyota,4Runner SR5,2019,91843,Gasoline,270.0,5-Speed A/T,Blue,Black,At least 1 accident or damage reported,Yes,30500,7,0.3320848395104743,0,0,Moderate
Ford,Bronco Sport Outer Banks,2021,28105,Gasoline,1.5,8-Speed Automatic,Kodiak Brown Metallic,Ebony,None reported,Yes,32455,5,1.154735643634811,0,0,New
Dodge,Charger R/T 392,2017,73350,Gasoline,485.0,8-Speed A/T,Gray,Red,None reported,Yes,37000,9,0.5044239342340254,0,0,Moderate
Mercedes-Benz,GLC 300 GLC 300,2022,11875,Gasoline,2.0,Automatic,Black,Black,None reported,Yes,41598,4,3.5026945099360054,1,0,New
Tesla,Model S P100D,2018,47000,Gasoline,518.0,A/T,Black,Black,None reported,Yes,49900,8,1.0616795387332185,1,0,Moderate
INFINITI,Q50 3.0t Signature Edition,2017,67000,Gasoline,300.0,Transmission w/Dual Shift Mode,Black,Black,None reported,Yes,23000,9,0.3432784585304697,0,0,Moderate
BMW,340 i,2016,117660,Gasoline,320.0,8-Speed A/T,White,Black,At least 1 accident or damage reported,Yes,19500,10,0.16573036095222715,1,1,Moderate
Pontiac,Firebird Trans Am,2001,71448,Gasoline,200.0,4-Speed A/T,Gray,Black,None reported,Yes,10500,25,0.14695797002057412,0,0,Very Old
Nissan,NV Passenger NV3500 HD SV V8,2015,86000,Gasoline,317.0,A/T,Silver,Gray,None reported,Yes,29500,11,0.34301926721782305,0,0,Old
Lexus,ES 350 Base,2020,15324,Gasoline,3.5,8-Speed Automatic,Black,Black,At least 1 accident or damage reported,Yes,33364,6,2.1770962479608484,1,0,Moderate
BMW,135 is,2013,29400,Gasoline,320.0,6-Speed M/T,White,Beige,None reported,Yes,29000,13,0.9863610081289752,1,0,Old
Lexus,IS 300 Base,2017,68871,Gasoline,255.0,6-Speed A/T,Silver,Red,None reported,Yes,28450,9,0.41308514345452435,1,0,Moderate
Porsche,Cayenne S,2012,126000,Gasoline,400.0,Transmission w/Dual Shift Mode,Silver,Gray,None reported,Yes,17999,14,0.14284807263434418,1,1,Old
Pontiac,Solstice GXP,2007,25718,Gasoline,260.0,M/T,Yellow,Black,None reported,Yes,17900,19,0.69598351413352,0,0,Old
Porsche,Panamera Turbo,2015,67210,Gasoline,520.0,Transmission w/Dual Shift Mode,Blue,Beige,At least 1 accident or damage reported,Yes,51950,11,0.7729389534451205,1,0,Old
BMW,X6 xDrive35i,2018,27214,Gasoline,300.0,Transmission w/Dual Shift Mode,Black,Black,At least 1 accident or damage reported,Yes,40950,8,1.5046849164063936,1,0,Moderate
Ford,F-150 Limited,2019,42728,Gasoline,450.0,Transmission w/Dual Shift Mode,Black,Brown,None reported,Yes,45950,7,1.0753820590231458,0,0,Moderate
MINI,Cooper S Base,2010,97395,Gasoline,172.0,6-Speed M/T,Yellow,Black,None reported,Yes,6699,16,0.06878105877038071,0,0,Old
Mazda,Mazda3 i SV,2015,91700,Gasoline,155.0,A/T,Red,Black,None reported,Yes,12000,11,0.13086007786174633,0,0,Old
Mitsubishi,Lancer Evolution MR,2011,94500,Gasoline,291.0,Transmission w/Dual Shift Mode,White,Black,None reported,Yes,27000,15,0.2857112623146845,0,0,Old
Chevrolet,Tahoe LTZ,2014,196300,E85 Flex Fuel,320.0,6-Speed A/T,Black,Black,None reported,Yes,10995,12,0.056010922002435036,0,1,Old
Cadillac,CTS 3.6L Luxury,2015,54259,Gasoline,3.6,8-Speed Automatic,Majestic Plum Metallic,Light Platinum / Jet Black,None reported,Yes,19425,11,0.3579985256173977,0,0,Old
Acura,RDX w/Advance Package,2021,36267,Gasoline,2.0,Automatic,White,Parchment,None reported,Yes,39798,5,1.0973309804786588,0,0,New
Land,Rover Range Rover Sport Supercharged HSE,2015,175000,Gasoline,340.0,A/T,Black,Black,None reported,Yes,19500,11,0.11142793469751601,1,1,Old
Chevrolet,Suburban 1500 LTZ,2015,159000,Gasoline,355.0,6-Speed A/T,White,Beige,At least 1 accident or damage reported,Yes,26900,11,0.16918132590361068,0,1,Old
Chevrolet,Camaro 2SS,2016,74000,Gasoline,455.0,8-Speed A/T,Black,Black,None reported,Yes,32000,10,0.43242658882988066,0,0,Moderate
Chevrolet,Silverado 1500 Hybrid 1HY,2011,82963,Hybrid,332.0,4-Speed A/T,White,Black,None reported,Yes,20995,15,0.2530615688732462,0,0,Old
Cadillac,XT5 Luxury,2019,54323,Gasoline,3.6,Automatic,Red,Beige,None reported,Yes,27998,7,0.5153891466018703,0,0,Moderate
Nissan,Armada SL,2019,59980,Gasoline,390.0,7-Speed A/T,Silver,Black,None reported,Yes,29000,7,0.4834864373718344,0,0,Moderate
Audi,Q5 S line Premium,2022,10120,Hybrid,2.0,Automatic,Navarre Blue,Gray,None reported,Yes,39998,4,3.9519810295425355,1,0,New
BMW,X6 M Base,2017,25000,Gasoline,567.0,Transmission w/Dual Shift Mode,White,Red,At least 1 accident or damage reported,Yes,65000,9,2.5998960041598336,1,0,Moderate
BMW,740 i,2012,126000,Gasoline,326.0,A/T,Black,Black,At least 1 accident or damage reported,Yes,12700,14,0.10079285085039008,1,1,Old
Toyota,Sequoia TRD Pro,2020,37428,Gasoline,381.0,6-Speed A/T,White,Black,None reported,Yes,61599,6,1.6457559646263593,0,0,Moderate
Volkswagen,Jetta GLI,2014,99499,Gasoline,210.0,Transmission w/Dual Shift Mode,Black,Black,At least 1 accident or damage reported,Yes,15000,12,0.1507537688442211,0,0,Old
Honda,Crosstour EX-L,2012,90742,Gasoline,192.0,A/T,Gray,Gray,None reported,Yes,12980,14,0.14304133652182538,0,0,Old
Land,Rover Range Rover Sport Supercharged,2014,125000,E85 Flex Fuel,510.0,8-Speed A/T,White,Brown,At least 1 accident or damage reported,Yes,22500,12,0.1799985600115199,1,1,Old
Hyundai,Santa Fe Sport 2.0L Turbo Ultimate,2018,71669,Gasoline,240.0,A/T,Blue,Black,None reported,Yes,20000,8,0.27905678805636946,0,0,Moderate
Cadillac,XT5 Luxury,2019,44692,Gasoline,3.6,8-Speed Automatic,Bronze Dune Metallic,Shara Beige,None reported,Yes,32368,7,0.7242297451502473,0,0,Moderate
Jaguar,F-TYPE R,2018,16002,Gasoline,550.0,8-Speed A/T,Black,Red,None reported,Yes,74900,8,4.680372430169343,1,0,Moderate
Toyota,FJ Cruiser Base,2014,86000,Gasoline,260.0,5-Speed A/T,Blue,Black,None reported,Yes,41500,12,0.4825525284589714,0,0,Old
Toyota,Tundra SR5,2019,56000,Gasoline,381.0,6-Speed A/T,Blue,Black,None reported,Yes,42000,7,0.7499866073820111,0,0,Moderate
RAM,1500 Sport,2017,41789,Gasoline,395.0,A/T,Green,Black,At least 1 accident or damage reported,Yes,42500,9,1.0169897104570471,0,0,Moderate
Ford,Focus SE,2014,60109,E85 Flex Fuel,160.0,6-Speed A/T,Gray,Black,None reported,Yes,9499,12,0.15802695059058394,0,0,Old
Mercedes-Benz,GLE 350 Base 4MATIC,2020,48000,Gasoline,255.0,A/T,Black,Black,None reported,Yes,49995,6,1.0415408012333076,1,0,Moderate
Acura,TL Type S,2008,122000,Gasoline,286.0,Transmission w/Dual Shift Mode,Gray,Beige,None reported,Yes,11500,18,0.09426152244653732,0,1,Old
Land,Rover Range Rover HSE,2012,102800,Gasoline,385.0,A/T,Gold,Brown,None reported,Yes,16000,14,0.1556405093335668,1,1,Old
MINI,Convertible Cooper,2022,15544,Gasoline,134.0,A/T,Blue,Brown,None reported,Yes,28000,4,1.801222257960759,0,0,New
Mazda,CX-9 Signature,2019,69771,Gasoline,227.0,A/T,Black,Red,None reported,Yes,27500,7,0.39414091612681307,0,0,Moderate
Acura,TLX Tech,2023,2118,Gasoline,2.0,Automatic,Red,Black,None reported,Yes,41998,3,19.819726285983954,0,0,New
Ford,F-150 Raptor,2021,28260,Gasoline,450.0,10-Speed A/T,Blue,Blue,None reported,Yes,72950,5,2.581295778634868,0,0,New
Honda,Civic Si Base,2020,6025,Gasoline,205.0,6-Speed M/T,Gray,Gray,None reported,Yes,27500,6,4.563557915698639,0,0,Moderate
Hyundai,Elantra SE,2018,32697,Gasoline,147.0,6-Speed A/T,Gray,Gray,At least 1 accident or damage reported,Yes,15900,8,0.48626827328888617,0,0,Moderate
Jaguar,F-TYPE S British Design Edition,2017,34150,Gasoline,380.0,8-Speed A/T,Black,Black,None reported,Yes,45999,9,1.3469298117185442,1,0,Moderate
Honda,Ridgeline RTL-E,2022,9642,Gasoline,3.5,9-Speed Automatic,Radiant Red Metallic II,Black,None reported,Yes,38999,4,4.044280825469253,0,0,New
Pontiac,G6 GTP,2006,100545,Gasoline,201.0,4-Speed A/T,Gray,Black,None reported,Yes,5995,20,0.05962445050026853,0,1,Old
Mercedes-Benz,C-Class C300 4MATIC,2021,11111,Gasoline,2.0,Automatic,Gray,Black,None reported,Yes,38998,5,3.509539236861051,1,0,New
Toyota,FJ Cruiser Base,2007,162000,Gasoline,239.0,5-Speed A/T,Black,Black,None reported,Yes,23977,19,0.1480052592267949,0,1,Old
Buick,Enclave Premium,2020,87555,Gasoline,3.6,9-Speed Automatic,Dark Moon Blue Metallic,Dark Galvanized,At least 1 accident or damage reported,Yes,31650,6,0.36148293663483944,0,0,Moderate
Chevrolet,Tahoe LTZ,2015,102200,Gasoline,355.0,A/T,Silver,Black,None reported,Yes,25000,11,0.24461600180037377,0,1,Old
Bentley,Continental GTC V8,2013,18950,Gasoline,500.0,Transmission w/Dual Shift Mode,White,Black,None reported,Yes,77999,13,4.115825022426257,1,0,Old
Mercedes-Benz,SLK-Class SLK 350,2015,16000,Gasoline,302.0,7-Speed A/T,White,Red,At least 1 accident or damage reported,Yes,30500,11,1.9061308668208237,1,0,Old
Cadillac,Escalade Premium Luxury,2022,19250,Gasoline,420.0,10-Speed A/T,Black,Black,None reported,Yes,86999,4,4.519193808113864,0,0,New
BMW,535 i xDrive,2015,65000,Gasoline,300.0,Transmission w/Dual Shift Mode,Silver,Black,None reported,Yes,24995,11,0.3845325456531438,1,0,Old
MINI,Cooper S Base,2007,110022,Gasoline,172.0,6-Speed M/T,Silver,Black,None reported,Yes,6250,19,0.056806304136407845,0,1,Old
Bentley,Continental GT Base,2012,79089,E85 Flex Fuel,567.0,A/T,White,Beige,None reported,Yes,46999,14,0.594247060311038,1,0,Old
Lexus,GX 460 Premium,2023,2533,Gasoline,301.0,A/T,Black,Black,None reported,Yes,64900,3,25.611681136543016,1,0,New
Audi,Q7 3.0T Premium Plus,2014,96273,Gasoline,280.0,8-Speed A/T,Silver,Black,At least 1 accident or damage reported,Yes,15495,12,0.16094688077778008,1,0,Old
Cadillac,CT6 Luxury,2020,22187,Gasoline,3.6,10-Speed Automatic,Manhattan Noir Metallic,Shara Beige,At least 1 accident or damage reported,Yes,45480,6,2.0497566252028125,0,0,Moderate
GMC,Sierra 1500 SL Crew Cab,2009,137000,Gasoline,295.0,A/T,Red,–,None reported,Yes,20000,17,0.14598433588075999,0,1,Old
Nissan,GT-R Premium,2009,60747,Gasoline,480.0,6-Speed A/T,White,–,At least 1 accident or damage reported,Yes,71999,17,1.1852077434648054,0,0,Old
Dodge,Ram 1500 ST,2007,36500,Gasoline,210.0,A/T,Blue,Gray,None reported,Yes,16000,19,0.4383441549546588,0,0,Old
Ford,Bronco Outer Banks,2021,19590,Gasoline,315.0,10-Speed A/T,Blue,Gray,None reported,Yes,54999,5,2.80736052268899,0,0,New
Nissan,GT-R Black Edition,2015,16850,Gasoline,545.0,Transmission w/Dual Shift Mode,White,Black,None reported,Yes,95000,11,5.637647617352086,0,0,Old
Chevrolet,Cruze LT,2012,194000,Gasoline,138.0,6-Speed A/T,Gray,White,At least 1 accident or damage reported,Yes,4900,14,0.025257601764939356,0,1,Old
Lexus,GX 460 Base,2020,48210,Gasoline,4.6,6-Speed Automatic,Nebula Gray Pearl,Rioja Red,At least 1 accident or damage reported,Yes,47449,6,0.9841944784385306,1,0,Moderate
BMW,750 i,2018,81500,Gasoline,445.0,8-Speed A/T,White,White,None reported,Yes,41250,8,0.5061287591563294,1,0,Moderate
Ford,F-150 XLT,2021,77107,Gasoline,3.5,10-Speed Automatic,Agate Black Metallic,Black,None reported,Yes,39995,5,0.5186880738704155,0,0,New
BMW,535 i xDrive,2015,58664,Gasoline,300.0,8-Speed A/T,Blue,Gray,At least 1 accident or damage reported,Yes,20950,11,0.3571124179664195,1,0,Old
Mitsubishi,Montero Limited,2004,145000,Gasoline,215.0,A/T,Silver,Black,None reported,Yes,8950,22,0.06172371225026034,0,1,Very Old
Lexus,LS 500 F Sport,2018,15055,Gasoline,416.0,A/T,White,Black,None reported,Yes,59000,8,3.918703506907545,1,0,Moderate
Tesla,Model S 85D,2015,67647,Gasoline,422.0,1-Speed A/T,Blue,Beige,None reported,Yes,28000,11,0.4139072847682119,1,0,Old
Mazda,MX-5 Miata Shinsen,2003,46873,Gasoline,142.0,5-Speed M/T,Gray,Blue,None reported,Yes,11500,23,0.24533856722276742,0,0,Very Old
Cadillac,Escalade ESV Premium Luxury,2021,53169,Gasoline,420.0,A/T,Black,Black,None reported,Yes,81500,5,1.5328192589806282,0,0,New
Lexus,GX 460 Premium,2022,35700,Gasoline,301.0,A/T,Silver,Gray,At least 1 accident or damage reported,Yes,51900,4,1.4537407915744658,1,0,New
Nissan,Pathfinder Platinum,2014,112600,Gasoline,260.0,CVT Transmission,Black,Black,At least 1 accident or damage reported,Yes,13000,12,0.1154519054004849,0,1,Old
GMC,Yukon SLE,2015,112552,Gasoline,5.3,6-Speed Automatic,Onyx Black,Jet Black,At least 1 accident or damage reported,Yes,24440,11,0.21714214636660062,0,1,Old
BMW,M3 Base,2003,127273,Gasoline,333.0,6-Speed M/T,Silver,Black,None reported,Yes,15000,23,0.11785596429749988,1,1,Very Old
Lexus,IS 250 Base,2007,189887,Gasoline,204.0,A/T,White,–,At least 1 accident or damage reported,Yes,3995,19,0.021038717559824737,1,1,Old
BMW,640 i,2012,76465,Gasoline,315.0,8-Speed A/T,White,Beige,At least 1 accident or damage reported,Yes,22500,14,0.2942484241362174,1,0,Old
Mitsubishi,Eclipse Spyder GT,2007,136400,Gasoline,260.0,5-Speed A/T,Red,Gray,At least 1 accident or damage reported,Yes,6750,19,0.04948644071524402,0,1,Old
Ford,Thunderbird Deluxe,2004,79635,Gasoline,280.0,A/T,Gray,Black,None reported,Yes,13500,22,0.169521322015169,0,0,Very Old
Buick,Enclave 1XL,2011,170000,Gasoline,288.0,6-Speed A/T,Gold,Beige,At least 1 accident or damage reported,Yes,4000,15,0.023529273357215545,0,1,Old
Ford,F-150 XLT,2018,67650,Gasoline,375.0,A/T,Blue,Gray,None reported,Yes,30000,8,0.4434524249456771,0,0,Moderate
Lexus,ES 350 Base,2016,119850,Gasoline,268.0,A/T,White,Beige,None reported,Yes,19000,10,0.158530174967251,1,1,Moderate
Acura,TL Type S,2008,116500,Gasoline,286.0,6-Speed M/T,Red,Black,None reported,Yes,15999,18,0.13732929331078703,0,1,Old
Ford,Transit Connect XLT,2010,169802,Gasoline,2.0,4-Speed Automatic,Frozen White,Dark Gray,None reported,Yes,9985,16,0.05880343692396483,0,1,Old
BMW,X3 M40i,2021,36905,Gasoline,382.0,Transmission w/Dual Shift Mode,Blue,Beige,None reported,Yes,50000,5,1.3547932585487454,1,0,New
Jeep,Gladiator Willys,2022,8400,Gasoline,285.0,8-Speed A/T,Black,Black,At least 1 accident or damage reported,Yes,47000,4,5.594572074753006,0,0,New
Hummer,H2 Base,2003,149961,Gasoline,316.0,A/T,Beige,Beige,At least 1 accident or damage reported,Yes,12500,23,0.0833544497939478,0,1,Very Old
Mercedes-Benz,C-Class C 63 AMG,2014,84500,Gasoline,451.0,7-Speed A/T,White,Black,None reported,Yes,41500,12,0.49111844830238693,1,0,Old
Mercedes-Benz,G-Class G 550 4MATIC,2016,96000,Gasoline,416.0,A/T,Blue,Brown,None reported,Yes,65000,10,0.6770762804554119,1,0,Moderate
Nissan,GT-R Premium,2009,88000,Gasoline,480.0,Transmission w/Dual Shift Mode,White,White,At least 1 accident or damage reported,Yes,57000,17,0.6477199122737242,0,0,Old
Audi,R8 4.2 quattro Spyder,2011,35322,Gasoline,4.2,6-Speed Manual,Phantom Black Pearl Effect / Black Roof,Red,None reported,Yes,94900,15,2.686634770546103,1,0,Old
Acura,TLX A-Spec,2020,32500,Gasoline,206.0,A/T,White,Red,None reported,Yes,32000,6,0.984585089689548,0,0,Moderate
Audi,A6 3.0T Premium Plus,2016,71280,Gasoline,333.0,A/T,Silver,Black,None reported,Yes,22000,10,0.30863764537534544,1,0,Moderate
Porsche,Panamera 2,2011,37200,Gasoline,300.0,7-Speed A/T,Black,Beige,None reported,Yes,27500,15,0.7392274401225774,1,0,Old
Saturn,Sky Red Line,2008,94291,Gasoline,260.0,A/T,White,–,None reported,Yes,14500,18,0.15377762694608238,0,0,Old
Maserati,Coupe Cambiocorsa,2006,54082,Gasoline,390.0,Transmission w/Dual Shift Mode,Blue,Beige,None reported,Yes,17000,20,0.3143316753878298,1,0,Old
Volvo,XC90 Recharge Plug-In Hybrid T8 Inscription 7 Passenger,2022,7800,Plug-In Hybrid,455.0,8-Speed A/T,Black,Beige,None reported,Yes,66000,4,8.4604537879759,0,0,New
Jeep,Wrangler Sport,2016,86250,Gasoline,285.0,5-Speed A/T,White,Black,None reported,Yes,22000,10,0.255069506440505,0,0,Moderate
BMW,X5 xDrive50i,2016,75479,Gasoline,445.0,Transmission w/Dual Shift Mode,Silver,Black,None reported,Yes,27899,10,0.3696210916799152,1,0,Moderate
BMW,750 i,2017,24650,Gasoline,445.0,A/T,Silver,Black,None reported,Yes,50000,9,2.0283152813273295,1,0,Moderate
Volkswagen,Golf R 4-Door,2013,102750,Gasoline,256.0,6-Speed M/T,Black,Black,None reported,Yes,20000,13,0.19464530758824733,0,1,Old
Alfa,Romeo Stelvio Base,2018,50000,Gasoline,280.0,A/T,Brown,Brown,None reported,Yes,27500,8,0.5499890002199956,0,0,Moderate
BMW,X5 xDrive35i,2017,72700,Gasoline,300.0,A/T,Gray,Black,None reported,Yes,27499,9,0.3782478920510034,1,0,Moderate
BMW,X6 M Base,2018,54293,Gasoline,567.0,8-Speed A/T,Black,Beige,At least 1 accident or damage reported,Yes,49000,8,0.9024938298891222,1,0,Moderate
Lexus,IS 300 Base,2018,16000,Gasoline,260.0,6-Speed A/T,Blue,Brown,At least 1 accident or damage reported,Yes,30500,8,1.9061308668208237,1,0,Moderate
BMW,428 i,2014,71000,Gasoline,240.0,Transmission w/Dual Shift Mode,White,Black,At least 1 accident or damage reported,Yes,16700,12,0.23520795481753778,1,0,Old
BMW,X5 xDrive40i,2019,60000,Gasoline,335.0,8-Speed A/T,White,Beige,None reported,Yes,36500,7,0.6083231946134231,1,0,Moderate
Porsche,Boxster Base,1998,75539,Gasoline,201.0,5-Speed M/T,Blue,Beige,None reported,Yes,11995,28,0.1587900450092666,1,0,Very Old
Alfa,Romeo Giulia Base,2017,36000,Gasoline,280.0,8-Speed A/T,White,Red,None reported,Yes,21000,9,0.58331713007972,0,0,Moderate
Mercedes-Benz,C-Class C 300,2019,76422,Gasoline,2.0,Automatic,Black,Black,None reported,Yes,28998,7,0.3794407442785549,1,0,Moderate
Nissan,370Z NISMO Tech,2016,42600,Gasoline,350.0,7-Speed A/T,Red,Black,At least 1 accident or damage reported,Yes,31950,10,0.7499823947794653,0,0,Moderate
Chevrolet,Suburban LT,2017,98888,Gasoline,6.0,A/T,White,Black,At least 1 accident or damage reported,Yes,29000,9,0.29325809746281184,0,0,Moderate
Ford,Fusion Hybrid SE,2019,64532,Hybrid,188.0,A/T,Silver,Gray,At least 1 accident or damage reported,Yes,19395,7,0.3005439077681186,0,0,Moderate
BMW,X3 xDrive35i,2011,75500,Gasoline,300.0,A/T,White,Black,None reported,Yes,12975,15,0.1718520284499543,1,0,Old
Buick,Envision Preferred,2019,32000,Gasoline,197.0,A/T,Black,Beige,None reported,Yes,27000,7,0.8437236336364489,0,0,Moderate
Buick,Envision Essence,2019,47839,Gasoline,2.5,6-Speed Automatic,Summit White,Ebony,None reported,Yes,24991,7,0.5223871237458194,0,0,Moderate
Porsche,Cayenne GTS,2013,98413,Gasoline,420.0,Transmission w/Dual Shift Mode,Green,Black,At least 1 accident or damage reported,Yes,34900,13,0.3546243420651533,1,0,Old
Audi,RS 5 2.9T,2022,9628,Gasoline,444.0,8-Speed A/T,White,Black,None reported,Yes,78500,4,8.152456122131062,1,0,New
Jaguar,XK8 Base,1999,15000,Gasoline,290.0,5-Speed A/T,Green,Beige,None reported,Yes,16370,27,1.0912605826278248,1,0,Very Old
Honda,Pilot Black Edition,2022,22564,Gasoline,3.5,Automatic,Platinum White Pearl,Black,None reported,Yes,44998,4,1.994150232661201,0,0,New
Lexus,RX 350 Crafted Line F Sport,2015,110000,Gasoline,270.0,Transmission w/Dual Shift Mode,White,Black,None reported,Yes,28000,11,0.2545431405169044,1,1,Old
Toyota,4Runner Limited,2004,186117,Gasoline,245.0,A/T,Black,Beige,None reported,Yes,13000,22,0.06984816084419562,0,1,Very Old
Jeep,Wrangler Sport,2002,103500,Gasoline,190.0,M/T,Yellow,Gray,None reported,Yes,12500,24,0.1207717799828021,0,1,Very Old
Cadillac,CT6-V 4.2L Blackwing Twin Turbo,2019,8074,Gasoline,4.2,10-Speed Automatic,Manhattan Noir Metallic,Jet Black,None reported,Yes,76700,7,9.4984520123839,0,0,Moderate
BMW,M3 Base,2011,43000,Gasoline,414.0,6-Speed M/T,Black,Black,None reported,Yes,50900,15,1.1836934024790122,1,0,Old
BMW,750 i,2015,70700,Gasoline,445.0,8-Speed A/T,Blue,Black,At least 1 accident or damage reported,Yes,23000,11,0.32531364478578806,1,0,Old
Chevrolet,Trailblazer RS,2022,42479,Gasoline,1.3,9-Speed Automatic,Mosaic Black Metallic,Jet Black,None reported,Yes,28495,4,0.670786252354049,0,0,New
Audi,SQ5 3.0T Premium Plus,2019,22300,Gasoline,349.0,8-Speed A/T,Blue,Gray,None reported,Yes,38999,7,1.748755661181113,1,0,Moderate
Ford,Expedition EL Limited,2017,104000,Gasoline,365.0,A/T,Black,Black,At least 1 accident or damage reported,Yes,19995,9,0.19225776675224276,0,1,Moderate
Ford,Bronco Sport Base,2022,13865,Gasoline,1.5,8-Speed Automatic,Shadow Black,Ebony,None reported,Yes,29182,4,2.1045723352084234,0,0,New
BMW,M4 Competition xDrive,2022,15882,Gasoline,503.0,8-Speed A/T,Red,Silver,None reported,Yes,84995,4,5.351319020336208,1,0,New
Mercedes-Benz,AMG GLC 43 AMG GLC 43,2021,10483,Gasoline,3.0,Automatic,Graphite Grey Metallic,Black w/Red Stitching,None reported,Yes,60998,5,5.818199160625715,1,0,New
Chrysler,200 C,2015,44000,E85 Flex Fuel,295.0,A/T,White,Black,At least 1 accident or damage reported,Yes,12700,11,0.2886298038680939,0,0,Old
Hummer,H2 Base,2003,109000,Gasoline,316.0,A/T,Beige,Beige,None reported,Yes,17500,23,0.1605489857891212,0,1,Very Old
BMW,M4 Base,2020,31350,Gasoline,425.0,Transmission w/Dual Shift Mode,Gray,Orange,None reported,Yes,62450,6,1.9919619788842462,1,0,Moderate
Audi,Q8 55 Premium Plus,2021,30000,Hybrid,335.0,8-Speed A/T,Black,Black,None reported,Yes,62000,5,2.0665977800739976,1,0,New
Land,Rover Range Rover HSE,2012,66500,Gasoline,385.0,A/T,Silver,Black,None reported,Yes,19950,14,0.2999954887896423,1,0,Old
Nissan,Frontier SV,2012,96600,Gasoline,261.0,A/T,Beige,Black,At least 1 accident or damage reported,Yes,17000,14,0.1759816150971522,0,0,Old
Toyota,Highlander LE Plus,2015,198000,Gasoline,270.0,A/T,White,Gray,None reported,Yes,14000,11,0.07070671360245655,0,1,Old
Audi,S4 3.0T Premium Plus,2013,91877,Gasoline,333.0,A/T,Black,Red,At least 1 accident or damage reported,Yes,24000,13,0.261215960295174,1,0,Old
Ford,Expedition Max Limited,2018,45578,Gasoline,375.0,10-Speed A/T,White,–,None reported,Yes,45023,8,0.9878013997674367,0,0,Moderate
BMW,228 i,2015,54000,Gasoline,240.0,6-Speed M/T,Black,Red,At least 1 accident or damage reported,Yes,19996,11,0.3702894390844614,1,0,Old
Land,Rover Range Rover Sport HST MHEV,2020,52000,Hybrid,395.0,8-Speed A/T,Gray,Black,None reported,Yes,55000,6,1.057671967846772,1,0,Moderate
Mercedes-Benz,E-Class AMG E 53,2020,23044,Hybrid,3.0,Automatic,Emerald Green Metallic,Black/Saddle Brown,None reported,Yes,72598,6,3.1502712085050986,1,0,Moderate
Porsche,911 Carrera,2008,132500,Gasoline,325.0,6-Speed M/T,Black,Black,None reported,Yes,35000,18,0.26414894981924664,1,1,Old
Mercedes-Benz,SL-Class SL63 AMG Roadster,2009,31370,Gasoline,518.0,Transmission w/Dual Shift Mode,White,Brown,None reported,Yes,65700,17,2.0942909056134646,1,0,Old
Chrysler,Sebring LX,2008,67303,Gasoline,173.0,A/T,Blue,Blue,None reported,Yes,4900,18,0.0728039938190895,0,0,Old
Ford,Bronco Outer Banks,2023,16500,Gasoline,275.0,A/T,Blue,Gray,None reported,Yes,54000,3,3.272528937640143,0,0,New
Toyota,Tacoma TRD Pro,2018,28800,Gasoline,3.5,"Manual, 6-Spd",–,Black,None reported,Yes,42900,8,1.489531613485643,0,0,Moderate
RAM,ProMaster 2500 High Roof,2019,88000,Gasoline,280.0,6-Speed A/T,White,Black,At least 1 accident or damage reported,Yes,39900,7,0.45340393859160694,0,0,Moderate
Ford,Shelby GT350 Base,2018,18515,Gasoline,526.0,6-Speed M/T,White,Black,At least 1 accident or damage reported,Yes,60867,8,3.287265068049255,0,0,Moderate
Tesla,Model 3 Performance,2018,92813,Gasoline,271.0,1-Speed A/T,Red,Black,None reported,Yes,30499,8,0.3286034434460319,1,0,Moderate
Volvo,XC60 T6 Inscription,2019,58600,Gasoline,330.0,A/T,White,White,At least 1 accident or damage reported,Yes,29000,7,0.4948721011586833,0,0,Moderate
Lexus,LS 460 Crafted Line,2015,74500,Gasoline,386.0,Transmission w/Dual Shift Mode,White,Red,None reported,Yes,33900,11,0.4550274492959826,1,0,Old
Tesla,Model S 100D,2018,33500,Gasoline,518.0,A/T,Gray,Black,None reported,Yes,51900,8,1.5492074863436913,1,0,Moderate
Cadillac,XT6 Premium Luxury AWD,2023,222,Gasoline,310.0,A/T,White,Black,None reported,Yes,69000,3,309.4170403587444,0,0,New
Chevrolet,Avalanche 1500 LTZ,2007,75124,E85 Flex Fuel,310.0,A/T,Red,Gray,None reported,Yes,16499,19,0.2196206322795341,0,0,Old
Chevrolet,Corvette Grand Sport,2013,15500,Gasoline,430.0,Transmission w/Dual Shift Mode,White,Blue,None reported,Yes,45000,13,2.903038513644281,0,0,Old
Audi,Q8 55 Premium,2020,34300,Hybrid,335.0,8-Speed A/T,Gray,Brown,None reported,Yes,52500,6,1.5305676219352204,1,0,Moderate
Honda,Odyssey Elite,2019,82000,Gasoline,280.0,10-Speed A/T,Silver,Black,None reported,Yes,32471,7,0.3959829758173681,0,0,Moderate
Acura,TLX,2023,3389,Gasoline,2.0,Automatic,Platinum White Pearl,Black,None reported,Yes,38598,3,11.385840707964602,0,0,New
Cadillac,STS V6,2005,96000,Gasoline,260.0,A/T,Beige,Brown,At least 1 accident or damage reported,Yes,4999,21,0.0520723742461016,0,0,Very Old
Dodge,Charger R/T,2021,7751,Gasoline,370.0,8-Speed A/T,Black,Black,None reported,Yes,41950,5,5.411506707946336,0,0,New
Audi,RS 7 4.0T Performance Prestige,2017,66250,Gasoline,605.0,8-Speed A/T,Gray,Gray,At least 1 accident or damage reported,Yes,59200,9,0.8935714177899201,1,0,Moderate
Lexus,CT 200h Premium,2012,109000,Hybrid,134.0,A/T,White,Black,At least 1 accident or damage reported,Yes,14945,14,0.1371088338639095,1,1,Old
Hyundai,Genesis Coupe 3.8 Base,2015,60000,Gasoline,348.0,Transmission w/Dual Shift Mode,Black,Black,None reported,Yes,17000,11,0.2833286111898135,0,0,Old
Mercedes-Benz,E-Class E 350 4MATIC,2022,9006,Gasoline,255.0,9-Speed A/T,Black,Black,None reported,Yes,56999,4,6.328300210947041,1,0,New
Toyota,GR86 Base,2022,13400,Gasoline,228.0,6-Speed A/T,Silver,Black,None reported,Yes,33499,4,2.4997388254607866,0,0,New
Porsche,Macan S,2020,28570,Gasoline,3.0,Automatic,White,Black,None reported,Yes,55998,6,1.959959399390991,1,0,Moderate
Dodge,Durango SRT,2018,78000,Gasoline,475.0,Transmission w/Dual Shift Mode,White,Black,At least 1 accident or damage reported,Yes,44700,8,0.5730695760310766,0,0,Moderate
Lexus,LX 570 Base,2013,134000,Gasoline,383.0,A/T,Gray,Black,At least 1 accident or damage reported,Yes,29995,13,0.22384161312229015,1,1,Old
Kia,Optima Hybrid EX,2013,104994,Hybrid,199.0,6-Speed A/T,Black,Beige,None reported,Yes,9000,13,0.08571836754131149,0,1,Old
Alfa,Romeo Giulia Base,2020,30000,Gasoline,280.0,8-Speed A/T,Black,–,None reported,Yes,28900,6,0.963301223292557,0,0,Moderate
Toyota,Sequoia Limited,2017,67000,E85 Flex Fuel,381.0,6-Speed A/T,Silver,Gray,None reported,Yes,37999,9,0.5671407889434487,0,0,Moderate
Kia,K5 EX,2021,8263,Gasoline,180.0,A/T,Gray,White,None reported,Yes,29000,5,3.5091965150048403,0,0,New
RAM,1500 Big Horn,2021,35003,Gasoline,5.7,8-Speed Automatic,Bright White Clearcoat,Diesel Gray / Black,None reported,Yes,40999,5,1.1712661410124556,0,0,New
Chevrolet,Corvette Base,2008,80000,Gasoline,430.0,6-Speed A/T,Red,Beige,None reported,Yes,31000,18,0.3874951563105461,0,0,Old
Jaguar,F-TYPE S,2014,74595,Gasoline,495.0,8-Speed A/T,Green,Black,At least 1 accident or damage reported,Yes,32450,12,0.4350099201029546,1,0,Old
Audi,A7 3.0T Prestige,2013,87066,Gasoline,310.0,8-Speed A/T,Silver,Black,None reported,Yes,20999,13,0.24118207816968543,1,0,Old
Audi,Q8 3.0T Prestige,2019,38360,Gasoline,3.0,8-Speed Automatic,Orca Black Metallic,Black,None reported,Yes,49936,7,1.3017387450796383,1,0,Moderate
Kia,Telluride SX,2020,38000,Gasoline,291.0,8-Speed A/T,Green,Beige,None reported,Yes,41999,6,1.105207757690587,0,0,Moderate
Toyota,Camry Hybrid XLE,2018,69641,Hybrid,208.0,CVT Transmission,White,Black,At least 1 accident or damage reported,Yes,23995,8,0.34454783033227077,0,0,Moderate
Toyota,GR86 Premium,2022,1275,Gasoline,228.0,6-Speed A/T,Blue,Black,None reported,Yes,47999,4,37.61677115987461,0,0,New
BMW,M3 Base,2001,60000,Gasoline,333.0,6-Speed M/T,Black,Gray,None reported,Yes,25000,25,0.41665972233796106,1,0,Very Old
Jeep,Wrangler Rubicon,2014,99450,Gasoline,285.0,6-Speed M/T,Gray,Black,None reported,Yes,21000,12,0.21115926436134377,0,0,Old
Toyota,Tundra Hybrid Capstone,2023,200,Hybrid,437.0,10-Speed A/T,Blue,White,None reported,Yes,82500,3,410.44776119402985,0,0,New
Porsche,Panamera 4 Edition,2016,68000,Gasoline,310.0,Transmission w/Dual Shift Mode,Gray,Black,At least 1 accident or damage reported,Yes,32950,10,0.48455169776915047,1,0,Moderate
GMC,Sierra 3500 Denali,2019,73091,Diesel,445.0,A/T,White,Black,At least 1 accident or damage reported,Yes,58500,7,0.8003611886389755,0,0,Moderate
Kia,Niro Plug-In Hybrid EX,2023,9400,Plug-In Hybrid,180.0,A/T,Black,Black,None reported,Yes,31500,3,3.3507073715562172,0,0,New
Porsche,Cayenne Base,2014,117697,Gasoline,300.0,8-Speed A/T,Black,Black,At least 1 accident or damage reported,Yes,16975,12,0.1442250505531105,1,1,Old
Mercedes-Benz,S-Class S 65 AMG,2015,95428,Gasoline,621.0,A/T,Silver,Silver,None reported,Yes,55000,11,0.576344717014744,1,0,Old
Lexus,GX 460 Premium,2017,116300,Gasoline,301.0,6-Speed A/T,Gray,Beige,None reported,Yes,31950,9,0.27471818814971494,1,1,Moderate
Acura,MDX Sport Hybrid 3.0L w/Technology Package,2019,56778,Hybrid,321.0,7-Speed A/T,Black,Black,None reported,Yes,41899,7,0.7379312774089012,0,0,Moderate
Audi,Q5 S line Premium Plus,2023,5682,Hybrid,2.0,Automatic,Chronos Gray,Gray,None reported,Yes,48698,3,8.569065634348055,1,0,New
BMW,530 i,2017,37000,Gasoline,248.0,A/T,Gray,Black,None reported,Yes,31000,9,0.837815194183941,1,0,Moderate
Kia,Forte Koup EX,2015,103748,Gasoline,173.0,A/T,Gray,Gray,None reported,Yes,8500,11,0.08192850051566762,0,1,Old
Toyota,Sequoia Limited,2005,86000,Gasoline,282.0,A/T,Silver,–,None reported,Yes,22500,21,0.2616248648271532,0,0,Very Old
Land,Rover LR4 HSE,2013,125900,Gasoline,375.0,A/T,Black,Beige,None reported,Yes,21000,13,0.16679772201968213,1,1,Old
Nissan,Titan SV,2023,6200,Gasoline,400.0,9-Speed A/T,Black,Gray,None reported,Yes,48000,3,7.7406869859700045,0,0,New
Ford,F-250 Lariat,2019,85000,Diesel,450.0,6-Speed A/T,Black,Black,At least 1 accident or damage reported,Yes,52500,7,0.6176397924730297,0,0,Moderate
Mercedes-Benz,AMG GT AMG GT,2017,19324,Gasoline,456.0,Transmission w/Dual Shift Mode,Gray,Beige,None reported,Yes,75000,9,3.8809831824062098,1,0,Moderate
Cadillac,Escalade Platinum,2018,49273,Gasoline,420.0,A/T,Red,Black,None reported,Yes,54000,8,1.0959126517027236,0,0,Moderate
BMW,M3 Base,2017,44000,Gasoline,425.0,7-Speed A/T,Blue,Black,None reported,Yes,55000,9,1.2499715915547374,1,0,Moderate
Chevrolet,Cruze LT,2012,148377,Gasoline,138.0,6-Speed A/T,Blue,Black,None reported,Yes,5500,14,0.03706748978959145,0,1,Old
Dodge,Challenger SRT8,2010,70000,Gasoline,425.0,6-Speed M/T,Orange,Black,None reported,Yes,22000,16,0.3142812245539349,0,0,Old
Mercedes-Benz,Sprinter 2500,2016,143290,Diesel,161.0,A/T,White,Black,None reported,Yes,33490,10,0.23372019177757153,1,1,Moderate
Ford,F-350 Platinum,2019,69205,Diesel,450.0,Transmission w/Dual Shift Mode,White,Black,None reported,Yes,73500,7,1.0620466433546225,0,0,Moderate
Chevrolet,Tahoe LTZ,2015,123500,Gasoline,355.0,6-Speed A/T,White,Brown,None reported,Yes,25650,11,0.2076906259868341,0,1,Old
Audi,Q7 3.0T Prestige,2018,70773,Gasoline,333.0,A/T,White,Black,None reported,Yes,30950,8,0.43730748579987,1,0,Moderate
Jeep,Patriot Latitude,2015,109000,Gasoline,158.0,A/T,Gray,Gray,At least 1 accident or damage reported,Yes,7599,11,0.06971495674351612,0,1,Old
INFINITI,QX70 Base,2014,71097,Gasoline,325.0,7-Speed A/T,Black,Black,None reported,Yes,18995,12,0.2671664463135391,0,0,Old
BMW,X5 xDrive35i,2013,76309,Gasoline,300.0,A/T,Silver,Black,None reported,Yes,12000,13,0.15725330887170752,1,0,Old
Cadillac,ATS 2.5L,2014,80400,Gasoline,202.0,A/T,Silver,Black,At least 1 accident or damage reported,Yes,15000,12,0.18656484372084925,0,0,Old
Toyota,RAV4 Base,2010,123620,Gasoline,179.0,4-Speed A/T,Black,Black,At least 1 accident or damage reported,Yes,9900,16,0.08008348096197249,0,1,Old
Acura,TSX Technology,2011,187883,Gasoline,201.0,A/T,Red,Beige,None reported,Yes,5500,15,0.029273381448127567,0,1,Old
Honda,Civic Sport,2022,25420,Gasoline,158.0,CVT Transmission,Red,Gray,None reported,Yes,24500,4,0.9637701113252822,0,0,New
BMW,M3 Base,2011,129999,Gasoline,414.0,6-Speed M/T,White,Black,None reported,Yes,29999,15,0.23076153846153846,1,1,Old
BMW,M3 Base,2008,41048,Gasoline,414.0,Transmission w/Dual Shift Mode,Gray,Beige,None reported,Yes,38490,18,0.9376598699115691,1,0,Old
Nissan,Cube 1.8 S,2010,72500,Gasoline,122.0,6-Speed M/T,Brown,Black,None reported,Yes,6750,16,0.09310216410808127,0,0,Old
RAM,ProMaster 3500 Tradesman,2014,143390,Gasoline,280.0,6-Speed A/T,White,–,None reported,Yes,13000,12,0.09066119909896717,0,1,Old
Acura,RDX Base,2018,68425,Gasoline,279.0,6-Speed A/T,Gray,–,At least 1 accident or damage reported,Yes,23500,8,0.34343670534592113,0,0,Moderate
Toyota,4Runner Limited,2018,95000,Gasoline,270.0,A/T,Silver,Brown,None reported,Yes,33000,8,0.34736476458142546,0,0,Moderate
RAM,1500 Limited,2019,29000,Gasoline,395.0,8-Speed A/T,Gray,Black,At least 1 accident or damage reported,Yes,49500,7,1.7068376952518878,0,0,Moderate
Chevrolet,Corvette Base,2003,145000,Gasoline,350.0,A/T,Blue,Black,None reported,Yes,22000,23,0.15172309156488575,0,1,Very Old
Land,Rover Defender 110 SE,2020,29700,Hybrid,395.0,8-Speed A/T,Green,Black,None reported,Yes,68000,6,2.2894852025184336,1,0,Moderate
Jeep,Grand Cherokee Laredo,2011,98658,Gasoline,360.0,5-Speed A/T,White,Gray,None reported,Yes,14995,15,0.1519881612422587,0,0,Old
Volvo,S80 T6,2009,97615,Gasoline,281.0,6-Speed A/T,Black,Gray,None reported,Yes,10500,17,0.10756433371578429,0,0,Old
Porsche,Cayenne S,2014,36000,Gasoline,400.0,8-Speed A/T,Black,Beige,None reported,Yes,37000,12,1.027749229188078,1,0,Old
Mazda,CX-30 Select,2021,61874,Gasoline,2.5,6-Speed Automatic,Jet Black Mica,Black,None reported,Yes,22389,5,0.36184242424242424,0,0,New
Chrysler,Town & Country Touring,2012,74582,E85 Flex Fuel,283.0,6-Speed A/T,Black,–,None reported,Yes,8500,14,0.11396698979660244,0,0,Old
INFINITI,FX37 Base,2013,51500,Gasoline,325.0,A/T,Gray,Black,None reported,Yes,23900,13,0.46406865886099297,0,0,Old
Toyota,FJ Cruiser Base,2007,193827,Gasoline,239.0,A/T,Silver,Black,None reported,Yes,14950,19,0.07713023918112966,0,1,Old
Chevrolet,Silverado 1500 LT,2019,53433,Gasoline,355.0,A/T,Blue,Gray,None reported,Yes,36950,7,0.6915072800089831,0,0,Moderate
Mercedes-Benz,C-Class C 63 AMG,2012,103000,Gasoline,451.0,7-Speed A/T,Silver,Black,At least 1 accident or damage reported,Yes,40000,14,0.3883457442160756,1,1,Old
BMW,428 Gran Coupe i xDrive,2016,59000,Gasoline,240.0,Transmission w/Dual Shift Mode,Black,Brown,At least 1 accident or damage reported,Yes,20999,10,0.35590922187759527,1,0,Moderate
Lexus,GX 460 Premium,2017,82000,Gasoline,301.0,A/T,Gray,Brown,None reported,Yes,32900,9,0.40121461933391056,1,0,Moderate
Porsche,Panamera Edition,2016,60000,Gasoline,310.0,A/T,Gray,Black,None reported,Yes,45000,10,0.7499875002083298,1,0,Moderate
Cadillac,Escalade ESV Platinum,2017,93971,Gasoline,420.0,A/T,White,Beige,None reported,Yes,47000,9,0.5001489805473971,0,0,Moderate
Lexus,IS 350 Base,2015,62600,Gasoline,306.0,Transmission w/Dual Shift Mode,Gray,Red,None reported,Yes,27500,11,0.4392901071867861,1,0,Old
Mercedes-Benz,E-Class E 350 4MATIC,2014,84450,Gasoline,302.0,7-Speed A/T,Gray,Beige,None reported,Yes,19000,12,0.22498253425063056,1,0,Old
Audi,Q5 S line Premium,2022,18099,Hybrid,2.0,Automatic,Daytona Gray,Gray,None reported,Yes,40798,4,2.2540331491712706,1,0,New
Mercedes-Benz,E-Class E 350 4MATIC,2014,76500,Gasoline,302.0,7-Speed A/T,Silver,Black,None reported,Yes,17999,12,0.23527797022261146,1,0,Old
Chevrolet,Camaro 1LT,2017,74000,Gasoline,275.0,A/T,Yellow,Black,None reported,Yes,19800,9,0.2675639518384887,0,0,Moderate
RAM,1500 Laramie,2022,15607,Gasoline,5.7,8-Speed Automatic,Billet Silver Metallic Clearcoat,Black,None reported,Yes,45999,4,2.947142491030241,0,0,New
Chevrolet,Silverado 1500 1LZ,2014,111095,E85 Flex Fuel,355.0,6-Speed A/T,White,Black,At least 1 accident or damage reported,Yes,26000,12,0.23403182832865269,0,1,Old
Toyota,Camry Solara SLE,2007,37216,Gasoline,210.0,A/T,Red,Beige,At least 1 accident or damage reported,Yes,14995,19,0.4029072735577827,0,0,Old
Jaguar,F-TYPE S,2015,25786,Gasoline,380.0,8-Speed A/T,Blue,Gray,None reported,Yes,38500,11,1.4930003490130686,1,0,Old
Jeep,Gladiator Sport,2021,15520,Gasoline,3.6,8-Speed Automatic,Sting Gray Clearcoat,Black,None reported,Yes,40459,5,2.606726370723536,0,0,New
RAM,1500 Big Horn,2021,49583,Gasoline,5.7,8-Speed Automatic,Billet Silver Metallic Clearcoat,Black,None reported,Yes,42816,5,0.8635043562439496,0,0,New
Porsche,Cayenne Diesel,2015,97300,Diesel,240.0,8-Speed A/T,Black,Black,None reported,Yes,29995,11,0.30827021305022556,1,0,Old
Chevrolet,Camaro Base,2002,89000,Gasoline,200.0,A/T,Silver,Black,None reported,Yes,10400,24,0.11685261963348727,0,0,Very Old
Porsche,Cayenne S,2015,52111,Gasoline,420.0,8-Speed A/T,Black,Black,At least 1 accident or damage reported,Yes,37500,11,0.7196039299969297,1,0,Old
Dodge,Challenger R/T Scat Pack,2019,75800,Gasoline,6.4,Automatic,Gray,Black,None reported,Yes,35998,7,0.4749013865252437,0,0,Moderate
Lexus,ES 350 Base,2010,113500,Gasoline,272.0,A/T,Red,Beige,At least 1 accident or damage reported,Yes,11000,16,0.0969154456788927,1,1,Old
Audi,Q3 2.0T Premium Plus,2015,155382,Gasoline,200.0,A/T,Brown,Gray,At least 1 accident or damage reported,Yes,13500,11,0.08688209134847441,1,1,Old
Mercedes-Benz,E-Class E 550,2016,49643,Gasoline,402.0,7-Speed A/T,White,Black,At least 1 accident or damage reported,Yes,33995,10,0.6847756022882926,1,0,Moderate
BMW,650 i xDrive,2015,76474,Gasoline,445.0,Transmission w/Dual Shift Mode,White,Black,None reported,Yes,32000,11,0.41843739784243217,1,0,Old
Porsche,Cayman Base,2016,10431,Gasoline,275.0,7-Speed A/T,Red,Black,None reported,Yes,50999,10,4.888707822085889,1,0,Moderate
INFINITI,FX50 Base,2009,190120,Gasoline,390.0,7-Speed A/T,Gray,Black,At least 1 accident or damage reported,Yes,12500,17,0.06574760284240036,0,1,Old
Ford,F-150 XLT,2020,92000,Gasoline,375.0,10-Speed A/T,Gray,Black,None reported,Yes,29999,6,0.3260725426897534,0,0,Moderate
Chevrolet,Camaro 2LT,2017,24000,Gasoline,335.0,6-Speed M/T,Yellow,Black,None reported,Yes,32000,9,1.3332777800924962,0,0,Moderate
RAM,1500 Big Horn,2020,25396,Gasoline,5.7,8-Speed Automatic,Maximum Steel Metallic,Black,None reported,Yes,43250,6,1.702957042170335,0,0,Moderate
Chevrolet,Silverado 2500 H/D,2001,167000,Gasoline,300.0,4-Speed A/T,White,Gray,At least 1 accident or damage reported,Yes,6500,25,0.03892192262321782,0,1,Very Old
RAM,1500 Laramie,2022,18645,Gasoline,5.7,Automatic,Diamond Black,Black,None reported,Yes,49700,4,2.665451035074547,0,0,New
Ford,Mustang V6,2016,54000,Gasoline,300.0,6-Speed A/T,White,Black,None reported,Yes,23999,10,0.44441769596859315,0,0,Moderate
Hyundai,Accent GL,2003,83000,Gasoline,104.0,M/T,Blue,Gray,None reported,Yes,2900,23,0.034939338080264094,0,0,Very Old
Audi,Q5 S line Premium Plus,2022,10071,Hybrid,2.0,Automatic,Mythos Black Metallic,Black,None reported,Yes,40598,4,4.0307783955520256,1,0,New
Ford,F-150 XLT,2021,43329,Gasoline,3.5,10-Speed Automatic,Carbonized Gray Metallic,Black,None reported,Yes,43642,5,1.0072005538887607,0,0,New
Lexus,RC F Base,2015,51400,Gasoline,467.0,8-Speed A/T,Silver,Gray,None reported,Yes,43000,11,0.836559600007782,1,0,Old
Chevrolet,Suburban 1500 LT,2015,153800,E85 Flex Fuel,355.0,6-Speed A/T,Silver,Black,At least 1 accident or damage reported,Yes,23000,11,0.14954389113204725,0,1,Old
Dodge,Viper SRT-10,2003,10800,Gasoline,500.0,6-Speed M/T,Silver,Black,None reported,Yes,65499,23,6.0641607258587165,0,0,Very Old
RAM,1500 Laramie,2020,10458,Gasoline,5.7,8-Speed Automatic,Delmonico Red Pearlcoat,Black,None reported,Yes,48815,6,4.6672722057558085,0,0,Moderate
BMW,328 i,2014,84709,Gasoline,240.0,8-Speed A/T,Silver,Gray,None reported,Yes,13800,12,0.16290874749144138,1,0,Old
Mercedes-Benz,AMG C 43 AMG C 43 4MATIC,2019,33500,Gasoline,385.0,9-Speed A/T,Red,Black,None reported,Yes,45770,7,1.3662278737948121,1,0,Moderate
BMW,M4 Base,2015,98000,Gasoline,425.0,Transmission w/Dual Shift Mode,Black,Orange,None reported,Yes,32999,11,0.3367210538667973,1,0,Old
BMW,750 i,2008,94653,Gasoline,360.0,A/T,Green,Green,At least 1 accident or damage reported,Yes,7300,18,0.0771229953303611,1,0,Old
Ford,Expedition Limited,2023,9281,Gasoline,440.0,A/T,Black,Black,None reported,Yes,85000,3,9.157509157509157,0,0,New
Chevrolet,Traverse Premier,2023,11806,Gasoline,310.0,9-Speed A/T,White,Black,None reported,Yes,47000,3,3.980689421529601,0,0,New
Cadillac,Escalade Platinum,2020,48613,Gasoline,420.0,A/T,Black,Black,At least 1 accident or damage reported,Yes,61500,6,1.2650676759781132,0,0,Moderate
RAM,3500 Tradesman,2023,2990,Diesel,400.0,A/T,White,Black,At least 1 accident or damage reported,Yes,69900,3,23.37011033099298,0,0,New
Audi,TT 1.8L,2005,124747,Gasoline,180.0,Transmission w/Dual Shift Mode,Silver,Black,None reported,Yes,6900,21,0.05531150800012826,1,1,Very Old
RAM,1500 Big Horn,2021,24000,Hybrid,395.0,A/T,Silver,Black,None reported,Yes,42000,5,1.7499270863714012,0,0,New
Mazda,CX-7 Sport,2009,113000,Gasoline,244.0,6-Speed A/T,Gray,Black,None reported,Yes,5499,17,0.04866328616560915,0,1,Old
INFINITI,QX60 Base,2017,89106,Gasoline,295.0,Transmission w/Dual Shift Mode,White,Beige,None reported,Yes,18000,9,0.20200433187067235,0,0,Moderate
Ford,F-250 Platinum,2017,22000,E85 Flex Fuel,385.0,6-Speed A/T,Beige,Black,At least 1 accident or damage reported,Yes,53000,9,2.408981409935912,0,0,Moderate
Jeep,Compass Limited,2022,20472,Gasoline,2.4,9-Speed Automatic,Red,Black,None reported,Yes,28298,4,1.3822107165535096,0,0,New
INFINITI,QX80 SENSORY,2023,8600,Gasoline,400.0,7-Speed A/T,Black,Brown,None reported,Yes,78990,3,9.18381583536798,0,0,New
Chevrolet,Silverado 1500 Limited LT Trail Boss,2022,4753,Gasoline,355.0,10-Speed A/T,White,Black,None reported,Yes,57000,4,11.989903239377366,0,0,New
Hyundai,Genesis Coupe 2.0T,2010,65000,Gasoline,210.0,A/T,Gray,Black,None reported,Yes,8900,16,0.1369209704466085,0,0,Old
Chevrolet,Camaro 1SS,2021,15000,Gasoline,455.0,6-Speed M/T,Blue,Gray,None reported,Yes,43500,5,2.8998066795546964,0,0,New
Audi,A6 3.0 TDI Premium Plus,2014,42400,Diesel,240.0,8-Speed A/T,Silver,Black,None reported,Yes,26500,12,0.6249852597816089,1,0,Old
Land,Rover Defender S,2023,15840,Gasoline,296.0,8-Speed A/T,White,Black,None reported,Yes,69900,3,4.412600214632914,1,0,New
Porsche,Cayenne S,2016,76200,Gasoline,420.0,Transmission w/Dual Shift Mode,Gray,Beige,None reported,Yes,42000,10,0.5511738691093293,1,0,Moderate
Chevrolet,Suburban Premier,2019,105667,Gasoline,355.0,6-Speed A/T,Black,Beige,None reported,Yes,39000,7,0.36908051633417877,0,1,Moderate
Chevrolet,Suburban Premier,2019,51338,Gasoline,355.0,6-Speed A/T,White,Black,None reported,Yes,49900,7,0.9719706266191395,0,0,Moderate
Dodge,Dart SE,2016,76857,Gasoline,160.0,M/T,Black,Black,At least 1 accident or damage reported,Yes,8100,10,0.10538915922870748,0,0,Moderate
Ford,F-250 Lariat,2019,80200,E85 Flex Fuel,385.0,A/T,White,Black,None reported,Yes,42500,7,0.5299185795688333,0,0,Moderate
Ford,Mustang GT,2014,38560,Gasoline,420.0,6-Speed M/T,Black,Black,At least 1 accident or damage reported,Yes,28500,12,0.7390887165789269,0,0,Old
Chevrolet,Corvette Stingray w/2LT,2020,12500,Gasoline,490.0,Transmission w/Dual Shift Mode,Yellow,Black,None reported,Yes,84999,6,6.799376049916007,0,0,Moderate
Hyundai,Genesis Coupe 3.8 Base,2016,45303,Gasoline,348.0,8-Speed A/T,White,Black,None reported,Yes,20999,10,0.463513155571252,0,0,Moderate
Ford,Focus ST Base,2014,110000,Gasoline,252.0,6-Speed M/T,Silver,Gray,None reported,Yes,9495,12,0.08631739711457169,0,1,Old
Cadillac,CTS Luxury,2011,66200,Gasoline,270.0,6-Speed A/T,Black,Black,None reported,Yes,16499,15,0.24922584250993188,0,0,Old
Subaru,Baja Base,2003,71000,Gasoline,165.0,5-Speed M/T,Red,Black,None reported,Yes,14900,23,0.20985619920846185,0,0,Very Old
Toyota,Highlander XLE,2019,81301,Gasoline,3.5,8-Speed Automatic,Black,Black,None reported,Yes,30275,7,0.3723770632948759,0,0,Moderate
Chevrolet,Corvette Stingray Z51,2019,7033,Gasoline,460.0,8-Speed A/T,White,Black,None reported,Yes,63900,7,9.08444697185101,0,0,Moderate
Dodge,Durango SRT,2020,36000,Gasoline,475.0,8-Speed A/T,Gray,Red,None reported,Yes,62000,6,1.7221743840448875,0,0,Moderate
Acura,TSX 2.4,2010,116000,Gasoline,201.0,6-Speed M/T,Silver,Black,At least 1 accident or damage reported,Yes,9000,16,0.07758553805570642,0,1,Old
Chevrolet,Camaro 2SS,2018,42780,Gasoline,455.0,Transmission w/Dual Shift Mode,Black,Black,At least 1 accident or damage reported,Yes,41100,8,0.9607068558472219,0,0,Moderate
BMW,640 Gran Coupe i,2014,39886,Gasoline,315.0,Transmission w/Dual Shift Mode,Black,Red,At least 1 accident or damage reported,Yes,26000,12,0.6518414521021887,1,0,Old
Audi,S5 3.0T Premium Plus,2014,151400,Gasoline,333.0,Transmission w/Dual Shift Mode,Gray,Black,None reported,Yes,15400,12,0.10171663331153691,1,1,Old
Alfa,Romeo Giulia Base,2017,48000,Gasoline,280.0,A/T,Red,Black,None reported,Yes,20500,9,0.42707443594925104,0,0,Moderate
Toyota,Highlander XLE,2023,8727,Gasoline,2.4,8-Speed Automatic,Ruby Flare Pearl,Black,None reported,Yes,44596,3,5.109532538955087,0,0,New
Rolls-Royce,Ghost Base,2011,79000,Gasoline,563.0,8-Speed A/T,Black,White,At least 1 accident or damage reported,Yes,80300,15,1.016442829837597,0,0,Old
Dodge,Challenger R/T,2020,54000,Gasoline,372.0,8-Speed A/T,Gray,Black,None reported,Yes,34000,6,0.6296179700375919,0,0,Moderate
Porsche,Cayenne Base,2016,110000,Gasoline,300.0,A/T,White,White,At least 1 accident or damage reported,Yes,25900,10,0.23545240497813658,1,1,Moderate
Chevrolet,Bolt EV LT,2020,49688,Gasoline,200.0,A/T,Blue,Gray,None reported,Yes,24900,6,0.5011169474129082,0,0,Moderate
Mercedes-Benz,Metris Base,2020,14000,Gasoline,208.0,7-Speed A/T,Black,Beige,None reported,Yes,48000,6,3.428326548103707,1,0,Moderate
Chevrolet,Silverado 1500 ZR2,2022,11597,Gasoline,6.2,Automatic,Silver Ice Metallic,Jet Black,None reported,Yes,68590,4,5.913950681151923,0,0,New
Mercedes-Benz,AMG S 63 Base 4MATIC,2017,86101,Gasoline,577.0,A/T,Gray,Red,At least 1 accident or damage reported,Yes,72777,9,0.8452416900884997,1,0,Moderate
Chevrolet,Silverado 1500 LT,2017,58816,Gasoline,5.3,6-Speed Electronically Controlled Automatic with O,Black,Jet Black,None reported,Yes,36590,9,0.6220990529948824,0,0,Moderate
Lexus,RC 350 Base,2016,77856,Gasoline,3.5,6-Speed Automatic,Atomic Silver,Black,None reported,Yes,30919,10,0.3971254993128428,1,0,Moderate
GMC,Acadia SLE-1,2015,115282,Gasoline,3.6,6-Speed Automatic,Crimson Red Tintcoat,Ebony,At least 1 accident or damage reported,Yes,12433,11,0.10784764449224951,0,1,Old
MINI,Cooper Base,2003,103726,Gasoline,115.0,5-Speed M/T,Red,Gray,At least 1 accident or damage reported,Yes,5995,23,0.05779594512518438,0,1,Very Old
Mazda,MX-5 Miata Sport,2008,39800,Gasoline,158.0,Transmission w/Dual Shift Mode,Blue,Black,None reported,Yes,13250,18,0.33290620838672397,0,0,Old
Toyota,4Runner TRD Off Road,2019,79500,Gasoline,270.0,A/T,White,Black,None reported,Yes,33333,7,0.419277744934026,0,0,Moderate
Toyota,Highlander Limited,2008,165520,Gasoline,270.0,A/T,Gray,Gray,At least 1 accident or damage reported,Yes,9000,18,0.05437376526241383,0,1,Old
BMW,650 Gran Coupe i,2014,92000,Gasoline,445.0,Transmission w/Dual Shift Mode,Black,Black,At least 1 accident or damage reported,Yes,24000,12,0.2608667297094597,1,0,Old
Hyundai,Palisade Calligraphy,2023,1500,Gasoline,291.0,Transmission w/Dual Shift Mode,Green,Black,None reported,Yes,55000,3,36.64223850766156,0,0,New
Pontiac,Solstice GXP,2008,38100,Gasoline,260.0,5-Speed M/T,Orange,Black,None reported,Yes,19950,18,0.5236083042439831,0,0,Old
Land,Rover Range Rover Evoque SE Premium,2018,42125,Gasoline,237.0,Transmission w/Dual Shift Mode,White,Black,None reported,Yes,38999,8,0.9257703081232493,1,0,Moderate
Porsche,Cayenne Diesel,2014,86818,Diesel,240.0,Transmission w/Dual Shift Mode,Silver,Black,None reported,Yes,33500,12,0.3858602379663438,1,0,Old
BMW,M3 Competition xDrive,2023,3490,Gasoline,503.0,8-Speed A/T,Gray,Black,None reported,Yes,95580,3,27.378974505872243,1,0,New
Toyota,Avalon Limited,2008,111300,Gasoline,268.0,Transmission w/Dual Shift Mode,Gold,Beige,None reported,Yes,7900,18,0.07097869740613291,0,1,Old
BMW,M3 Base,2011,98200,Gasoline,414.0,7-Speed A/T,White,Black,None reported,Yes,27000,15,0.27494628364273277,1,0,Old
Porsche,Panamera Base,2018,42500,Gasoline,330.0,8-Speed A/T,Black,Beige,At least 1 accident or damage reported,Yes,53999,8,1.2705348109456247,1,0,Moderate
Jeep,Wrangler Sport,2001,171000,Gasoline,181.0,5-Speed M/T,White,Black,At least 1 accident or damage reported,Yes,15000,25,0.08771878527026157,0,1,Very Old
Honda,Passport TrailSport,2023,11649,Gasoline,280.0,9-Speed A/T,Black,Black,None reported,Yes,39999,3,3.433390557939914,0,0,New
Mercedes-Benz,SL-Class SL 550,2013,24933,Gasoline,429.0,Transmission w/Dual Shift Mode,Silver,Red,At least 1 accident or damage reported,Yes,40250,13,1.6142616507580012,1,0,Old
Audi,RS 4 Base,2007,99769,Gasoline,420.0,6-Speed M/T,Gray,White,None reported,Yes,29995,19,0.30064147539340486,1,0,Old
Toyota,Avalon Limited,2022,16156,Gasoline,3.5,8-Speed Automatic,Blueprint,Graphite,None reported,Yes,39390,4,2.437952590208578,0,0,New
Mercedes-Benz,E-Class E 350 4MATIC,2008,67250,Gasoline,268.0,A/T,White,Beige,None reported,Yes,11900,18,0.1769490416499383,1,0,Old
GMC,Yukon Denali,2021,30022,Gasoline,420.0,A/T,Blue,Black,At least 1 accident or damage reported,Yes,74500,5,2.4814309029743864,0,0,New
Porsche,Panamera 4S,2017,42596,Gasoline,440.0,Transmission w/Dual Shift Mode,Black,Black,None reported,Yes,78000,9,1.8311148672441722,1,0,Moderate
Ford,Explorer XLT,2021,33705,Gasoline,2.3,10-Speed Automatic,White,Light Slate,At least 1 accident or damage reported,Yes,36995,5,1.0975790660416542,0,0,New
Land,Rover LR4 HSE LUX Landmark Edition,2016,63300,Gasoline,340.0,8-Speed A/T,White,Brown,None reported,Yes,31000,10,0.48972370104737684,1,0,Moderate
Acura,TLX Type S w/Performance Tire,2023,4700,Gasoline,355.0,10-Speed A/T,Red,Black,None reported,Yes,52000,3,11.061476281642204,0,0,New
Toyota,Tacoma Base,2020,27256,Gasoline,3.5,6 Speed At/Mt,Midnight Black Metallic,Black/Gun Metal,None reported,Yes,42998,6,1.577503026745423,0,0,Moderate
Hummer,H3 Base,2010,107481,Gasoline,239.0,A/T,White,Black,None reported,Yes,13500,16,0.1256024264528014,0,1,Old
Tesla,Model 3 Long Range,2018,61700,Gasoline,271.0,A/T,White,Black,None reported,Yes,25900,8,0.4197662922805141,1,0,Moderate
Jeep,Wrangler Unlimited Sahara,2017,128000,Gasoline,285.0,5-Speed A/T,Gray,Black,None reported,Yes,26800,9,0.20937336427059164,0,1,Moderate
Chevrolet,Camaro 2SS,2018,26000,Gasoline,455.0,8-Speed A/T,White,Black,None reported,Yes,39000,8,1.4999423099111573,0,0,Moderate
Audi,S6 4.0T,2015,74000,Gasoline,420.0,7-Speed A/T,Blue,Gray,None reported,Yes,29950,11,0.40472426048296645,1,0,Old
Audi,TT RS Base,2012,54900,Gasoline,360.0,6-Speed M/T,White,Brown,None reported,Yes,28900,14,0.5264020691790677,1,0,Old
INFINITI,QX56 Base,2012,141775,Gasoline,400.0,Transmission w/Dual Shift Mode,White,Beige,None reported,Yes,11500,14,0.08111386976639205,0,1,Old
Volkswagen,New Beetle GLS,2001,63250,Gasoline,115.0,4-Speed A/T,Yellow,Yellow,None reported,Yes,12000,25,0.18972032062734187,0,0,Very Old
Audi,Q5 S line Premium Plus,2022,13895,Hybrid,2.0,Automatic,Daytona Gray,Black,None reported,Yes,44998,4,3.2381980426021877,1,0,New
Ford,F-250 XL,2014,35900,E85 Flex Fuel,385.0,Transmission w/Dual Shift Mode,Blue,Gray,At least 1 accident or damage reported,Yes,27900,12,0.7771371270995237,0,0,Old
GMC,Yukon XL Denali,2022,48306,Gasoline,6.2,10-Speed Automatic,Summit White,Jet Black,At least 1 accident or damage reported,Yes,71999,4,1.4904465191380132,0,0,New
Audi,A4 2.0T Premium,2012,125000,Gasoline,211.0,8-Speed A/T,Black,Black,None reported,Yes,10500,14,0.08399932800537596,1,1,Old
Mazda,CX-30 Premium Package,2021,45303,Gasoline,2.5,6-Speed Automatic,Snowflake White Pearl,White / Brown,None reported,Yes,25382,5,0.5602595797280593,0,0,New
Lexus,ES 350 Base,2016,53900,Gasoline,268.0,A/T,Red,Beige,None reported,Yes,27500,10,0.5101946160553608,1,0,Moderate
Jeep,Wrangler Sahara,2008,54000,Gasoline,202.0,A/T,Green,Gray,None reported,Yes,20000,18,0.37036351178681876,0,0,Old
Chevrolet,Avalanche 1500 LTZ,2007,129000,Gasoline,366.0,A/T,White,Beige,None reported,Yes,17950,19,0.13914620816892892,0,1,Old
Jeep,Grand Cherokee L Laredo,2022,10232,Gasoline,3.6,Automatic,Diamond Black,Global Black,None reported,Yes,44646,4,4.36294341835239,0,0,New
Acura,MDX w/Advance Package,2023,3708,Gasoline,3.5,Automatic,White,Espresso,None reported,Yes,58998,3,15.906713399838232,0,0,New
Nissan,Pathfinder SL,2018,167000,Gasoline,284.0,A/T,Black,Beige,None reported,Yes,14500,8,0.08682582739025514,0,1,Moderate
Tesla,Model X Long Range,2019,37000,Gasoline,518.0,1-Speed A/T,Gray,Black,None reported,Yes,58000,7,1.567525202021567,1,0,Moderate
Subaru,Impreza Premium,2022,10419,Gasoline,2.0,Variable,Crystal White Pearl,Black,At least 1 accident or damage reported,Yes,24998,4,2.3990403071017274,0,0,New
Audi,A8 4.0T,2014,96238,Gasoline,420.0,Transmission w/Dual Shift Mode,Black,Black,At least 1 accident or damage reported,Yes,22500,12,0.23379295296085786,1,0,Old
Subaru,Ascent Limited 7-Passenger,2022,12700,Gasoline,260.0,CVT Transmission,White,Beige,None reported,Yes,38500,4,3.0312573813085586,0,0,New
Porsche,Cayenne S,2015,124000,Gasoline,420.0,8-Speed A/T,White,Beige,None reported,Yes,25000,11,0.20161127732840864,1,1,Old
BMW,335 i,2009,123000,Gasoline,300.0,A/T,Purple,Black,None reported,Yes,15000,17,0.12195022804692644,1,1,Old
GMC,Sierra 1500 Limited Elevation,2022,24900,Gasoline,310.0,8-Speed A/T,Black,Black,None reported,Yes,49900,4,2.0039355849162686,0,0,New
Ford,Explorer Sport,2016,95500,Gasoline,365.0,Transmission w/Dual Shift Mode,Black,Black,None reported,Yes,20000,10,0.20942189087025267,0,0,Moderate
Lexus,LX 570 Three-Row,2021,48300,Gasoline,383.0,A/T,White,Red,None reported,Yes,82000,5,1.6976874184799486,1,0,New
BMW,M3 Base,2008,94000,Gasoline,414.0,6-Speed M/T,Gray,Red,None reported,Yes,25999,18,0.27658216401953173,1,0,Old
Nissan,Xterra Pro-4X,2011,183000,Gasoline,261.0,A/T,Black,Gray,At least 1 accident or damage reported,Yes,12000,15,0.06557341216714663,0,1,Old
Ford,Fusion Hybrid SE Hybrid,2013,126225,Hybrid,188.0,CVT Transmission,Silver,Black,At least 1 accident or damage reported,Yes,11500,13,0.09110642815267853,0,1,Old
Volkswagen,Golf GTI 2.0T SE 4-Door,2016,87892,Gasoline,210.0,6-Speed M/T,Gray,Black,None reported,Yes,16000,10,0.1820395253319377,0,0,Moderate
Cadillac,CTS-V Base,2012,45000,Gasoline,556.0,6-Speed A/T,Red,Black,None reported,Yes,41500,14,0.92220172885047,0,0,Old
Lexus,GX 460 Base,2015,106000,Gasoline,301.0,A/T,Black,Beige,None reported,Yes,37500,11,0.35377024745049573,1,1,Old
GMC,Acadia SLT-1,2019,51300,Gasoline,193.0,6-Speed A/T,Black,Black,At least 1 accident or damage reported,Yes,25500,7,0.4970663339895908,0,0,Moderate
Ford,Bronco Sport Big Bend,2021,30176,Gasoline,1.5,8-Speed Automatic,Black,Medium Dark Slate,None reported,Yes,28979,5,0.9603008914073632,0,0,New
Nissan,Titan SV,2021,27598,Gasoline,5.6,9-Speed Automatic,Black,Black,None reported,Yes,39884,5,1.4451248233631653,0,0,New
Volkswagen,Jetta SportWagen SE,2012,107000,Gasoline,170.0,A/T,Black,Beige,None reported,Yes,9499,14,0.0887748712628854,0,1,Old
Land,Rover Range Rover 5.0L V8 Supercharged,2019,17500,Gasoline,518.0,8-Speed A/T,Black,Black,None reported,Yes,65000,7,3.714073481515342,1,0,Moderate
RAM,2500 Laramie,2017,117878,Diesel,350.0,Transmission w/Dual Shift Mode,Red,Black,None reported,Yes,42000,9,0.35629755936171836,0,1,Moderate
Nissan,Murano SL,2010,138700,Gasoline,265.0,CVT Transmission,Gray,Black,At least 1 accident or damage reported,Yes,7000,16,0.050468273480364235,0,1,Old
Cadillac,Escalade ESV Base,2009,152068,E85 Flex Fuel,403.0,6-Speed A/T,White,Black,At least 1 accident or damage reported,Yes,12350,17,0.08121313351176111,0,1,Old
BMW,428 i xDrive SULEV,2016,77000,Gasoline,240.0,Transmission w/Dual Shift Mode,White,Red,At least 1 accident or damage reported,Yes,26999,10,0.3506318099764938,1,0,Moderate
Ford,Focus RS Base,2017,26000,Gasoline,350.0,6-Speed M/T,Gray,Black,None reported,Yes,37000,9,1.4230221914541747,0,0,Moderate
Lexus,CT 200h Premium,2014,131200,Hybrid,134.0,A/T,Brown,Brown,None reported,Yes,14000,12,0.10670650376140425,1,1,Old
Buick,Enclave Leather,2017,83280,Gasoline,3.6,6-Speed Automatic,Quicksilver Metallic,Ebony,None reported,Yes,20599,9,0.2473433316122525,0,0,Moderate
BMW,M3 Base,2015,59000,Gasoline,425.0,6-Speed M/T,Gray,Black,None reported,Yes,53500,11,0.9067642921306418,1,0,Old
Volkswagen,Arteon 2.0T SEL R-Line,2020,15500,Gasoline,268.0,8-Speed A/T,Silver,Black,None reported,Yes,30000,6,1.9353590090961874,0,0,Moderate
BMW,X6 xDrive35i,2013,90000,Gasoline,300.0,8-Speed A/T,White,Red,None reported,Yes,19950,13,0.22166420373106965,1,0,Old
INFINITI,G35 Base,2006,94000,Gasoline,280.0,Transmission w/Dual Shift Mode,White,Gray,At least 1 accident or damage reported,Yes,10995,20,0.11696684077828959,0,0,Old
Hummer,H2 Base,2008,63750,Gasoline,393.0,6-Speed A/T,White,Black,At least 1 accident or damage reported,Yes,55000,18,0.8627315649950589,0,0,Old
Mercedes-Benz,C-Class C 300 4MATIC Luxury,2011,95500,Gasoline,228.0,A/T,Black,Beige,At least 1 accident or damage reported,Yes,15990,15,0.167432801750767,1,0,Old
Acura,ILX Premium Package,2019,37900,Gasoline,201.0,A/T,White,Black,None reported,Yes,26000,7,0.6859977309305824,0,0,Moderate
RAM,1500 Longhorn,2019,76249,Gasoline,5.7,8-Speed Automatic,Diamond Black,Mountain Brown,At least 1 accident or damage reported,Yes,40995,7,0.5376393442622951,0,0,Moderate
BMW,M3 Base,2001,81000,Gasoline,333.0,6-Speed M/T,Blue,Gray,None reported,Yes,39000,25,0.4814755373390452,1,0,Very Old
Chevrolet,Suburban LT,2022,37806,Gasoline,355.0,10-Speed A/T,Black,Black,None reported,Yes,60894,4,1.6106541116724415,0,0,New
Dodge,Ram 2500 ST,2010,151544,Gasoline,355.0,5-Speed A/T,Brown,Gray,At least 1 accident or damage reported,Yes,17700,16,0.11679699099277442,0,1,Old
Chevrolet,Camaro 2SS,2012,60345,Gasoline,400.0,6-Speed A/T,Yellow,Black,None reported,Yes,26950,14,0.44659132336857454,0,0,Old
Dodge,Challenger SE,2010,90305,Gasoline,250.0,A/T,Gray,Black,None reported,Yes,12000,16,0.13288153611055745,0,0,Old
Jeep,Grand Cherokee L Limited,2022,13275,Gasoline,3.6,8-Speed Automatic,Velvet Red Pearlcoat,Global Black,None reported,Yes,42599,4,3.2087225067791505,0,0,New
Chevrolet,Camaro 2SS,2018,8660,Gasoline,455.0,8-Speed A/T,White,Black,None reported,Yes,45000,8,5.195704883962591,0,0,Moderate
Ford,F-350 Lariat,2021,28220,Diesel,475.0,10-Speed A/T,Silver,Black,None reported,Yes,73600,5,2.6079869600651997,0,0,New
Ford,F-250 King Ranch,2015,97700,Diesel,440.0,6-Speed A/T,Black,–,None reported,Yes,39950,11,0.40890062537742705,0,0,Old
Chevrolet,Corvette Stingray w/3LT,2023,4200,Gasoline,490.0,A/T,White,Black,None reported,Yes,98000,3,23.327779100214233,0,0,New
Lincoln,MKC Reserve,2016,100000,Gasoline,240.0,Transmission w/Dual Shift Mode,White,White,None reported,Yes,24000,10,0.23999760002399975,0,0,Moderate
Land,Rover Discovery SE,2018,63295,Gasoline,340.0,8-Speed A/T,Blue,White,None reported,Yes,29993,8,0.4738530080889788,1,0,Moderate
Land,Rover Defender V8,2022,3000,Gasoline,518.0,8-Speed A/T,Black,Black,None reported,Yes,96500,4,32.15594801732756,1,0,New
Chevrolet,Silverado 1500 2LT,2014,102604,E85 Flex Fuel,355.0,6-Speed A/T,Gray,Gray,None reported,Yes,25500,12,0.24852590029725646,0,1,Old
Mercedes-Benz,AMG G 63 Base,2017,39800,Gasoline,563.0,7-Speed A/T,White,Red,None reported,Yes,99000,9,2.487374689078164,1,0,Moderate
Ford,F-250 XLT,2019,124000,E85 Flex Fuel,385.0,6-Speed A/T,White,Gray,None reported,Yes,40100,7,0.32338448883476745,0,1,Moderate
Tesla,Model 3 Base,2022,12080,Gasoline,271.0,A/T,Black,Black,None reported,Yes,36750,4,3.04196672460889,1,0,New
Lexus,LX 570 Three-Row,2018,39300,Gasoline,383.0,Transmission w/Dual Shift Mode,Black,Black,None reported,Yes,69500,8,1.7684028396224014,1,0,Moderate
INFINITI,QX60 Luxe,2019,51000,Gasoline,295.0,CVT Transmission,Gray,–,At least 1 accident or damage reported,Yes,29000,7,0.5686163016411443,0,0,Moderate
Land,Rover Range Rover Sport 3.0L Supercharged HSE,2017,67000,Gasoline,340.0,8-Speed A/T,Gray,Beige,None reported,Yes,35999,9,0.5372904882016686,1,0,Moderate
INFINITI,QX60 Base,2014,95400,Gasoline,265.0,A/T,White,Beige,None reported,Yes,14195,12,0.14879298959130408,0,0,Old
Hyundai,Sonata GLS,2013,136991,Gasoline,198.0,6-Speed A/T,Gray,Gray,None reported,Yes,11000,13,0.08029665965895819,0,1,Old
Toyota,Tundra Limited,2022,3959,Gasoline,389.0,10-Speed A/T,Blue,Gray,None reported,Yes,55000,4,13.88888888888889,0,0,New
Jeep,Grand Cherokee Limited,2020,47500,Gasoline,293.0,A/T,Purple,Black,None reported,Yes,31000,6,0.652617839624429,0,0,Moderate
Ford,F-350 Lariat Crew Cab Super Duty DRW,2005,176691,Diesel,325.0,A/T,White,Beige,At least 1 accident or damage reported,Yes,13000,21,0.07357435537545559,0,1,Very Old
Tesla,Model 3 Performance,2021,33000,Gasoline,455.0,1-Speed A/T,Red,White,None reported,Yes,55000,5,1.6666161631465712,1,0,New
Mercedes-Benz,CLS-Class CLS 550,2014,34600,Gasoline,402.0,Transmission w/Dual Shift Mode,Black,Black,None reported,Yes,27500,12,0.7947747174937141,1,0,Old
RAM,2500 SLT,2014,84500,Gasoline,410.0,A/T,Black,Gray,None reported,Yes,34000,12,0.4023621022236423,0,0,Old
Kia,Sorento Hybrid EX,2022,36100,Hybrid,227.0,6-Speed A/T,Black,White,None reported,Yes,37500,4,1.038752389130495,0,0,New
Hyundai,Genesis 3.8,2015,92225,Gasoline,311.0,A/T,Black,Black,At least 1 accident or damage reported,Yes,17000,11,0.1843297985383731,0,0,Old
Jeep,Compass Latitude,2020,17500,Gasoline,180.0,9-Speed A/T,Silver,Black,None reported,Yes,25695,6,1.4682018170390263,0,0,Moderate
Ford,Fusion SE,2011,114323,Gasoline,175.0,6-Speed A/T,Black,Black,None reported,Yes,6000,15,0.05248241838983941,0,1,Old
Toyota,FJ Cruiser Base,2014,92000,Gasoline,260.0,A/T,Beige,Black,None reported,Yes,27500,12,0.2989097944587559,0,0,Old
BMW,430 Gran Coupe i xDrive,2018,29025,Gasoline,2.0,Automatic,Carbon Black Metallic,Black,None reported,Yes,29998,8,1.0334872183559567,1,0,Moderate
Dodge,Durango SRT 392,2021,17000,Gasoline,475.0,Transmission w/Dual Shift Mode,Blue,Black,None reported,Yes,65000,5,3.8233045114993236,0,0,New
Hyundai,Santa Fe GLS,2015,96476,Gasoline,290.0,6-Speed A/T,White,Gray,None reported,Yes,13000,11,0.134747141805819,0,0,Old
Volkswagen,Atlas 3.6L SEL Premium,2021,36311,Gasoline,3.6,8-Speed Automatic,Deep Black Pearl Effect,Titan Black / Quarzit,None reported,Yes,39127,5,1.0775225820665344,0,0,New
Land,Rover Range Rover Sport 5.0L Supercharged Dynamic,2016,56842,Gasoline,510.0,Transmission w/Dual Shift Mode,Silver,Black,None reported,Yes,35000,10,0.6157310486779375,1,0,Moderate
Nissan,Murano SV,2021,23677,Gasoline,3.5,Automatic CVT,Sunset Drift Chromaflair,Graphite,None reported,Yes,29510,5,1.246304586536025,0,0,New
Buick,Envision Essence,2020,27340,Gasoline,2.5,6-Speed Automatic,Summit White,Ebony,None reported,Yes,31700,6,1.1594308913353573,0,0,Moderate
Chevrolet,Silverado 1500 RST,2020,26177,Gasoline,5.3,Automatic,Shadow Gray Metallic,Jet Black,None reported,Yes,41986,6,1.6038658415463367,0,0,Moderate
Pontiac,Solstice GXP,2009,122348,Gasoline,260.0,A/T,Red,Black,At least 1 accident or damage reported,Yes,10000,17,0.08173340198939101,0,1,Old
BMW,640 Gran Coupe i xDrive,2015,98000,Gasoline,315.0,Transmission w/Dual Shift Mode,Black,Beige,None reported,Yes,22500,11,0.22958949398475526,1,0,Old
MINI,Countryman Cooper S,2019,18997,Gasoline,189.0,Transmission w/Dual Shift Mode,Red,Black,None reported,Yes,26750,7,1.4080429518896727,0,0,Moderate
Porsche,Boxster GTS,2016,40350,Gasoline,330.0,7-Speed A/T,Gray,Black,None reported,Yes,67995,10,1.6850883497311095,1,0,Moderate
Ford,Expedition EL King Ranch,2011,156856,E85 Flex Fuel,310.0,6-Speed A/T,Black,Brown,None reported,Yes,14300,15,0.0911658389488515,0,1,Old
BMW,X5 M Base,2017,61773,Gasoline,567.0,Transmission w/Dual Shift Mode,Gray,Black,None reported,Yes,46000,9,0.7446498526888334,1,0,Moderate
Ford,Mustang GT Premium,2011,74500,Gasoline,412.0,6-Speed M/T,Black,Black,None reported,Yes,22000,15,0.2952980496906082,0,0,Old
Jeep,Compass Sport,2016,99000,Gasoline,172.0,6-Speed A/T,White,Gray,At least 1 accident or damage reported,Yes,5000,10,0.0505045403581782,0,0,Moderate
INFINITI,G37 Sport,2008,63496,Gasoline,330.0,6-Speed M/T,Black,Black,None reported,Yes,15000,18,0.23623163299053498,0,0,Old
Ford,F-150 XLT,2022,18465,Gasoline,400.0,10-Speed A/T,Black,Gray,None reported,Yes,47500,4,2.5722950287013973,0,0,New
Porsche,911 Carrera 4S,2007,42635,Gasoline,355.0,Transmission w/Dual Shift Mode,Blue,Blue,None reported,Yes,72995,19,1.712050849047753,1,0,Old
INFINITI,G35 Base,2005,99000,Gasoline,298.0,6-Speed M/T,Silver,Black,None reported,Yes,18900,21,0.1909071625539136,0,0,Very Old
Chrysler,300C Base,2013,87500,Gasoline,292.0,8-Speed A/T,White,Beige,None reported,Yes,13750,13,0.15714106124501434,0,0,Old
Toyota,Camry Solara SLE,2007,138000,Gasoline,210.0,5-Speed A/T,White,Beige,None reported,Yes,6800,19,0.04927500525358512,0,1,Old
Lexus,IS 300 Base,2018,70891,Gasoline,260.0,Transmission w/Dual Shift Mode,White,Black,None reported,Yes,28995,8,0.4090024262258083,1,0,Moderate
Buick,Enclave Essence,2020,55403,Gasoline,310.0,9-Speed A/T,Red,Gray,At least 1 accident or damage reported,Yes,29444,6,0.5314417731571728,0,0,Moderate
BMW,M4 Competition xDrive,2022,3213,Gasoline,503.0,8-Speed A/T,Black,Red,None reported,Yes,89995,4,28.00093341630367,1,0,New
Pontiac,GTO Base,2005,142314,Gasoline,400.0,6-Speed M/T,Red,Red,At least 1 accident or damage reported,Yes,21999,21,0.15457962969469136,0,1,Very Old
Toyota,FJ Cruiser Base,2013,53000,Gasoline,260.0,A/T,Blue,Black,None reported,Yes,36740,13,0.6931944680289052,0,0,Old
Hyundai,Elantra SE,2014,120250,Gasoline,145.0,A/T,Blue,Gray,None reported,Yes,7500,12,0.06236954370441826,0,1,Old
Porsche,Macan S,2015,72329,Gasoline,340.0,7-Speed A/T,Silver,Black,None reported,Yes,29500,11,0.40785289644684086,1,0,Old
Hummer,H3 Base,2007,153692,Gasoline,242.0,4-Speed A/T,Beige,Black,None reported,Yes,9995,19,0.06503223959451634,0,1,Old
Audi,S4 3.0 Prestige,2012,98400,Gasoline,333.0,7-Speed A/T,White,White,None reported,Yes,18000,14,0.18292497027469232,1,0,Old
Toyota,4Runner SR5 Premium,2023,1400,Gasoline,270.0,A/T,White,Black,None reported,Yes,46500,3,33.190578158458244,0,0,New
Tesla,Model 3 Mid Range,2018,32000,Gasoline,271.0,A/T,Black,Black,None reported,Yes,29999,8,0.9374394550170307,1,0,Moderate
Ford,F-250 Base,1997,92800,Gasoline,210.0,4-Speed A/T,White,Gray,None reported,Yes,9000,29,0.09698171355912114,0,0,Very Old
Subaru,Legacy 2.5 GT spec.B,2008,94000,Gasoline,243.0,6-Speed M/T,Gray,Blue,None reported,Yes,12500,18,0.13297730875203456,0,0,Old
Mercedes-Benz,E-Class E 350,2014,67350,Gasoline,302.0,7-Speed A/T,Silver,–,At least 1 accident or damage reported,Yes,18700,12,0.27764992353491413,1,0,Old
BMW,M3 Base,2001,66500,Gasoline,333.0,6-Speed M/T,Red,Black,None reported,Yes,21000,25,0.3157847250417287,1,0,Very Old
Mercedes-Benz,C-Class C 250 Sport,2014,70612,Gasoline,201.0,7-Speed A/T,White,Beige,None reported,Yes,14500,12,0.2053446249274213,1,0,Old
Toyota,Sienna XLE Limited,2007,112630,Gasoline,266.0,5-Speed A/T,Silver,Gray,At least 1 accident or damage reported,Yes,11500,19,0.10210332856851133,0,1,Old
Dodge,Avenger SE,2014,124705,E85 Flex Fuel,283.0,A/T,Black,Black,None reported,Yes,6499,12,0.05211457347681747,0,1,Old
BMW,M240 i,2018,61000,Gasoline,335.0,6-Speed M/T,Blue,Black,At least 1 accident or damage reported,Yes,34000,8,0.5573679120014426,1,0,Moderate
RAM,3500 SLT,2017,157272,Diesel,350.0,6-Speed A/T,White,Gray,At least 1 accident or damage reported,Yes,32999,9,0.20981986736439184,0,1,Moderate
Mercedes-Benz,GL-Class GL 450 4MATIC,2015,84000,Gasoline,362.0,7-Speed A/T,Blue,Gray,None reported,Yes,20399,11,0.24284234711491529,1,0,Old
Jeep,Gladiator Rubicon,2020,27981,Gasoline,285.0,A/T,Red,Black,None reported,Yes,47500,6,1.6975198341791151,0,0,Moderate
Bentley,Continental GT Base,2009,18000,Gasoline,552.0,A/T,Blue,Beige,None reported,Yes,63000,17,3.499805566357425,1,0,Old
Tesla,Model 3 Long Range,2019,27123,Gasoline,425.0,A/T,Red,Black,None reported,Yes,38200,7,1.4083468514968294,1,0,Moderate
Chevrolet,Corvette Stingray w/2LT,2021,3053,Gasoline,490.0,Transmission w/Dual Shift Mode,Silver,Gray,None reported,Yes,83900,5,27.47216764898494,0,0,New
Audi,Q5 3.0T Premium Plus,2015,60251,Gasoline,272.0,A/T,Black,Black,At least 1 accident or damage reported,Yes,19000,11,0.31534222930359157,1,0,Old
Mazda,MX-5 Miata Club,2021,5093,Gasoline,181.0,6-Speed M/T,Gray,Black,None reported,Yes,28000,5,5.496662740478995,0,0,New
Mercedes-Benz,S-Class S500,2005,175722,Gasoline,302.0,A/T,White,Beige,None reported,Yes,7000,21,0.03983542279610523,1,1,Very Old
BMW,M6 Base,2015,17900,Gasoline,560.0,Transmission w/Dual Shift Mode,Black,Black,None reported,Yes,59900,11,3.3461817775543268,1,0,Old
GMC,Yukon SLT,2015,142792,Gasoline,355.0,6-Speed A/T,White,Brown,None reported,Yes,22999,11,0.16106531832792925,0,1,Old
BMW,750 iL,2001,53814,Gasoline,326.0,5-Speed A/T,Gray,Gray,None reported,Yes,11800,25,0.21926972033819567,1,0,Very Old
Toyota,Tundra Limited,2010,89400,Gasoline,381.0,A/T,White,Gray,None reported,Yes,26900,16,0.30089148890952006,0,0,Old
Chrysler,300C Base,2007,86000,Gasoline,340.0,5-Speed A/T,Gray,Black,None reported,Yes,15000,19,0.17441657655143544,0,0,Old
smart,ForTwo Pure,2008,61595,Gasoline,70.0,5-Speed A/T,Blue,Gray,None reported,Yes,5000,18,0.08117410221442951,0,0,Old
Toyota,Tundra SR,2018,74000,E85 Flex Fuel,381.0,6-Speed A/T,Beige,Black,At least 1 accident or damage reported,Yes,38000,8,0.5135065742354833,0,0,Moderate
Hummer,H2 Base,2004,130000,Gasoline,316.0,4-Speed A/T,Black,Black,At least 1 accident or damage reported,Yes,16500,22,0.12692210059922615,0,1,Very Old
BMW,ALPINA B7 Base,2015,86000,Gasoline,540.0,8-Speed A/T,Black,White,At least 1 accident or damage reported,Yes,29000,11,0.3372053813327752,1,0,Old
Land,Rover Range Rover Sport Supercharged,2008,140600,Gasoline,390.0,6-Speed A/T,Red,Beige,None reported,Yes,7500,18,0.05334243710926665,1,1,Old
Audi,A4 2.0T Tech Premium,2018,27532,Gasoline,252.0,7-Speed A/T,Gray,Black,None reported,Yes,27900,8,1.0133294591944213,1,0,Moderate
Ford,Focus SE,2017,91000,E85 Flex Fuel,160.0,6-Speed A/T,Gray,Black,None reported,Yes,12500,9,0.1373611278996934,0,0,Moderate
Mercedes-Benz,E-Class E 550 4MATIC,2014,63000,Gasoline,402.0,7-Speed A/T,Silver,Black,None reported,Yes,28500,12,0.45237377184489136,1,0,Old
Jeep,Wrangler Unlimited 4xe Sahara,2022,10500,Plug-In Hybrid,375.0,8-Speed A/T,Green,Beige,None reported,Yes,49999,4,4.761356061327493,0,0,New
Mercedes-Benz,M-Class ML 350 4MATIC,2014,75073,E85 Flex Fuel,302.0,7-Speed A/T,Gray,Black,None reported,Yes,21500,12,0.28638410102032663,1,0,Old
Jeep,Wrangler Sahara,2008,140000,Gasoline,202.0,A/T,Silver,–,At least 1 accident or damage reported,Yes,9000,18,0.06428525510532068,0,1,Old
Mercedes-Benz,A-Class A 220 4MATIC,2019,30300,Gasoline,188.0,7-Speed A/T,Silver,Black,None reported,Yes,30500,7,1.0065674400184812,1,0,Moderate
Chevrolet,Malibu 1LT,2009,139000,Gasoline,169.0,A/T,White,Black,None reported,Yes,4200,17,0.03021560995964058,0,1,Old
Hummer,H3 Base,2006,118000,Gasoline,220.0,A/T,Gray,Black,None reported,Yes,17900,20,0.15169362971500241,0,1,Old
BMW,i8 Base,2015,51000,Plug-In Hybrid,357.0,Transmission w/Dual Shift Mode,Gray,Brown,None reported,Yes,53000,11,1.0391953098958844,1,0,Old
Cadillac,XLR Base,2009,69423,Gasoline,320.0,A/T,Red,Beige,None reported,Yes,36500,17,0.525754782207882,0,0,Old
Lincoln,MKZ Select,2017,52284,Gasoline,240.0,6-Speed A/T,Blue,Beige,At least 1 accident or damage reported,Yes,12500,9,0.2390743042937745,0,0,Moderate
Chevrolet,Silverado 1500 W/T,2006,111228,Gasoline,195.0,A/T,Blue,Gray,At least 1 accident or damage reported,Yes,4000,20,0.03596184448300353,0,1,Old
Land,Rover Range Rover Sport HSE,2019,52300,Gasoline,340.0,Transmission w/Dual Shift Mode,Black,Black,None reported,Yes,49900,7,0.9540926559721612,1,0,Moderate
Nissan,Titan SL,2021,95993,Gasoline,5.6,9-Speed Automatic,White,Black,None reported,Yes,32612,5,0.3397295664312353,0,0,New
Kia,Telluride SX,2022,26716,Gasoline,3.8,Automatic,Dark Moss,Black,None reported,Yes,47541,4,1.7794288280869859,0,0,New
Chevrolet,Tahoe RST,2023,39517,Gasoline,5.3,10-Speed Automatic,Black,Jet Black,At least 1 accident or damage reported,Yes,67190,3,1.7002378662887798,0,0,New
Ford,Mustang GT Premium,2019,31600,Gasoline,460.0,6-Speed M/T,Blue,Gray,None reported,Yes,41000,7,1.297427296604538,0,0,Moderate
BMW,330 i,2017,83298,Gasoline,248.0,A/T,Black,Black,None reported,Yes,18300,9,0.21969051249114635,1,0,Moderate
Land,Rover Range Rover Sport 3.0L Supercharged HSE,2017,95212,Gasoline,340.0,8-Speed A/T,Brown,Beige,None reported,Yes,31599,9,0.33187694957621333,1,0,Moderate
Porsche,911 Carrera,2010,61600,Gasoline,345.0,7-Speed A/T,Black,Black,None reported,Yes,51750,16,0.8400837648739469,1,0,Old
INFINITI,QX56 Base,2011,130921,Gasoline,400.0,Transmission Overdrive Switch,White,Beige,None reported,Yes,12000,15,0.09165762820610746,0,1,Old
RAM,2500 Tradesman,2020,41000,Gasoline,410.0,8-Speed A/T,White,Gray,None reported,Yes,45515,6,1.1100948757347382,0,0,Moderate
BMW,840 i xDrive,2024,1500,Gasoline,335.0,A/T,Gray,Brown,None reported,Yes,90000,2,59.96002664890073,1,0,New
MINI,Clubman Cooper S ALL4,2017,79950,Gasoline,189.0,A/T,Blue,Black,None reported,Yes,17390,9,0.21750822378706958,0,0,Moderate
Cadillac,Escalade ESV Premium Luxury Platinum,2021,31500,Gasoline,420.0,A/T,White,Beige,None reported,Yes,95000,5,3.015777276911844,0,0,New
RAM,2500 Big Horn,2021,45867,Gasoline,6.4,Automatic,Billet Silver Metallic Clearcoat,Diesel Gray / Black,None reported,Yes,43449,5,0.9472617075085027,0,0,New
Porsche,911 Carrera 4,2014,22700,Gasoline,350.0,7-Speed M/T,Silver,Black,At least 1 accident or damage reported,Yes,85500,12,3.766353905114312,1,0,Old
Bentley,Continental GT Base,2009,43000,Gasoline,552.0,A/T,Black,Black,None reported,Yes,48500,17,1.127880746959373,1,0,Old
Toyota,Tundra SR5,2015,99000,Gasoline,310.0,6-Speed A/T,Gray,Gray,None reported,Yes,27000,11,0.2727245179341623,0,0,Old
Toyota,4Runner SR5,2006,135000,Gasoline,236.0,A/T,White,Gray,None reported,Yes,16900,20,0.12518425789438598,0,1,Old
Cadillac,CTS 2.0L Turbo Luxury,2019,46000,Gasoline,265.0,8-Speed A/T,Black,Beige,At least 1 accident or damage reported,Yes,29000,7,0.6304210778026564,0,0,Moderate
Ford,Focus SE,2014,79615,Gasoline,2.0,6-Speed Automatic with Auto-Shift,Black,Charcoal Black,None reported,Yes,10995,12,0.13810038183279744,0,0,Old
BMW,M5 Base,2021,13250,Gasoline,4.4,8-Speed Automatic,Alpine White,Aragon Brown,None reported,Yes,86900,5,6.557995622971851,1,0,New
Land,Rover Range Rover 3.0L V6 Supercharged HSE,2019,41200,Gasoline,380.0,Transmission w/Dual Shift Mode,Black,Black,None reported,Yes,60500,7,1.4684109608990072,1,0,Moderate
Cadillac,Escalade ESV Luxury,2016,116500,Gasoline,420.0,8-Speed A/T,Black,Brown,At least 1 accident or damage reported,Yes,30500,10,0.2618003278941812,0,1,Moderate
Chevrolet,Corvette Z06,2018,24059,Gasoline,650.0,8-Speed A/T,Gray,Black,None reported,Yes,87150,8,3.6221945137157108,0,0,Moderate
Audi,Q5 2.0T Premium Plus,2015,118500,E85 Flex Fuel,220.0,A/T,Silver,Black,At least 1 accident or damage reported,Yes,15400,11,0.1299567092260825,1,1,Old
Maserati,Ghibli S Q4,2018,20000,Gasoline,424.0,A/T,White,Brown,None reported,Yes,43000,8,2.1498925053747313,1,0,Moderate
BMW,228 Gran Coupe i xDrive,2020,10426,Gasoline,2.0,Automatic,Black Sapphire Metallic,Oyster/Black,None reported,Yes,30798,6,2.9536779514721396,1,0,Moderate
Ford,Expedition Limited,2023,9500,Gasoline,400.0,10-Speed A/T,Black,Red,At least 1 accident or damage reported,Yes,63500,3,6.683506999263235,0,0,New
Nissan,Frontier SE Crew Cab,2006,134000,Gasoline,265.0,A/T,Gray,Gray,At least 1 accident or damage reported,Yes,8500,20,0.06343236244505639,0,1,Old
Subaru,BRZ Limited,2022,10500,Gasoline,228.0,Transmission w/Dual Shift Mode,Gray,–,None reported,Yes,32500,4,3.094943338729645,0,0,New
Chevrolet,Malibu LT,2018,53100,Gasoline,160.0,6-Speed A/T,Red,Black,None reported,Yes,17500,8,0.3295606485753564,0,0,Moderate
Ford,Focus SEL,2017,80134,E85 Flex Fuel,2.0,6-Speed Automatic with Auto-Shift,White,Charcoal Black,None reported,Yes,13895,9,0.17339489611280964,0,0,Moderate
Nissan,Rogue Sport S,2021,24000,Gasoline,141.0,A/T,Gray,Black,None reported,Yes,25500,5,1.062455731011208,0,0,New
Volvo,C70 T5,2006,61000,Gasoline,218.0,6-Speed M/T,Blue,Beige,None reported,Yes,10299,20,0.16883329781478992,0,0,Old
Lincoln,Nautilus Reserve,2021,19700,Gasoline,335.0,A/T,White,Beige,None reported,Yes,48000,5,2.4364245469773107,0,0,New
Mercedes-Benz,AMG GT Base,2018,28182,Gasoline,469.0,7-Speed A/T,White,Brown,At least 1 accident or damage reported,Yes,84500,8,2.998261363233155,1,0,Moderate
Ford,Mustang EcoBoost Premium,2017,59500,Gasoline,310.0,A/T,Black,Black,At least 1 accident or damage reported,Yes,21000,9,0.3529352447858019,0,0,Moderate
Ford,Ranger XLT,1999,115402,E85 Flex Fuel,152.0,A/T,Gold,Beige,None reported,Yes,8000,27,0.06932228798211484,0,1,Very Old
GMC,Yukon SLT,2018,85500,Gasoline,355.0,A/T,Black,Black,At least 1 accident or damage reported,Yes,35899,8,0.4198664343107098,0,0,Moderate
RAM,2500 Big Horn,2020,51000,Gasoline,410.0,6-Speed A/T,Red,Black,None reported,Yes,44900,6,0.8803748946099096,0,0,Moderate
Tesla,Model Y Performance,2021,17500,Gasoline,455.0,A/T,Gray,White,None reported,Yes,45000,5,2.571281641049083,1,0,New
Lexus,ES 350 Base,2011,132000,Gasoline,272.0,A/T,Black,Beige,None reported,Yes,9999,15,0.07574942614071105,1,1,Old
Jeep,Wrangler Rubicon Hard Rock,2016,67882,Gasoline,3.6,Automatic,White,Black,None reported,Yes,32798,10,0.4831548399451998,0,0,Moderate
Volvo,XC90 T6 Momentum,2018,62000,Gasoline,316.0,8-Speed A/T,Silver,Black,None reported,Yes,30500,8,0.4919275495556523,0,0,Moderate
BMW,M6 Gran Coupe Base,2017,27965,Gasoline,560.0,7-Speed A/T,Green,Black,None reported,Yes,58000,9,2.073946935564614,1,0,Moderate
Cadillac,Escalade ESV Platinum Edition,2013,119000,E85 Flex Fuel,403.0,A/T,Black,Black,None reported,Yes,20500,13,0.17226745993731146,0,1,Old
BMW,X5 xDrive35i,2018,48000,Gasoline,300.0,8-Speed A/T,Black,Black,None reported,Yes,32000,8,0.6666527780671236,1,0,Moderate
BMW,X5 xDrive40i,2020,5541,Gasoline,3.0,Automatic,White,Black,None reported,Yes,56598,6,10.212558643089137,1,0,Moderate
Mitsubishi,Outlander SEL,2018,29000,Gasoline,166.0,A/T,Red,Beige,None reported,Yes,19500,8,0.6723906072204406,0,0,Moderate
Dodge,Ram 1500 ST,2010,131100,E85 Flex Fuel,310.0,A/T,White,Gray,At least 1 accident or damage reported,Yes,12995,16,0.09912205093782656,0,1,Old
Subaru,Impreza 2.0i,2015,102242,Gasoline,2.0,Manual,Quartz Blue Pearl,Black,At least 1 accident or damage reported,Yes,11498,11,0.11245757655780836,0,1,Old
Mercedes-Benz,Maybach S S 600,2016,18069,Gasoline,523.0,7-Speed A/T,Black,Black,None reported,Yes,79999,10,4.427172108467072,1,0,Moderate
Kia,Sportage LX,2023,13000,Gasoline,187.0,A/T,White,Black,None reported,Yes,31900,3,2.453657410968387,0,0,New
Porsche,911 Turbo Cabriolet,2008,51000,Gasoline,480.0,Transmission w/Dual Shift Mode,Silver,Black,At least 1 accident or damage reported,Yes,69500,18,1.3627183780710181,1,0,Old
Hummer,H3 Base,2007,137333,Gasoline,242.0,4-Speed A/T,Blue,Black,At least 1 accident or damage reported,Yes,10000,19,0.07281518050883248,0,1,Old
Buick,LaCrosse Leather,2014,125559,Gasoline,304.0,A/T,White,Beige,At least 1 accident or damage reported,Yes,11200,12,0.08920038228735266,0,1,Old
Chevrolet,Silverado 1500 High Country,2020,88161,Gasoline,6.2,Automatic,Iridescent Pearl Tricoat,Jet Black,At least 1 accident or damage reported,Yes,48889,6,0.5545359678773167,0,0,Moderate
Toyota,4Runner SR5,2016,101900,Gasoline,270.0,5-Speed A/T,Black,Black,None reported,Yes,29000,10,0.2845899451428347,0,1,Moderate
Cadillac,Escalade ESV Luxury,2015,159500,Gasoline,420.0,6-Speed A/T,Black,Black,At least 1 accident or damage reported,Yes,18800,11,0.1178675995761782,0,1,Old
Subaru,Legacy 2.5i Premium,2015,68860,Gasoline,175.0,CVT Transmission,Silver,Beige,At least 1 accident or damage reported,Yes,15000,11,0.21783012154920783,0,0,Old
Tesla,Model 3 Long Range,2018,43000,Gasoline,271.0,1-Speed A/T,Red,Black,At least 1 accident or damage reported,Yes,30499,8,0.7092625752889468,1,0,Moderate
Ford,Expedition EL XLT,2017,182000,Gasoline,365.0,A/T,Black,Black,At least 1 accident or damage reported,Yes,16500,9,0.09065884253383223,0,1,Moderate
Tesla,Model Y Long Range,2022,21404,Gasoline,425.0,A/T,White,White,None reported,Yes,49500,4,2.312543798177996,1,0,New
Ford,Expedition EL Limited,2017,81000,Gasoline,365.0,Transmission w/Dual Shift Mode,Black,Black,None reported,Yes,27000,9,0.33332921815780053,0,0,Moderate
Chevrolet,Silverado 1500 LTZ,2021,62257,Gasoline,5.3,8-Speed Automatic,Satin Steel Metallic,Gideon,None reported,Yes,42590,5,0.6840887918018568,0,0,New
BMW,335 is,2011,82000,Gasoline,320.0,7-Speed A/T,Gray,Black,At least 1 accident or damage reported,Yes,20000,15,0.2438994646406751,1,0,Old
Porsche,Panamera Edition,2016,77945,Gasoline,310.0,A/T,Blue,Beige,At least 1 accident or damage reported,Yes,30000,10,0.38488184127472863,1,0,Moderate
Kia,Sorento Plug-In Hybrid SX,2022,15583,Hybrid,1.6,6-Speed Automatic,Aurora Black,Gray,None reported,Yes,40599,4,2.6051719712525667,0,0,New
BMW,M240 i,2017,37100,Gasoline,335.0,8-Speed A/T,White,Black,At least 1 accident or damage reported,Yes,26125,9,0.7041589175493922,1,0,Moderate
Maserati,Quattroporte Base,2006,51000,Gasoline,394.0,Transmission w/Dual Shift Mode,Blue,Beige,At least 1 accident or damage reported,Yes,18000,20,0.35293425619105506,1,0,Old
Ford,F-150 XLT,2017,94000,Gasoline,325.0,6-Speed A/T,White,Black,None reported,Yes,26000,9,0.2765928022042319,0,0,Moderate
Land,Rover Discovery S,2003,121886,Gasoline,217.0,A/T,White,Beige,At least 1 accident or damage reported,Yes,6000,23,0.04922592237072042,1,1,Very Old
Ford,F-250 XLT Crew Cab Super Duty,2008,157500,Gasoline,300.0,5-Speed A/T,Green,Gray,At least 1 accident or damage reported,Yes,15000,18,0.09523749055561552,0,1,Old
Ford,Taurus SHO,2014,138415,Gasoline,365.0,A/T,Silver,Black,At least 1 accident or damage reported,Yes,15500,12,0.11198127384117443,0,1,Old
Land,Rover Range Rover Sport HSE,2012,110000,Gasoline,375.0,A/T,Silver,Black,None reported,Yes,10200,14,0.09272642975972946,1,1,Old
GMC,Sierra 1500 SLT,2021,12941,Gasoline,355.0,A/T,White,Black,At least 1 accident or damage reported,Yes,51500,5,3.979292226858291,0,0,New
BMW,335 i xDrive,2009,69764,Gasoline,300.0,6-Speed M/T,Black,Black,None reported,Yes,19500,17,0.27950978284239947,1,0,Old
Porsche,911 Carrera 4S,2003,90000,Gasoline,315.0,6-Speed M/T,Silver,Black,None reported,Yes,24000,23,0.2666637037366251,1,0,Very Old
Audi,Q5 S line Premium,2022,8193,Hybrid,2.0,Automatic,Florett Silver,Black,None reported,Yes,42598,4,5.198681962411521,1,0,New
Lexus,RX 350 F Sport Performance,2020,43277,Gasoline,3.5,8-Speed Automatic,Caviar,Black,None reported,Yes,43599,6,1.0074171634548732,1,0,Moderate
Audi,S4 3.0T Premium Plus,2018,26500,Gasoline,354.0,8-Speed A/T,Gray,Black,At least 1 accident or damage reported,Yes,38000,8,1.4339081544092676,1,0,Moderate
Chevrolet,Silverado 1500 LT,2019,36021,Gasoline,2.7,Automatic,Cajun Red Tintcoat,Jet Black,None reported,Yes,35670,7,0.9902281938815168,0,0,Moderate
Chevrolet,Colorado Z71,2019,25462,Gasoline,3.6,Automatic,Shadow Gray Metallic,Jet Black,None reported,Yes,36139,7,1.4192750265090524,0,0,Moderate
Audi,A5 2.0T Prestige,2018,35850,Gasoline,252.0,7-Speed A/T,White,Black,None reported,Yes,33000,8,0.920476416278486,1,0,Moderate
Mazda,Mazda3 s Sport,2008,77700,Gasoline,156.0,5-Speed M/T,Red,Black,None reported,Yes,6300,18,0.08108003757995393,0,0,Old
Jaguar,E-PACE 300 Sport,2021,23600,Hybrid,296.0,9-Speed A/T,Black,Black,None reported,Yes,42999,5,1.8219143256641668,1,0,New
Toyota,Celica GT,2001,122000,Gasoline,140.0,5-Speed M/T,Blue,Gray,None reported,Yes,7800,25,0.06393390218112967,0,1,Very Old
Subaru,WRX STI Base,2016,84100,Gasoline,305.0,M/T,Gray,Black,None reported,Yes,34000,10,0.4042758112269771,0,0,Moderate
Audi,A6 45 Premium Plus,2021,33000,Hybrid,248.0,A/T,Black,Black,None reported,Yes,40000,5,1.2120844822884156,1,0,New
Acura,RDX PMC Edition,2021,44457,Gasoline,2.0,2,Majestic Black Pearl,Ebony,None reported,Yes,40598,5,0.9131764811732421,0,0,New
Audi,S4 3.0T Premium Plus,2013,139355,Gasoline,333.0,7-Speed A/T,Black,Black,None reported,Yes,20900,13,0.14997560205516805,1,1,Old
Lotus,Evora Base,2010,9100,Gasoline,276.0,6-Speed M/T,Black,White,None reported,Yes,55000,16,6.043291945940006,0,0,Old
Mercedes-Benz,S-Class S 560 4MATIC,2019,10500,Gasoline,463.0,9-Speed A/T,Silver,Brown,None reported,Yes,77900,7,7.418341110370441,1,0,Moderate
Chevrolet,Silverado 1500 RST,2023,5006,Gasoline,5.3,10-Speed Automatic,Dark Ash Metallic,Black,None reported,Yes,59590,3,11.901338126622727,0,0,New
Hyundai,Genesis Coupe 2.0T R-Spec,2013,55000,Gasoline,260.0,6-Speed M/T,White,Red,None reported,Yes,18000,13,0.3272667769676915,0,0,Old
BMW,M3 Competition,2021,33500,Gasoline,503.0,8-Speed A/T,Gray,Black,None reported,Yes,71000,5,2.119339721202352,1,0,New
BMW,435 i,2014,126500,Gasoline,300.0,A/T,White,Black,None reported,Yes,15000,12,0.1185761377380416,1,1,Old
Land,Rover Range Rover Evoque HSE Dynamic,2016,79000,Gasoline,240.0,9-Speed A/T,Red,Red,None reported,Yes,24000,10,0.30379362286553335,1,0,Moderate
RAM,3500 Tradesman,2021,57000,Diesel,400.0,6-Speed A/T,Blue,Gray,None reported,Yes,52000,5,0.912264697110577,0,0,New
BMW,X5 xDrive40i,2020,4880,Gasoline,3.0,Automatic,White,Black,None reported,Yes,57998,6,11.88240114730588,1,0,Moderate
Mercedes-Benz,SL-Class SL500 Roadster,2005,127000,Gasoline,302.0,7-Speed A/T,White,Beige,None reported,Yes,14000,21,0.11023535247753954,1,1,Very Old
Lexus,SC 430 Base,2002,89500,Gasoline,300.0,A/T,Black,Black,None reported,Yes,15999,24,0.17875777924269,1,0,Very Old
Chevrolet,Silverado 1500 Base,2000,97000,Gasoline,200.0,A/T,White,Gray,None reported,Yes,27500,26,0.28350223193575325,0,0,Very Old
Buick,Enclave Avenir,2021,31181,Gasoline,3.6,9-Speed Automatic,Rich Garnet Metallic,Chestnut,At least 1 accident or damage reported,Yes,42442,5,1.3611057661471362,0,0,New
Lexus,NX 300h Base,2020,16425,Hybrid,2.5,Automatic CVT,Gray,Black,At least 1 accident or damage reported,Yes,33200,6,2.0211859247534396,1,0,Moderate
Lexus,RX 350 RX 350 F SPORT Handling,2022,11238,Gasoline,3.5,Automatic,Atomic Silver,Black,None reported,Yes,54798,4,4.875700685114334,1,0,New
Chevrolet,Avalanche 1500 LS,2005,97146,E85 Flex Fuel,295.0,Transmission Overdrive Switch,Black,Gray,At least 1 accident or damage reported,Yes,7999,21,0.08233913553686681,0,0,Very Old
Mercedes-Benz,SL-Class SL400,2015,36670,Gasoline,3.0,Automatic,White,Tan,None reported,Yes,39998,11,1.0907256415150937,1,0,Old
Chevrolet,Suburban Premier,2019,44800,Gasoline,420.0,6-Speed A/T,Black,Black,None reported,Yes,52500,7,1.171848842659762,0,0,Moderate
Ford,Transit-350 Base,2015,150000,Gasoline,310.0,A/T,Black,Gray,At least 1 accident or damage reported,Yes,17100,11,0.11399924000506663,0,1,Old
INFINITI,QX60 Luxe,2020,38400,Gasoline,295.0,A/T,Blue,Beige,None reported,Yes,32100,6,0.8359157313611625,0,0,Moderate
Bentley,Continental GTC Base,2008,7960,Gasoline,552.0,6-Speed A/T,White,White,None reported,Yes,81500,18,10.23740736088431,1,0,Old
Nissan,350Z Enthusiast,2007,117000,Gasoline,306.0,A/T,Silver,Black,At least 1 accident or damage reported,Yes,9975,19,0.08525568157537115,0,1,Old
Rivian,R1S Adventure Package,2023,159,Gasoline,533.0,A/T,White,Black,None reported,Yes,95500,3,596.875,0,0,New
Nissan,Altima 2.5 SL,2012,91545,Gasoline,175.0,CVT Transmission,Silver,Black,None reported,Yes,8999,14,0.09830030804185874,0,0,Old
Land,Rover Range Rover 5.0L Supercharged,2015,110000,E85 Flex Fuel,510.0,A/T,Black,–,At least 1 accident or damage reported,Yes,26499,11,0.2408978100199089,1,1,Old
BMW,X5 xDrive35i,2017,105100,Gasoline,300.0,8-Speed A/T,Gray,Black,At least 1 accident or damage reported,Yes,23300,9,0.2216915157800592,1,1,Moderate
INFINITI,QX56 Base,2012,110000,Gasoline,400.0,Transmission w/Dual Shift Mode,White,Beige,None reported,Yes,15600,14,0.14181689257370386,0,1,Old
Ford,F-150 XLT,2019,81778,Gasoline,3.5,Automatic,Black,Medium Earth Gray,None reported,Yes,32769,7,0.4007018916836841,0,0,Moderate
Lexus,RX 450h Base,2010,168422,Hybrid,245.0,A/T,Black,Beige,At least 1 accident or damage reported,Yes,10900,16,0.06471800169810536,1,1,Old
Maserati,Ghibli S Q4 GranSport,2018,80500,Gasoline,424.0,8-Speed A/T,Black,Black,None reported,Yes,34900,8,0.43353498714301686,1,0,Moderate
Volvo,XC90 T6 Momentum,2018,81200,Gasoline,316.0,8-Speed A/T,Black,Black,At least 1 accident or damage reported,Yes,28825,8,0.35498331301338654,0,0,Moderate
Jeep,Wrangler Unlimited Rubicon,2017,20172,Gasoline,285.0,Transmission w/Dual Shift Mode,Gray,Black,None reported,Yes,47500,9,2.354632429484955,0,0,Moderate
Hummer,H2 Base,2005,145000,Gasoline,325.0,4-Speed A/T,Green,Black,None reported,Yes,22500,21,0.1551713436459059,0,1,Very Old
Ford,Flex Limited,2009,162000,Gasoline,262.0,6-Speed A/T,Gray,Black,At least 1 accident or damage reported,Yes,7500,17,0.04629601051845359,0,1,Old
Toyota,Camry XLE,2007,59700,Gasoline,268.0,6-Speed A/T,Green,Gray,None reported,Yes,9500,19,0.15912631279208053,0,0,Old
Mercedes-Benz,A-Class A 220 4MATIC,2020,30930,Gasoline,2.0,7-Speed Automatic with Auto-Shift,Midnight Black,Black,None reported,Yes,28900,6,0.934337719440044,1,0,Moderate
BMW,335 i,2009,51983,Gasoline,300.0,6-Speed M/T,Gray,White,None reported,Yes,19999,17,0.3847145275469375,1,0,Old
Chevrolet,Camaro 2SS,2022,22000,Gasoline,455.0,6-Speed M/T,Blue,Black,None reported,Yes,50000,4,2.272623971637653,0,0,New
Volkswagen,ID.4 Pro S,2023,16800,Gasoline,295.0,1-Speed A/T,Gray,Black,None reported,Yes,45000,3,2.678411999285757,0,0,New
Chevrolet,Silverado 2500 High Country,2022,16000,Diesel,445.0,A/T,Black,Black,At least 1 accident or damage reported,Yes,73995,4,4.624398475095306,0,0,New
Nissan,Altima 2.5 SV,2020,22295,Gasoline,2.5,Automatic CVT,Scarlet Ember,Gray,None reported,Yes,23599,6,1.0584409759598135,0,0,Moderate
Toyota,Sequoia Platinum,2023,1025,Hybrid,437.0,10-Speed A/T,Black,Black,None reported,Yes,85000,3,82.84600389863547,0,0,New
Acura,TL Technology,2013,89190,Gasoline,305.0,6-Speed A/T,Gray,White,At least 1 accident or damage reported,Yes,15499,13,0.17377313854536894,0,0,Old
Toyota,Highlander Limited,2020,53550,Gasoline,3.5,8-Speed Automatic,Blue,Gray,None reported,Yes,39687,6,0.7411066086534331,0,0,Moderate
Ford,Edge SEL,2021,56946,Gasoline,2.0,8-Speed Automatic,Silver,Ebony,None reported,Yes,26299,5,0.461815372188175,0,0,New
Jaguar,F-TYPE R,2016,11684,Gasoline,550.0,8-Speed A/T,Black,Black,None reported,Yes,54900,10,4.698331193838254,1,0,Moderate
GMC,Yukon XL Denali,2018,45617,Gasoline,420.0,A/T,White,Gray,None reported,Yes,51000,8,1.1179797448375641,0,0,Moderate
Chevrolet,Suburban LT,2018,75466,Gasoline,355.0,6-Speed A/T,Gray,Black,None reported,Yes,34500,8,0.45715345780274824,0,0,Moderate
Maserati,Levante GTS,2021,19513,Gasoline,3.8,8-Speed Automatic,Black,Red / Black,At least 1 accident or damage reported,Yes,84645,5,4.337655016910936,1,0,New
Subaru,Outback Limited,2021,15636,Gasoline,2.5,Automatic CVT,Crystal Black Silica,Black,None reported,Yes,33531,5,2.1443371490695147,0,0,New
Mercedes-Benz,S-Class S 450,2018,69600,Gasoline,362.0,9-Speed A/T,Black,Black,None reported,Yes,40888,8,0.5874628238100027,1,0,Moderate
Mercedes-Benz,GL-Class GL 450,2011,138050,Gasoline,335.0,A/T,White,Beige,None reported,Yes,16500,15,0.11952104656974596,1,1,Old
Ford,F-250 Lariat,2017,132269,E85 Flex Fuel,385.0,A/T,Gray,Black,None reported,Yes,35900,9,0.2714145308837983,0,1,Moderate
Hyundai,Palisade Limited,2020,45815,Gasoline,291.0,Transmission w/Dual Shift Mode,Silver,Black,None reported,Yes,37700,6,0.8228566439671731,0,0,Moderate
Ford,F-150 XLT,2021,25352,Gasoline,3.5,10-Speed Automatic,Gray,Black,None reported,Yes,48459,5,1.9113714353330966,0,0,New
Mercedes-Benz,R-Class R 350 4MATIC,2008,120000,Gasoline,268.0,7-Speed A/T,Silver,Black,None reported,Yes,8995,18,0.07495770868576095,1,1,Old
Chevrolet,Camaro 2SS,2018,75151,Gasoline,455.0,6-Speed M/T,Gray,Black,At least 1 accident or damage reported,Yes,45000,8,0.5987864594421971,0,0,Moderate
Jeep,Wrangler Sport,2016,74139,Gasoline,285.0,6-Speed M/T,Red,Black,None reported,Yes,23000,10,0.31022390072835176,0,0,Moderate
BMW,550 i xDrive,2012,68500,Gasoline,400.0,Transmission w/Dual Shift Mode,Black,Black,None reported,Yes,17800,14,0.2598502211646545,1,0,Old
Lexus,GX 460 Luxury,2020,37366,Gasoline,4.6,6-Speed Automatic,White,–,None reported,Yes,51890,6,1.38865844194075,1,0,Moderate
Tesla,Model S Long Range,2021,35315,Gasoline,670.0,1-Speed A/T,White,Black,None reported,Yes,66900,5,1.8943255181787293,1,0,New
Volkswagen,Jetta 1.4T SE,2017,61000,Gasoline,150.0,A/T,White,Black,None reported,Yes,15995,9,0.26220881624891396,0,0,Moderate
Jeep,Grand Cherokee Limited,2022,12050,Gasoline,3.6,8-Speed Automatic,Bright White Clearcoat,Global Black,None reported,Yes,41599,4,3.4519127043398887,0,0,New
Jaguar,XK8 Base,2001,150000,Gasoline,290.0,5-Speed A/T,Green,White,At least 1 accident or damage reported,Yes,9875,25,0.06583289444737035,1,1,Very Old
Porsche,Macan S,2016,46200,Gasoline,340.0,Transmission w/Dual Shift Mode,Gray,Gray,At least 1 accident or damage reported,Yes,41500,10,0.8982489556503106,1,0,Moderate
Mercedes-Benz,E-Class E 350,2014,88000,Gasoline,302.0,A/T,Silver,Black,None reported,Yes,15500,12,0.1761343621095215,1,0,Old
Mercedes-Benz,GL-Class GL 450 4MATIC,2015,47000,Gasoline,362.0,7-Speed A/T,Silver,Black,None reported,Yes,30089,11,0.6401778685559881,1,0,Old
Land,Rover Range Rover 3.0L Supercharged HSE,2017,50340,Gasoline,380.0,8-Speed A/T,White,Beige,At least 1 accident or damage reported,Yes,47000,9,0.9336326254941301,1,0,Moderate
Mercedes-Benz,E-Class E 350 4MATIC,2010,67800,Gasoline,268.0,7-Speed A/T,Black,Black,None reported,Yes,13999,16,0.20647188094570876,1,0,Old
Dodge,Dakota Sport,2002,150000,Gasoline,175.0,5-Speed M/T,Black,Gray,At least 1 accident or damage reported,Yes,5500,24,0.036666422223851844,0,1,Very Old
Chevrolet,Camaro ZL1,2018,13500,Gasoline,650.0,6-Speed M/T,Black,Black,At least 1 accident or damage reported,Yes,54000,8,3.999703725649952,0,0,Moderate
Hummer,H3 Base,2007,101750,Gasoline,242.0,A/T,White,Black,None reported,Yes,12900,19,0.12678008078544684,0,1,Old
Honda,Odyssey EX-L,2022,18385,Gasoline,280.0,10-Speed A/T,Red,Beige,None reported,Yes,37950,4,2.0640704884150987,0,0,New
Nissan,350Z Touring,2008,123500,Gasoline,306.0,5-Speed A/T,Gray,Beige,At least 1 accident or damage reported,Yes,13500,18,0.10931085578254428,0,1,Old
GMC,Savana 2500 Work Van,2017,117000,E85 Flex Fuel,342.0,6-Speed A/T,Silver,Silver,None reported,Yes,38000,9,0.32478354885855676,0,1,Moderate
Mercedes-Benz,E-Class E 350 4MATIC,2010,86121,Gasoline,268.0,7-Speed A/T,Gray,Black,None reported,Yes,13600,16,0.15791551519936833,1,0,Old
Lexus,GX 460 Premium,2020,22466,Gasoline,301.0,6-Speed A/T,White,Black,None reported,Yes,45900,6,2.0429963947122447,1,0,Moderate
Nissan,Titan XD SV,2017,80000,Gasoline,390.0,7-Speed A/T,Silver,Black,None reported,Yes,23800,9,0.2974962812964838,0,0,Moderate
Chrysler,300 Touring,2020,23152,Gasoline,292.0,8-Speed A/T,White,White,None reported,Yes,28250,6,1.2201442577635728,0,0,Moderate
Dodge,Charger R/T,2006,91300,Gasoline,350.0,5-Speed A/T,Yellow,–,None reported,Yes,9200,20,0.10076559950055311,0,0,Old
Nissan,Pathfinder SL,2020,45000,Gasoline,284.0,CVT Transmission,Black,Black,None reported,Yes,28999,6,0.6444079020466212,0,0,Moderate
Ford,Explorer Platinum,2018,73049,Gasoline,3.5,6-Speed Automatic,Gray,Ebony Black,At least 1 accident or damage reported,Yes,30510,8,0.41765913757700207,0,0,Moderate
Nissan,Titan SV,2021,7250,Gasoline,400.0,9-Speed A/T,Black,Black,None reported,Yes,38000,5,5.240656461177768,0,0,New
Jaguar,E-PACE S,2019,44000,Gasoline,246.0,A/T,Black,Black,None reported,Yes,29000,7,0.6590759300924979,1,0,Moderate
Ford,F-150 FX4,2014,85500,Gasoline,411.0,Transmission w/Dual Shift Mode,Black,Black,None reported,Yes,26900,12,0.31461620331925944,0,0,Old
GMC,Acadia Denali,2021,18083,Gasoline,3.6,9-Speed Automatic,Ebony Twilight Metallic,Jet Black,None reported,Yes,43999,5,2.433034726830347,0,0,New
Chevrolet,Camaro 1LT,2011,111000,Gasoline,312.0,A/T,Blue,Black,None reported,Yes,10900,15,0.09819731353771588,0,1,Old
GMC,Acadia SLT-2,2013,115000,Gasoline,288.0,6-Speed A/T,White,Brown,None reported,Yes,14000,13,0.12173807184285354,0,1,Old
Chevrolet,Malibu Premier,2021,33400,Gasoline,250.0,A/T,White,Black,None reported,Yes,28000,5,0.8382982545432771,0,0,New
Toyota,Sequoia SR5,2007,136000,Gasoline,273.0,A/T,Black,Beige,None reported,Yes,12500,19,0.09191108888905229,0,1,Old
Lexus,IS 350 F Sport,2021,26800,Gasoline,311.0,8-Speed A/T,Black,Red,None reported,Yes,44000,5,1.6417297862020075,1,0,New
Tesla,Model Y Performance,2022,30000,Gasoline,455.0,A/T,White,White,None reported,Yes,51999,4,1.733242225259158,1,0,New
Chrysler,300 Touring,2005,119000,Gasoline,250.0,A/T,Blue,Beige,None reported,Yes,3500,21,0.029411517550272687,0,1,Very Old
Cadillac,Escalade Sport Platinum,2021,28121,Gasoline,6.2,10-Speed Automatic,Black Raven,Jet Black,None reported,Yes,89000,5,3.1647820211933717,0,0,New
Chrysler,Town & Country Touring,2009,111000,Gasoline,197.0,A/T,Blue,Gray,None reported,Yes,7900,17,0.07117052999522527,0,1,Old
Mazda,CX-5 Touring,2016,116500,Gasoline,2.5,6-Speed Automatic,Blue Reflex Mica,Black,None reported,Yes,14311,10,0.12284014729487301,0,1,Moderate
Acura,TL 3.2,2005,199296,Gasoline,270.0,A/T,Black,Gray,None reported,Yes,4900,21,0.024586421270766746,0,1,Very Old
Tesla,Model Y Performance,2021,11200,Gasoline,455.0,1-Speed A/T,White,Black,None reported,Yes,47500,5,4.240692795286135,1,0,New
Volvo,XC40 T5 Momentum,2020,56536,Gasoline,2.0,8-Speed Automatic,White,Charcoal,None reported,Yes,26599,6,0.47047066522808073,0,0,Moderate
Chevrolet,Camaro 2SS,2016,49600,Gasoline,455.0,8-Speed A/T,Blue,Black,None reported,Yes,32500,10,0.655228725227314,0,0,Moderate
Acura,TLX Type S PMC Edition,2023,13600,Gasoline,355.0,10-Speed A/T,Blue,White,None reported,Yes,65000,3,4.779060363208588,0,0,New
Volkswagen,Eos 2.0T,2007,59700,Gasoline,200.0,6-Speed A/T,Blue,White,None reported,Yes,10000,19,0.16750138188640057,0,0,Old
Dodge,Charger R/T Scat Pack,2018,19000,Gasoline,485.0,Transmission w/Dual Shift Mode,Purple,Gray,None reported,Yes,44888,8,2.3624019788432187,0,0,Moderate
Chevrolet,Corvette Z06,2002,17300,Gasoline,405.0,6-Speed M/T,Black,Black,None reported,Yes,33999,24,1.9651465233223513,0,0,Very Old
Mercedes-Benz,CLA-Class CLA 250,2014,91140,Gasoline,208.0,7-Speed A/T,Gray,Black,None reported,Yes,13500,12,0.1481221404197891,1,0,Old
BMW,M5 Base,2015,33000,Gasoline,560.0,7-Speed A/T,Gray,Black,None reported,Yes,65000,11,1.9696372837186753,1,0,Old
Jeep,Wrangler Unlimited Sport,2019,52775,Gasoline,285.0,8-Speed A/T,Gray,Black,None reported,Yes,39799,7,0.7541117174473245,0,0,Moderate
Mitsubishi,Lancer Sportback ES,2011,113000,Gasoline,148.0,5-Speed M/T,White,Black,None reported,Yes,5800,15,0.051326979407261886,0,1,Old
Porsche,Macan Base,2022,13000,Gasoline,261.0,A/T,Black,Beige,None reported,Yes,60000,4,4.615029613106684,1,0,New
Mercedes-Benz,CLK-Class CLK 350,2009,77925,Gasoline,268.0,Transmission w/Dual Shift Mode,Silver,Black,None reported,Yes,16500,17,0.21173934245309653,1,0,Old
Mazda,Mazda3 Grand Touring,2018,15175,Gasoline,2.5,6-Speed Automatic,Snowflake White Pearl Metallic,Parchment,At least 1 accident or damage reported,Yes,19212,8,1.2659462308908804,0,0,Moderate
Audi,A3 2.0T Premium,2017,137000,Gasoline,186.0,7-Speed A/T,White,Gray,None reported,Yes,10995,9,0.0802548886504478,1,1,Moderate
BMW,528 i,2015,111000,Gasoline,240.0,8-Speed A/T,Gray,–,At least 1 accident or damage reported,Yes,15000,11,0.13513391771245303,1,1,Old
Land,Rover Range Rover 3.0L V6 Supercharged HSE,2019,49208,Gasoline,380.0,Transmission w/Dual Shift Mode,Black,Black,None reported,Yes,62425,7,1.2685687577475666,1,0,Moderate
Audi,S5 3.0T Prestige,2018,44000,Gasoline,354.0,8-Speed A/T,Gray,Black,None reported,Yes,39000,8,0.8863434921933593,1,0,Moderate
Porsche,718 Boxster Base,2017,26000,Gasoline,300.0,A/T,Gray,Black,None reported,Yes,45500,9,1.74993269489635,1,0,Moderate
Chevrolet,Corvette Stingray w/2LT,2020,1800,Gasoline,490.0,8-Speed A/T,Blue,Black,None reported,Yes,76000,6,42.1987784564131,0,0,Moderate
Maserati,Quattroporte S,2012,50000,Gasoline,425.0,6-Speed A/T,White,Black,None reported,Yes,26497,14,0.5299294014119718,1,0,Old
Subaru,Impreza 2.0i,2018,93000,Gasoline,152.0,CVT Transmission,Silver,Black,At least 1 accident or damage reported,Yes,16000,8,0.17204116084773283,0,0,Moderate
Mazda,Mazda6 i Touring,2016,119500,Gasoline,184.0,Transmission w/Dual Shift Mode,Silver,Black,None reported,Yes,15000,10,0.12552196215931247,0,1,Moderate
Porsche,Macan S,2016,50000,Gasoline,340.0,7-Speed A/T,Blue,Red,None reported,Yes,36000,10,0.7199856002879942,1,0,Moderate
Porsche,Panamera 4,2011,85000,Gasoline,300.0,A/T,Gray,Beige,None reported,Yes,21500,15,0.25293820072705026,1,0,Old
Genesis,G70 3.3T Advanced,2019,48000,Gasoline,365.0,8-Speed A/T,Black,Black,None reported,Yes,29999,7,0.6249661465386138,0,0,Moderate
Jeep,Wrangler Sport,2021,11756,Gasoline,2.0,Automatic,Granite Crystal Metallic Clearcoat,Black,At least 1 accident or damage reported,Yes,33400,5,2.8408607638002894,0,0,New
Audi,Q5 2.0T Premium Plus,2018,50400,Gasoline,252.0,Transmission w/Dual Shift Mode,White,Beige,None reported,Yes,28500,8,0.5654649709331164,1,0,Moderate
BMW,335 i xDrive,2012,153600,Gasoline,300.0,6-Speed M/T,Black,Black,None reported,Yes,17500,14,0.11393154992480518,1,1,Old
Dodge,Durango SRT 392,2022,31917,Gasoline,475.0,8-Speed A/T,Gray,Black,None reported,Yes,64683,4,2.026536750422959,0,0,New
BMW,M3 Base,2016,56235,Gasoline,425.0,6-Speed M/T,Orange,Orange,None reported,Yes,50500,10,0.8980012803186571,1,0,Moderate
Ford,Fiesta ST,2019,28724,Gasoline,197.0,6-Speed M/T,Gray,Black,At least 1 accident or damage reported,Yes,18300,7,0.6370757180156658,0,0,Moderate
Lincoln,MKS Base,2015,124400,Gasoline,305.0,6-Speed A/T,White,Black,At least 1 accident or damage reported,Yes,9500,11,0.07636594561136968,0,1,Old
Chevrolet,Tahoe Premier,2020,137000,Gasoline,355.0,6-Speed A/T,Black,Black,None reported,Yes,46000,6,0.33576397252574797,0,1,Moderate
Ford,F-250 Platinum,2022,6600,Gasoline,430.0,10-Speed A/T,Blue,Black,At least 1 accident or damage reported,Yes,72900,4,11.043781245265869,0,0,New
Mercedes-Benz,SLK-Class SLK280 Roadster,2007,67200,Gasoline,228.0,A/T,Silver,Black,None reported,Yes,11500,19,0.17112840582729424,1,0,Old
Porsche,Macan,2021,16554,Gasoline,2.0,Automatic,White,Beige,None reported,Yes,51698,5,3.122802778616732,1,0,New
BMW,X5 PHEV xDrive45e,2023,15736,Plug-In Hybrid,389.0,8-Speed A/T,Blue,Brown,None reported,Yes,67900,3,4.3146724280358395,1,0,New
Mercedes-Benz,E-Class E500,2005,153460,Gasoline,302.0,A/T,Gold,Gold,At least 1 accident or damage reported,Yes,5800,21,0.03779461882823649,1,1,Very Old
Acura,TL 3.7,2012,70000,Gasoline,305.0,A/T,Black,Black,At least 1 accident or damage reported,Yes,15051,14,0.2150112141255125,0,0,Old
Hyundai,Equus Signature,2011,143898,Gasoline,378.0,6-Speed A/T,Gray,Brown,None reported,Yes,9950,15,0.0691457202621283,0,1,Old
Mercedes-Benz,SL-Class SL500 Roadster,2003,26190,Gasoline,302.0,A/T,Gold,Beige,None reported,Yes,22000,23,0.8399832003359933,1,0,Very Old
RAM,2500 Big Horn,2018,27839,Gasoline,6.4,6-Speed Automatic,Granite Crystal Clearcoat Metallic,Diesel Gray / Black,None reported,Yes,41688,8,1.4974137931034484,0,0,Moderate
Chevrolet,Silverado 2500 WT,2018,141195,E85 Flex Fuel,6.0,6-Speed Automatic,Summit White,Dark Ash,None reported,Yes,28499,8,0.2018399954672937,0,1,Moderate
Porsche,Macan S,2022,20250,Gasoline,375.0,7-Speed A/T,White,Beige,None reported,Yes,68500,4,3.3825490099254356,1,0,New
Jeep,Grand Cherokee L Limited,2022,18333,Gasoline,3.6,8-Speed Automatic,Velvet Red Pearlcoat,Global Black,None reported,Yes,41599,4,2.26895385622341,0,0,New
Mercedes-Benz,E-Class E 350,2014,35000,Gasoline,302.0,7-Speed A/T,Red,Beige,None reported,Yes,29998,12,0.8570612268220908,1,0,Old
Dodge,Magnum Base,2006,133255,Gasoline,250.0,A/T,Silver,Gray,None reported,Yes,4000,20,0.030017410097856755,0,1,Old
Porsche,Macan Turbo,2021,14526,Gasoline,2.9,Automatic,Black,–,None reported,Yes,79998,5,5.506849315068493,1,0,New
Mercedes-Benz,E-Class E 550,2014,43690,Gasoline,402.0,A/T,Black,Black,None reported,Yes,23500,12,0.5378682108443387,1,0,Old
Porsche,Macan S,2020,29136,Gasoline,3.0,Automatic,White,Red,None reported,Yes,58598,6,2.011119881937056,1,0,Moderate
Cadillac,XT5 Luxury,2017,72060,Gasoline,3.6,8-Speed Automatic,Stellar Black Metallic,Shara Beige,None reported,Yes,24590,9,0.34123867279110753,0,0,Moderate
Toyota,Tundra Platinum,2023,8800,Gasoline,389.0,A/T,Silver,Black,None reported,Yes,68500,3,7.783206453812067,0,0,New
Nissan,Versa 1.6 SL,2015,85768,Gasoline,109.0,CVT Transmission,White,Black,At least 1 accident or damage reported,Yes,8250,11,0.09618859961058192,0,0,Old
Buick,Enclave Avenir,2019,121521,Gasoline,3.6,9-Speed Automatic,Dark Slate Metallic,Ebony / Ebony Accents,None reported,Yes,26772,7,0.2203057882523329,0,1,Moderate
BMW,328 i,2013,124000,Gasoline,230.0,A/T,White,Beige,None reported,Yes,11900,13,0.09596696800832251,1,1,Old
Acura,ILX Premium Package,2018,32260,Gasoline,201.0,A/T,Black,Black,None reported,Yes,20999,8,0.6509097672111838,0,0,Moderate
Lexus,GX 460 Base,2015,92000,Gasoline,301.0,6-Speed A/T,Black,Black,None reported,Yes,28000,11,0.3043445179943696,1,0,Old
Chevrolet,Corvette Base,2008,51855,Gasoline,430.0,6-Speed A/T,Red,Red,None reported,Yes,35900,18,0.6923017587164455,0,0,Old
Mazda,Mazda6 i Touring,2015,124000,Gasoline,184.0,6-Speed M/T,White,Beige,At least 1 accident or damage reported,Yes,12900,11,0.10403141910145886,0,1,Old
Jaguar,F-TYPE R,2015,26000,Gasoline,550.0,8-Speed A/T,Blue,Red,None reported,Yes,52500,11,2.0191531094957886,1,0,Old
Audi,A3 2.0T Premium,2018,36500,Gasoline,220.0,6-Speed A/T,Gray,Silver,At least 1 accident or damage reported,Yes,25500,8,0.6986109969589874,1,0,Moderate
Chevrolet,Camaro 2SS,2022,1400,Gasoline,455.0,10-Speed A/T,Black,Black,None reported,Yes,54900,4,39.186295503211994,0,0,New
Jeep,Wrangler Unlimited Sport S,2018,17000,Gasoline,285.0,A/T,Black,Black,None reported,Yes,38500,8,2.264572672195753,0,0,Moderate
Honda,Civic Sport,2021,42750,Gasoline,1.5,Automatic CVT,Black,Black,None reported,Yes,25698,5,0.6011087459942458,0,0,New
Porsche,Cayman Base,2011,67998,Gasoline,265.0,6-Speed M/T,White,Beige,None reported,Yes,30000,15,0.44118295857292017,1,0,Old
Ford,Mustang GT,2008,64500,Gasoline,300.0,5-Speed M/T,Black,Red,At least 1 accident or damage reported,Yes,16000,18,0.24805816964078076,0,0,Old
Toyota,FJ Cruiser Base,2007,102000,Gasoline,239.0,6-Speed M/T,Blue,Black,None reported,Yes,24900,19,0.24411525377202184,0,1,Old
Land,Rover Discovery SE,2004,145000,Gasoline,217.0,A/T,Green,Beige,None reported,Yes,15500,22,0.10689581451162405,1,1,Very Old
Porsche,718 Boxster S,2018,50000,Gasoline,350.0,A/T,Blue,Black,At least 1 accident or damage reported,Yes,55000,8,1.0999780004399913,1,0,Moderate
Chevrolet,Corvette Base,2004,37622,Gasoline,350.0,A/T,Blue,Beige,None reported,Yes,25500,22,0.6777768917949127,0,0,Very Old
Toyota,Avalon Limited,2006,89987,Gasoline,268.0,5-Speed A/T,Green,Beige,None reported,Yes,9499,20,0.10555851891363292,0,0,Old
INFINITI,QX80 Base,2015,136390,Gasoline,5.6,7-Speed Automatic,Black Obsidian,Black,None reported,Yes,20470,11,0.15008321663452867,0,1,Old
Chevrolet,Camaro 2SS,2015,27000,Gasoline,426.0,Transmission w/Dual Shift Mode,Black,Beige,None reported,Yes,33000,11,1.222176956409022,0,0,Old
Jeep,Liberty Renegade,2004,144770,Gasoline,210.0,4-Speed A/T,Beige,Beige,At least 1 accident or damage reported,Yes,6500,22,0.04489849486430293,0,1,Very Old
Toyota,4Runner Trail,2011,157000,Gasoline,270.0,Transmission w/Dual Shift Mode,Black,Beige,None reported,Yes,23500,15,0.14968057528295997,0,1,Old
BMW,328 i xDrive,2010,132000,Gasoline,230.0,Transmission w/Dual Shift Mode,Silver,Black,At least 1 accident or damage reported,Yes,8500,16,0.06439345156476087,1,1,Old
Ford,Excursion Limited Ultimate,2002,137000,Diesel,250.0,4-Speed A/T,Gold,Gold,None reported,Yes,15000,24,0.10948825191056999,0,1,Very Old
Lexus,IS 300 Base,2018,50992,Gasoline,260.0,A/T,White,Gray,At least 1 accident or damage reported,Yes,28000,8,0.5490949738199361,1,0,Moderate
Cadillac,CTS Performance,2010,105760,Gasoline,270.0,6-Speed A/T,Black,Black,None reported,Yes,12900,16,0.12197312809069506,0,1,Old
Lexus,LC 500 Base,2018,29800,Gasoline,471.0,10-Speed A/T,Black,Black,None reported,Yes,68495,8,2.2984128049394315,1,0,Moderate
BMW,540 i xDrive,2019,21000,Gasoline,335.0,Transmission w/Dual Shift Mode,Blue,Black,At least 1 accident or damage reported,Yes,42000,7,1.9999047664396934,1,0,Moderate
Chevrolet,Corvette Base,1998,152195,Gasoline,340.0,A/T,Black,Black,None reported,Yes,9900,28,0.06504770164787511,0,1,Very Old
Hummer,H2 Base,2006,169900,Gasoline,325.0,A/T,Orange,Black,At least 1 accident or damage reported,Yes,16900,20,0.09946969117309493,0,1,Old
Volvo,XC90 3.2,2008,196000,Gasoline,235.0,A/T,Black,Beige,None reported,Yes,6499,18,0.03315799409186688,0,1,Old
Jeep,Wrangler Unlimited Sahara,2009,180036,Gasoline,202.0,A/T,Black,Black,At least 1 accident or damage reported,Yes,9100,17,0.05054516571593617,0,1,Old
Land,Rover Discovery HSE LUXURY,2017,57918,Gasoline,340.0,Transmission w/Dual Shift Mode,Gray,Gray,None reported,Yes,33500,9,0.5783939639841849,1,0,Moderate
BMW,340 i,2017,98600,Gasoline,320.0,8-Speed A/T,Silver,Black,None reported,Yes,26500,9,0.2687599517246275,1,0,Moderate
Ford,F-250 Lariat,2018,120000,Diesel,450.0,6-Speed A/T,Silver,Black,At least 1 accident or damage reported,Yes,55000,8,0.4583295139207173,0,1,Moderate
BMW,M3 Competition,2022,14269,Gasoline,503.0,8-Speed A/T,Gray,Orange,None reported,Yes,80000,4,5.606166783461808,1,0,New
Lexus,LC 500 Base,2022,6875,Gasoline,471.0,A/T,White,Black,None reported,Yes,89000,4,12.943571844095404,1,0,New
Honda,CR-V Touring,2019,55100,Gasoline,1.5,Automatic CVT,White,Gray,None reported,Yes,28324,7,0.514037857752128,0,0,Moderate
Porsche,Panamera S,2012,49000,Gasoline,400.0,7-Speed A/T,White,Black,None reported,Yes,41500,14,0.8469214913981348,1,0,Old
BMW,750 i,2009,74600,Gasoline,400.0,A/T,White,Brown,None reported,Yes,15000,17,0.20106969075481562,1,0,Old
Audi,A7 3.0T Premium,2019,45900,Hybrid,335.0,Transmission w/Dual Shift Mode,Black,Black,At least 1 accident or damage reported,Yes,41500,7,0.9041197359534651,1,0,Moderate
Chrysler,200 Limited,2015,95271,E85 Flex Fuel,184.0,A/T,Black,Black,None reported,Yes,12468,11,0.13086741120161222,0,0,Old
Ford,F-150 XL,2021,88883,Gasoline,2.7,10-Speed Automatic,Agate Black Metallic,Black,None reported,Yes,33172,5,0.3732055263039467,0,0,New
Dodge,Grand Caravan R/T,2013,43000,E85 Flex Fuel,283.0,6-Speed A/T,Red,Black,None reported,Yes,35000,13,0.8139345596614033,0,0,Old
Ford,Focus SE,2018,33700,E85 Flex Fuel,160.0,A/T,Gray,Black,At least 1 accident or damage reported,Yes,12000,8,0.356072520103261,0,0,Moderate
RAM,2500 Big Horn,2016,95115,Diesel,6.7,6-Speed Automatic,Bright White Clearcoat,Diesel Gray / Black,None reported,Yes,43640,10,0.45880819210227514,0,0,Moderate
Lotus,Elise Base,2005,25250,Gasoline,190.0,M/T,Red,Black,None reported,Yes,44000,21,1.742505247316938,0,0,Very Old
Chevrolet,Corvette Base,2007,20200,Gasoline,400.0,6-Speed A/T,Red,Red,None reported,Yes,27500,19,1.3613187465967032,0,0,Old
Audi,allroad 2.0T Prestige,2013,104457,Gasoline,211.0,8-Speed A/T,Silver,Black,None reported,Yes,17900,13,0.17136073828715848,1,1,Old
Chevrolet,Express 2500 Work Van,2017,76000,Gasoline,285.0,A/T,Silver,–,None reported,Yes,41400,9,0.5447296746095446,0,0,Moderate
Chevrolet,Traverse High Country,2020,56247,Gasoline,3.6,9-Speed Automatic,Stone Gray Metallic,Jet Black,None reported,Yes,39244,6,0.6976959180770872,0,0,Moderate
Acura,ILX Technology Plus Package,2016,61000,Gasoline,201.0,A/T,Black,Black,At least 1 accident or damage reported,Yes,21000,10,0.34425665153030277,0,0,Moderate
Chevrolet,Camaro 1LT,2019,9111,Gasoline,3.6,8-Speed Automatic,Summit White,Jet Black,None reported,Yes,27599,7,3.0288630377524144,0,0,Moderate
Lexus,ES 350 Base,2015,100900,Gasoline,3.5,Automatic,Matador Red Mica,Parchment,None reported,Yes,21998,11,0.21801567873460123,1,1,Old
Ford,F-150 XLT,2021,24207,Gasoline,2.7,10-Speed Automatic,Black,–,None reported,Yes,43430,5,1.794035029742234,0,0,New
Chevrolet,Corvette Z06,2006,21000,Gasoline,505.0,6-Speed M/T,Silver,Black,None reported,Yes,47500,20,2.2617970572829864,0,0,Old
Cadillac,CTS 3.6L Premium Luxury,2019,136150,Gasoline,335.0,Transmission w/Dual Shift Mode,Silver,Black,At least 1 accident or damage reported,Yes,22500,7,0.16525769182745628,0,1,Moderate
BMW,M3 Base,2009,78414,Gasoline,420.0,7-Speed A/T,Silver,Gray,At least 1 accident or damage reported,Yes,28750,17,0.36663903589874386,1,0,Old
Mazda,Mazda3 FWD w/Preferred Package,2019,60800,Gasoline,186.0,6-Speed A/T,Red,Beige,None reported,Yes,19900,7,0.3272972484005197,0,0,Moderate
Ford,Maverick XLT,2022,16400,Hybrid,191.0,CVT Transmission,Gray,Gray,None reported,Yes,34000,4,2.0730443265654532,0,0,New
Toyota,Highlander Hybrid Limited,2018,62200,Hybrid,306.0,CVT Transmission,Brown,Beige,None reported,Yes,35707,8,0.574058294882719,0,0,Moderate
BMW,X6 xDrive40i,2021,72903,Hybrid,3.0,SCHEDULED FOR OR IN PRODUCTION,Black Sapphire Metallic,Black,At least 1 accident or damage reported,Yes,53998,5,0.740672665423022,1,0,New
Lincoln,Town Car Signature,2003,142215,Gasoline,239.0,4-Speed A/T,Gray,Beige,None reported,Yes,5000,23,0.0351577881532317,0,1,Very Old
Mercedes-Benz,SL-Class SL550 Roadster,2007,150000,Gasoline,382.0,A/T,Black,Black,None reported,Yes,8000,19,0.05333297778014813,1,1,Old
Ford,Mustang GT,1998,49170,Gasoline,225.0,A/T,Silver,Black,None reported,Yes,12500,28,0.25421488275609605,0,0,Very Old
Chevrolet,Suburban 1500 LT,2015,167500,Gasoline,355.0,6-Speed A/T,Silver,Black,None reported,Yes,18000,11,0.1074620450027164,0,1,Old
Ford,Fusion SE,2016,110450,Gasoline,231.0,6-Speed A/T,Silver,Brown,None reported,Yes,11000,10,0.09959167413604222,0,1,Moderate
Audi,S4 3.0T Premium Plus,2014,106000,Gasoline,333.0,6-Speed M/T,Gray,Black,At least 1 accident or damage reported,Yes,23000,12,0.21697908510297073,1,1,Old
Chevrolet,Suburban Premier,2017,92728,Gasoline,355.0,6-Speed A/T,White,Black,None reported,Yes,34900,9,0.37636553828899266,0,0,Moderate
Ford,Bronco Big Bend,2022,17000,Gasoline,275.0,A/T,Gray,–,None reported,Yes,44000,4,2.5880830539380035,0,0,New
Ford,F-250 XL,2016,75200,E85 Flex Fuel,385.0,6-Speed A/T,White,Gray,None reported,Yes,22000,10,0.292549301206101,0,0,Moderate
Toyota,Tacoma TRD Sport,2019,36283,Gasoline,3.5,Automatic,Barcelona Red,Black,None reported,Yes,39598,7,1.0913350237019073,0,0,Moderate
Audi,Q5 S line Premium Plus,2023,6682,Hybrid,2.0,Automatic,Mythos Black Metallic,Rock Gray,None reported,Yes,47798,3,7.1521771659434386,1,0,New
Jeep,Wrangler Sport,2018,23399,Gasoline,2.0,8-Speed Automatic,Black Clearcoat,Black,None reported,Yes,28999,8,1.2392735042735044,0,0,Moderate
Genesis,G80 3.8,2017,29720,Gasoline,311.0,8-Speed A/T,Brown,Beige,None reported,Yes,29500,9,0.9925641802092796,0,0,Moderate
Mercedes-Benz,SL-Class SL63 AMG Roadster,2009,56000,Gasoline,518.0,A/T,Black,Black,None reported,Yes,44850,17,0.800878555740076,1,0,Old
Lexus,LX 570 Three-Row,2020,59419,Gasoline,383.0,A/T,Silver,Beige,None reported,Yes,73000,6,1.2285425782564794,1,0,Moderate
Kia,Stinger GT2,2018,69100,Gasoline,365.0,8-Speed A/T,Red,Black,None reported,Yes,32500,8,0.470326044485608,0,0,Moderate
Chevrolet,Trailblazer SS,2008,29586,Gasoline,390.0,A/T,White,Black,None reported,Yes,47900,18,1.6189542704566195,0,0,Old
Chevrolet,Silverado 2500 WT,2021,63866,Gasoline,6.6,Automatic,Silver Ice Metallic,Jet Black,None reported,Yes,41885,5,0.655815992609642,0,0,New
Chevrolet,Suburban LTZ,2016,135484,Gasoline,5.3,6-Speed Automatic,Tungsten Metallic,Cocoa / Dune,None reported,Yes,29748,10,0.21956674170572388,0,1,Moderate
Mercedes-Benz,E-Class E 350,2014,78500,Gasoline,302.0,7-Speed A/T,Silver,Black,At least 1 accident or damage reported,Yes,17900,12,0.22802257296085401,1,0,Old
BMW,M3 Base,2012,7982,Gasoline,414.0,7-Speed A/T,Silver,Red,None reported,Yes,51900,14,6.501315295001879,1,0,Old
Volkswagen,Golf R Base,2022,1067,Gasoline,315.0,7-Speed A/T,White,Blue,None reported,Yes,48000,4,44.943820224719104,0,0,New
Ford,Explorer Limited,2017,152000,Gasoline,290.0,6-Speed A/T,Gray,Black,None reported,Yes,15499,9,0.10196643443135242,0,1,Moderate
Honda,Odyssey LX,2011,185000,Gasoline,248.0,A/T,Purple,–,None reported,Yes,8900,15,0.04810784806568613,0,1,Old
Dodge,Ram 2500 SLT Mega Cab,2007,97724,Diesel,350.0,A/T,Red,Gray,None reported,Yes,19998,19,0.20463545663852648,0,0,Old
Honda,Civic Sport,2020,22227,Gasoline,2.0,Automatic CVT,Red,Black,None reported,Yes,25980,6,1.1687961130106173,0,0,Moderate
Honda,Civic LX,2016,111000,Gasoline,158.0,A/T,Blue,Black,None reported,Yes,13000,10,0.1171160620174593,0,1,Moderate
Ford,F-250 XLT,2019,32268,E85 Flex Fuel,385.0,6-Speed A/T,White,Gray,None reported,Yes,46500,7,1.4410114971024823,0,0,Moderate
Nissan,Pathfinder SV,2019,122009,Gasoline,3.5,Automatic,Gray,Black,None reported,Yes,18998,7,0.1557085484796328,0,1,Moderate
Land,Rover Range Rover HSE SWB,2020,57785,Hybrid,395.0,A/T,Black,Black,None reported,Yes,63995,6,1.107448170837227,1,0,Moderate
Hummer,H2 Base,2003,179400,Gasoline,316.0,A/T,White,Brown,At least 1 accident or damage reported,Yes,15000,23,0.08361157407149347,0,1,Very Old
Mazda,RX-8 R3,2009,57000,Gasoline,232.0,6-Speed M/T,Red,Black,None reported,Yes,14000,17,0.24560972614515536,0,0,Old
Lexus,LX 570 Three-Row,2021,25997,Gasoline,383.0,A/T,Green,Brown,None reported,Yes,87000,5,3.3464112624048004,1,0,New
Chevrolet,Suburban Z71,2022,36555,Gasoline,5.3,Automatic,Summit White,Jet Black,None reported,Yes,64288,4,1.7586169165116534,0,0,New
Chevrolet,Corvette Base,2007,28514,Gasoline,400.0,Transmission w/Dual Shift Mode,Red,Gray,None reported,Yes,32000,19,1.122216377345257,0,0,Old
Ford,Mustang GT Premium,2019,10400,Gasoline,460.0,10-Speed A/T,Red,Gray,None reported,Yes,40000,7,3.8457840592250747,0,0,Moderate
Chevrolet,Equinox Premier w/2LZ,2020,51133,Gasoline,2.0,9-Speed Automatic,Iridescent Pearl Tricoat,Jet Black,At least 1 accident or damage reported,Yes,25800,6,0.5045566550631674,0,0,Moderate
Chevrolet,Camaro Z28,1999,58800,Gasoline,305.0,A/T,White,White,None reported,Yes,15000,27,0.2550977024200269,0,0,Very Old
Land,Rover Discovery HSE,2018,85000,Gasoline,340.0,8-Speed A/T,Gray,Black,None reported,Yes,33000,8,0.388230726697333,1,0,Moderate
Jeep,Wrangler SE,2000,95200,Gasoline,120.0,5-Speed M/T,Black,Black,None reported,Yes,11999,26,0.1260385920315963,0,0,Very Old
Toyota,Highlander XLE,2015,68575,Gasoline,270.0,A/T,Silver,Gray,At least 1 accident or damage reported,Yes,26000,11,0.37914139057396173,0,0,Old
Chevrolet,Corvette Grand Sport,2011,12300,Gasoline,430.0,6-Speed A/T,Red,Black,None reported,Yes,45000,15,3.658239167547354,0,0,Old
Chevrolet,Corvette Stingray,2018,13900,Gasoline,455.0,8-Speed A/T,White,Red,None reported,Yes,54490,8,3.9198618804402563,0,0,Moderate
Mercedes-Benz,SLK-Class SLK230 Kompressor,2001,58800,Gasoline,190.0,A/T,Silver,Black,None reported,Yes,9000,25,0.15305862145201612,1,0,Very Old
Nissan,Juke NISMO RS,2016,30700,Gasoline,215.0,6-Speed M/T,Black,Black,At least 1 accident or damage reported,Yes,21500,10,0.7003029217289339,0,0,Moderate
Porsche,911 Carrera C2S,2005,104000,Gasoline,355.0,6-Speed M/T,Silver,Black,None reported,Yes,44800,21,0.4307650887972231,1,1,Very Old
Chevrolet,Colorado LT,2019,139116,Gasoline,3.6,Automatic,Red,Jet Black,At least 1 accident or damage reported,Yes,24899,7,0.17897884514473428,0,1,Moderate
Porsche,Macan S,2019,36700,Gasoline,348.0,7-Speed A/T,Blue,Blue,At least 1 accident or damage reported,Yes,48990,7,1.3348410125064711,1,0,Moderate
Mercedes-Benz,GLE 350 Base 4MATIC,2022,24500,Gasoline,255.0,9-Speed A/T,White,Beige,None reported,Yes,82150,4,3.35292437043386,1,0,New
Toyota,Land Cruiser Base,2017,65000,Gasoline,381.0,A/T,Black,Brown,At least 1 accident or damage reported,Yes,65000,9,0.9999846156212981,0,0,Moderate
BMW,X6 xDrive40i,2021,27654,Hybrid,3.0,Automatic,Mineral White,Black,None reported,Yes,61998,5,2.241836919182788,1,0,New
Toyota,Highlander Platinum,2020,41000,Gasoline,295.0,8-Speed A/T,Blue,Black,None reported,Yes,38700,6,0.9438794175751811,0,0,Moderate
Mercedes-Benz,SL-Class SL 63 AMG,2011,47400,Gasoline,518.0,7-Speed A/T,White,Black,At least 1 accident or damage reported,Yes,41000,15,0.8649606548385055,1,0,Old
Ford,Thunderbird Deluxe,2002,40110,Gasoline,252.0,A/T,Yellow,Black,None reported,Yes,18500,24,0.4612201141831418,0,0,Very Old
RAM,2500 Big Horn,2014,124700,Gasoline,410.0,6-Speed A/T,Silver,–,None reported,Yes,30000,12,0.24057545649192869,0,1,Old
Ford,F-350 XLT,2013,31000,E85 Flex Fuel,316.0,A/T,Black,Gray,At least 1 accident or damage reported,Yes,35000,13,1.1289958388439083,0,0,Old
Toyota,RAV4 Prime XSE,2022,7100,Plug-In Hybrid,302.0,A/T,Gray,Black,None reported,Yes,49000,4,6.9004365582312355,0,0,New
Jeep,Grand Cherokee Limited,2018,91677,Gasoline,3.6,8-Speed Automatic,Granite Crystal Clearcoat Metallic,Black,None reported,Yes,26816,8,0.2925020179323284,0,0,Moderate
Ford,Focus SE,2009,107500,Gasoline,132.0,A/T,White,Black,None reported,Yes,9500,17,0.08837127096492126,0,1,Old
Chevrolet,Corvette Stingray w/2LT,2023,5200,Gasoline,490.0,8-Speed A/T,White,Red,None reported,Yes,88900,3,17.092866756393,0,0,New
Ford,F-150 XLT SuperCab,1999,48054,Gasoline,220.0,A/T,White,Gray,None reported,Yes,9500,27,0.19769014670689836,0,0,Very Old
Porsche,Macan Base,2018,87500,Gasoline,252.0,Transmission w/Dual Shift Mode,Blue,Beige,None reported,Yes,28000,8,0.3199963428989383,1,0,Moderate
Acura,ZDX Base,2012,106335,Gasoline,300.0,6-Speed A/T,White,Gray,None reported,Yes,19000,14,0.17867890460427324,0,1,Old
Chevrolet,Suburban Premier,2017,133598,Gasoline,5.3,6-Speed Automatic,Siren Red Tintcoat,Jet Black,At least 1 accident or damage reported,Yes,29999,9,0.22454509390040345,0,1,Moderate
Chevrolet,Traverse Premier,2018,68455,Gasoline,3.6,9-Speed Automatic,Silver Ice Metallic,Jet Black,None reported,Yes,30989,8,0.4526849363094542,0,0,Moderate
Mercedes-Benz,E-Class E 400,2018,28690,Gasoline,329.0,A/T,White,Beige,None reported,Yes,38880,8,1.3551287860304626,1,0,Moderate
BMW,M3 Base,2012,83000,Gasoline,414.0,7-Speed A/T,Black,Red,At least 1 accident or damage reported,Yes,31000,14,0.3734894760304093,1,0,Old
Ford,F-250 XLT,2019,38600,Diesel,450.0,6-Speed A/T,Blue,–,None reported,Yes,54500,7,1.41188052123002,0,0,Moderate
Toyota,Highlander SE,2019,92000,Gasoline,295.0,A/T,Red,Beige,At least 1 accident or damage reported,Yes,30000,7,0.3260834121368246,0,0,Moderate
Saturn,Sky Red Line,2009,134000,Gasoline,260.0,5-Speed M/T,Blue,Black,At least 1 accident or damage reported,Yes,9500,17,0.07089499332094537,0,1,Old
Lexus,LS 460 Base,2012,103000,Gasoline,380.0,A/T,White,Beige,None reported,Yes,20500,14,0.19902719391073873,1,1,Old
Honda,CR-V LX,2004,176261,Gasoline,160.0,M/T,Gray,Gray,None reported,Yes,3750,22,0.02127514722401879,0,1,Very Old
Ford,Mustang GT Premium,2010,58500,Gasoline,315.0,5-Speed M/T,White,Red,At least 1 accident or damage reported,Yes,20000,16,0.3418744978718313,0,0,Old
Ford,F-250 Limited,2018,64000,Diesel,450.0,A/T,Red,Beige,None reported,Yes,64000,8,0.9999843752441369,0,0,Moderate
Porsche,Boxster Black Edition,2016,24881,Gasoline,265.0,Transmission w/Dual Shift Mode,Black,Black,At least 1 accident or damage reported,Yes,49999,10,2.0094445784100956,1,0,Moderate
Chevrolet,Corvette Base,1998,134000,Gasoline,340.0,A/T,Red,Beige,None reported,Yes,11500,28,0.08582025507272334,0,1,Very Old
Ford,Explorer XLT,2013,82900,Gasoline,290.0,6-Speed A/T,White,Gray,At least 1 accident or damage reported,Yes,16000,13,0.19300129069613153,0,0,Old
BMW,Z4 3.0si,2008,59257,Gasoline,255.0,6-Speed M/T,Gray,Black,None reported,Yes,18200,18,0.3071315265449391,1,0,Old
Lexus,RX 350 F Sport,2016,81400,Gasoline,295.0,8-Speed A/T,Gray,Red,At least 1 accident or damage reported,Yes,26000,10,0.3194063954988268,1,0,Moderate
Hyundai,Accent SEL,2022,5100,Gasoline,120.0,A/T,Blue,Black,None reported,Yes,19500,4,3.822779847088806,0,0,New
Ford,Expedition Max XLT,2020,67072,Gasoline,375.0,A/T,Purple,Black,None reported,Yes,38500,6,0.5740014610946282,0,0,Moderate
BMW,328 i xDrive,2016,65000,Gasoline,240.0,Transmission w/Dual Shift Mode,Silver,Black,None reported,Yes,19500,10,0.2999953846863894,1,0,Moderate
Ford,Fusion SE,2014,80800,Gasoline,175.0,A/T,Blue,Beige,None reported,Yes,10000,12,0.12376084454400317,0,0,Old
Ford,F-150 XLT,2020,53401,Gasoline,375.0,10-Speed A/T,Gray,Black,None reported,Yes,39500,6,0.7396726714355267,0,0,Moderate
Ford,F-150 Platinum,2021,15555,Gasoline,5.0,10-Speed Automatic,Blue,Black,None reported,Yes,62890,5,4.042813062483929,0,0,New
Dodge,Ram 1500 SLT Mega Cab,2006,201509,Gasoline,345.0,5-Speed A/T,Gray,Gray,At least 1 accident or damage reported,Yes,11000,20,0.054587861644583395,0,1,Old
Honda,Civic EX,2013,107000,Gasoline,140.0,A/T,Silver,Black,None reported,Yes,14000,13,0.1308398986925356,0,1,Old
Land,Rover Range Rover Velar P250 S R-Dynamic,2020,30500,Gasoline,247.0,A/T,Silver,Beige,None reported,Yes,44000,6,1.4425756532572702,1,0,Moderate
Toyota,Tacoma Base,2011,36000,Gasoline,159.0,5-Speed M/T,Gray,Gray,None reported,Yes,20000,15,0.5555401238854476,0,0,Old
Ford,F-250 XLT,2019,38514,E85 Flex Fuel,385.0,A/T,Black,Gray,At least 1 accident or damage reported,Yes,45998,7,1.1942879397637285,0,0,Moderate
Mercedes-Benz,Sprinter 2500 Standard Roof,2022,4590,Gasoline,188.0,A/T,White,Black,None reported,Yes,64000,4,13.940318013504683,1,0,New
RAM,2500 Big Horn,2019,97000,Diesel,370.0,A/T,White,Gray,At least 1 accident or damage reported,Yes,45000,7,0.46391274316759623,0,0,Moderate
BMW,328 i xDrive,2011,110000,Gasoline,230.0,6-Speed A/T,Black,Beige,At least 1 accident or damage reported,Yes,6000,15,0.0545449586821938,1,1,Old
Ford,Explorer XLT,2017,53000,E85 Flex Fuel,290.0,6-Speed A/T,Red,Gray,At least 1 accident or damage reported,Yes,25000,9,0.47168921341106773,0,0,Moderate
Chevrolet,Suburban LTZ,2016,110000,E85 Flex Fuel,355.0,A/T,Brown,Brown,None reported,Yes,30999,10,0.28180652903155423,0,1,Moderate
INFINITI,G35 Base,2003,106500,Gasoline,280.0,6-Speed M/T,Red,Beige,None reported,Yes,9500,23,0.08920104036581816,0,1,Very Old
Chevrolet,Express 2500 Work Van,2012,140500,E85 Flex Fuel,324.0,A/T,White,Gray,None reported,Yes,11800,14,0.08398516736535683,0,1,Old
Ford,Explorer Eddie Bauer,2010,144200,Gasoline,210.0,5-Speed A/T,Black,Beige,None reported,Yes,9999,16,0.06934071192294089,0,1,Old
Chevrolet,Suburban RST,2022,21400,Diesel,277.0,10-Speed A/T,Gray,Black,None reported,Yes,69000,4,3.224148404280174,0,0,New
Mercedes-Benz,GL-Class GL 550 4MATIC,2015,130000,Gasoline,429.0,7-Speed A/T,Blue,Black,None reported,Yes,24500,11,0.18846008876854795,1,1,Old
Ford,Focus SE,2012,108045,Gasoline,160.0,6-Speed A/T,Blue,Gray,None reported,Yes,6500,14,0.06015956166817837,0,1,Old
Subaru,Crosstrek Premium,2022,10000,Gasoline,152.0,CVT Transmission,White,Black,None reported,Yes,28000,4,2.7997200279972003,0,0,New
Hyundai,Genesis Coupe 3.8 Track,2011,75000,Gasoline,306.0,Transmission w/Dual Shift Mode,Red,Black,At least 1 accident or damage reported,Yes,12000,15,0.15999786669511074,0,0,Old
Chrysler,Town & Country LX,2009,73500,Gasoline,170.0,A/T,Silver,Gray,At least 1 accident or damage reported,Yes,7858,17,0.1069101100665297,0,0,Old
Porsche,Panamera Turbo,2018,29850,Gasoline,550.0,8-Speed A/T,Silver,Red,None reported,Yes,89750,8,3.0065994439047268,1,0,Moderate
Honda,Pilot EX-L,2016,135350,Gasoline,280.0,6-Speed A/T,White,Beige,At least 1 accident or damage reported,Yes,19900,10,0.14702514203810832,0,1,Moderate
Mercedes-Benz,GLC 300 GLC 300,2022,16983,Gasoline,2.0,Automatic,Black,Black,None reported,Yes,40998,4,2.413918982571832,1,0,New
Audi,A8 L 55,2019,35580,Hybrid,335.0,8-Speed A/T,Black,Black,None reported,Yes,49500,7,1.3911919282763272,1,0,Moderate
Ford,Edge SE,2020,71200,Gasoline,250.0,8-Speed A/T,White,Beige,None reported,Yes,18900,6,0.2654457100321625,0,0,Moderate
Dodge,Durango GT,2022,24778,Gasoline,3.6,8-Speed Automatic,Octane Red Pearlcoat,Black,At least 1 accident or damage reported,Yes,36599,4,1.4770168287662941,0,0,New
BMW,328 i,2015,109330,Gasoline,240.0,A/T,Black,Beige,None reported,Yes,13349,11,0.12209711792629721,1,1,Old
Alfa,Romeo Stelvio Ti,2023,6645,Gasoline,2.0,8-Speed Automatic,Alfa White,Black,None reported,Yes,43900,3,6.605476978633765,0,0,New
Mercedes-Benz,GL-Class GL 450 4MATIC,2007,90400,Gasoline,335.0,7-Speed A/T,Silver,Beige,None reported,Yes,10199,19,0.11281954845632239,1,0,Old
Ford,Ranger XLT SuperCab,2002,192100,Gasoline,207.0,5-Speed A/T,Gold,Beige,At least 1 accident or damage reported,Yes,6450,24,0.03357608757892983,0,1,Very Old
BMW,M3 CS,2018,32000,Gasoline,453.0,Transmission w/Dual Shift Mode,White,Black,None reported,Yes,70000,8,2.1874316427611635,1,0,Moderate
Volkswagen,Golf GTI 2.0T Autobahn,2022,6400,Gasoline,241.0,A/T,Green,Black,None reported,Yes,41500,4,6.483361974691454,0,0,New
Toyota,4Runner SR5 Premium,2021,36180,Gasoline,270.0,A/T,Black,–,None reported,Yes,36990,5,1.0223598021060778,0,0,New
GMC,Yukon SLT,2014,142400,E85 Flex Fuel,320.0,A/T,Black,Black,At least 1 accident or damage reported,Yes,13500,12,0.09480270503718373,0,1,Old
Cadillac,ATS 2.0L Turbo Luxury,2016,83000,Gasoline,272.0,8-Speed A/T,Red,Beige,None reported,Yes,16500,10,0.1987927856290888,0,0,Moderate
Nissan,Xterra S,2012,80000,Gasoline,261.0,A/T,Black,Gray,None reported,Yes,14800,14,0.18499768752890589,0,0,Old
Ford,Bronco Badlands,2021,32437,Gasoline,315.0,10-Speed A/T,Gray,Black,None reported,Yes,51000,5,1.5722301004994144,0,0,New
BMW,328 i,2011,67500,Gasoline,230.0,6-Speed A/T,White,Beige,None reported,Yes,18000,15,0.26666271610790954,1,0,Old
Toyota,4Runner Limited,2021,25882,Gasoline,4.0,Automatic,Midnight Black Metallic,–,None reported,Yes,43837,5,1.693659931228992,0,0,New
Toyota,Tundra SR5 Double Cab,2005,170000,Gasoline,282.0,A/T,Silver,Beige,At least 1 accident or damage reported,Yes,11200,21,0.06588196540020352,0,1,Very Old
Ford,F-250 Lariat,2023,3763,Diesel,475.0,10-Speed A/T,Red,Black,None reported,Yes,92000,3,24.442082890541975,0,0,New
Land,Rover Range Rover Velar P380 S,2018,46000,Gasoline,380.0,A/T,Red,Beige,None reported,Yes,40000,8,0.8695463142105606,1,0,Moderate
Ford,F-250 XLT Crew Cab Super Duty,2008,190321,Diesel,350.0,A/T,White,Beige,None reported,Yes,15900,18,0.08354262775716943,0,1,Old
Porsche,Macan S,2018,40950,Gasoline,340.0,7-Speed A/T,Black,Black,None reported,Yes,39750,8,0.9706722668555102,1,0,Moderate
Mercedes-Benz,C-Class C 63 AMG,2014,42000,Gasoline,451.0,7-Speed A/T,Gray,Black,None reported,Yes,45000,12,1.071403061831861,1,0,Old
Nissan,Pathfinder S,2014,135000,Gasoline,260.0,A/T,White,Brown,None reported,Yes,8500,12,0.06296249657409946,0,1,Old
Jeep,Gladiator Overland,2020,20655,Gasoline,3.6,8-Speed Automatic,Firecracker Red Clearcoat,Black,None reported,Yes,42850,6,2.074457784663052,0,0,Moderate
Ford,F-250 XLT,2019,33000,Diesel,450.0,6-Speed A/T,Black,Gray,None reported,Yes,59000,7,1.7878246113754128,0,0,Moderate
Ford,Fusion SE,2016,68000,Gasoline,175.0,A/T,Black,Black,None reported,Yes,12500,10,0.1838208261643211,0,0,Moderate
BMW,330 i xDrive,2018,117000,Gasoline,248.0,8-Speed A/T,Black,Beige,None reported,Yes,17000,8,0.14529790343672278,1,1,Moderate
Acura,MDX Sport,2007,183455,Gasoline,300.0,5-Speed A/T,White,Beige,At least 1 accident or damage reported,Yes,7700,19,0.04197191697191697,0,1,Old
Chevrolet,Suburban Premier,2021,51890,Gasoline,5.3,10-Speed Automatic,Shadow Gray Metallic,Jet Black,None reported,Yes,59980,5,1.1558844500973193,0,0,New
Chevrolet,Suburban High Country,2021,59528,Gasoline,6.2,10-Speed Automatic,Satin Steel Metallic,Jet Black,None reported,Yes,68995,5,1.1590149338977642,0,0,New
Cadillac,CTS-V Base,2006,123000,Gasoline,400.0,6-Speed M/T,Black,Black,None reported,Yes,15000,20,0.12195022804692644,0,1,Old
Kia,Niro EV EX,2022,20000,Gasoline,201.0,1-Speed A/T,Silver,Black,None reported,Yes,29998,4,1.4998250087495626,0,0,New
BMW,X3 xDrive30i,2021,38352,Gasoline,2.0,8-Speed Automatic,Phytonic Blue Metallic,Canberra Beige,None reported,Yes,37400,5,0.9751518786014132,1,0,New
Porsche,Taycan Base,2021,13344,Gasoline,321.0,2-Speed A/T,Black,Beige,At least 1 accident or damage reported,Yes,83499,5,6.256950168602473,1,0,New
Honda,S2000 CR,2008,44300,Gasoline,237.0,M/T,Yellow,Black,None reported,Yes,62000,18,1.3995169409268413,0,0,Old
Lexus,HS 250h Premium,2010,123500,Hybrid,147.0,A/T,Red,Black,At least 1 accident or damage reported,Yes,9500,16,0.07692245406919782,1,1,Old
Lincoln,Navigator Base,2013,134000,E85 Flex Fuel,310.0,6-Speed A/T,Red,Black,None reported,Yes,21500,13,0.1604465638316132,0,1,Old
Ford,F-150 XLT,2020,57000,Gasoline,375.0,10-Speed A/T,Gray,Gray,At least 1 accident or damage reported,Yes,37500,6,0.6578831950316661,0,0,Moderate
Kia,K5 GT-Line,2021,100312,Gasoline,1.6,8-Speed Automatic,Wolf Gray,Black,None reported,Yes,19980,5,0.19917657731301028,0,1,New
Tesla,Model S Performance,2012,61000,Gasoline,416.0,A/T,Green,Black,None reported,Yes,29000,14,0.4754020425894657,1,0,Old
BMW,Z4 sDrive28i,2014,15889,Gasoline,240.0,8-Speed A/T,Blue,Beige,None reported,Yes,34500,12,2.171176840780365,1,0,Old
BMW,528 i xDrive,2015,125500,Gasoline,240.0,A/T,Black,Black,At least 1 accident or damage reported,Yes,12950,11,0.10318642879339607,1,1,Old
Ford,Expedition Limited,2013,163500,E85 Flex Fuel,310.0,A/T,Gray,Black,None reported,Yes,16490,13,0.10085565225900758,0,1,Old
Buick,Enclave Leather,2015,89726,Gasoline,288.0,A/T,White,Brown,None reported,Yes,16000,11,0.17831867776700436,0,0,Old
Mercedes-Benz,SL-Class SL600 Roadster,2005,93000,Gasoline,493.0,A/T,Black,Black,None reported,Yes,22500,21,0.24193288244212427,1,0,Very Old
MINI,Cooper S Base,2012,128000,Gasoline,181.0,6-Speed A/T,Black,Black,None reported,Yes,8500,14,0.06640573120522496,0,1,Old
Porsche,Cayenne Turbo,2017,70800,Gasoline,520.0,Transmission w/Dual Shift Mode,White,Black,None reported,Yes,52999,9,0.7485628734057429,1,0,Moderate
Saturn,Vue Hybrid Base,2009,115000,Hybrid,172.0,A/T,Blue,Beige,None reported,Yes,4400,17,0.038260536864896826,0,1,Old
RAM,2500 Laramie,2018,98650,Diesel,350.0,6-Speed A/T,Black,Black,None reported,Yes,56750,8,0.5752602609198082,0,0,Moderate
RAM,1500 Limited,2019,87768,Hybrid,395.0,A/T,Silver,Black,None reported,Yes,44000,7,0.5013159543802481,0,0,Moderate
Chevrolet,Traverse RS,2023,6000,Gasoline,310.0,9-Speed A/T,Gray,Black,None reported,Yes,48500,3,8.08198633561073,0,0,New
Lexus,RX 350 F SPORT Appearance,2021,28262,Gasoline,3.5,Automatic,Obsidian,–,None reported,Yes,49998,5,1.7690266426069419,1,0,New
Mazda,CX-50 2.5 Turbo Premium Package,2023,16200,Gasoline,227.0,6-Speed A/T,Blue,Beige,None reported,Yes,36900,3,2.277637182889945,0,0,New
Cadillac,SRX Luxury Collection,2012,87500,E85 Flex Fuel,308.0,A/T,White,Beige,None reported,Yes,11499,14,0.13141564096410327,0,0,Old
FIAT,500 Lounge,2013,85458,Gasoline,101.0,A/T,White,Beige,None reported,Yes,9000,13,0.10531365918159585,0,0,Old
Mercedes-Benz,EQS 450+ Base,2022,16500,Gasoline,329.0,A/T,Blue,White,None reported,Yes,69500,4,4.211865947518333,1,0,New
MINI,Cooper S Clubman Base,2009,83853,Gasoline,172.0,6-Speed M/T,Gray,Black,At least 1 accident or damage reported,Yes,6950,17,0.08288215231235242,0,0,Old
BMW,X6 M50i,2022,22500,Gasoline,523.0,Transmission w/Dual Shift Mode,Black,–,At least 1 accident or damage reported,Yes,74999,4,3.333140749300031,1,0,New
Lexus,LS 460 Base,2013,99524,Gasoline,386.0,8-Speed A/T,Gray,Black,At least 1 accident or damage reported,Yes,24900,13,0.25018839487565936,1,0,Old
Genesis,GV80 2.5T,2023,8100,Gasoline,300.0,Transmission w/Dual Shift Mode,Silver,Beige,None reported,Yes,57300,3,7.073200839402543,0,0,New
MINI,Hardtop Cooper S,2016,43073,Gasoline,2.0,6-Speed Automatic,Volcanic Orange,Carbon Black,None reported,Yes,17999,10,0.4178622835120955,0,0,Moderate
Land,Rover Range Rover Velar R-Dynamic S,2023,12425,Gasoline,4.0,Automatic,Firenze Red,Ebony,None reported,Yes,57619,3,4.636970867535812,1,0,New
BMW,530 i xDrive,2020,23195,Gasoline,2.0,8-Speed Automatic,Dark Graphite Metallic,Black,None reported,Yes,38900,6,1.6770132781514053,1,0,Moderate
Jeep,Grand Cherokee Laredo,2011,118000,Gasoline,360.0,A/T,Gold,Black,At least 1 accident or damage reported,Yes,12500,15,0.10593130566690112,0,1,Old
Toyota,Tacoma SR5,2018,65290,Gasoline,278.0,6-Speed A/T,Blue,Black,At least 1 accident or damage reported,Yes,26450,8,0.40510943315311454,0,0,Moderate
Porsche,911 Carrera Cabriolet,2001,47885,Gasoline,300.0,6-Speed M/T,Gray,Black,None reported,Yes,31995,25,0.668149354717454,1,0,Very Old
Jeep,Gladiator Sport S,2020,13000,Gasoline,285.0,8-Speed A/T,Gray,–,None reported,Yes,39500,6,3.038227828628567,0,0,Moderate
Jeep,Renegade Trailhawk,2017,78717,Gasoline,180.0,A/T,Black,Black,None reported,Yes,17500,9,0.22231255875403338,0,0,Moderate
Ford,F-150 Lariat,2021,9142,Hybrid,430.0,10-Speed A/T,Black,Gray,None reported,Yes,61500,5,6.726457399103139,0,0,New
Jaguar,XF Premium,2011,106000,Gasoline,385.0,6-Speed A/T,Brown,Beige,At least 1 accident or damage reported,Yes,9400,15,0.0886784086942576,1,1,Old
RAM,1500 Laramie,2022,3521,Gasoline,5.7,Automatic,Diamond Black,Black,None reported,Yes,51074,4,14.501419647927314,0,0,New
Volkswagen,Golf GTI 2.0T SE 4-Door,2016,90000,Gasoline,210.0,6-Speed A/T,Gray,Black,None reported,Yes,16750,10,0.18610904323285296,0,0,Moderate
Porsche,Macan Turbo,2016,46000,Gasoline,400.0,Transmission w/Dual Shift Mode,Gray,–,None reported,Yes,38000,10,0.8260689985000326,1,0,Moderate
BMW,X4 M Competition,2020,18362,Gasoline,503.0,A/T,Black,Orange,None reported,Yes,60000,6,3.2674399607907203,1,0,Moderate
Lexus,RX 350 Base,2013,164500,Gasoline,270.0,6-Speed A/T,White,Black,At least 1 accident or damage reported,Yes,16500,13,0.10030334162102358,1,1,Old
GMC,Terrain SLT,2020,55018,Gasoline,170.0,9-Speed A/T,Black,Black,At least 1 accident or damage reported,Yes,25500,6,0.4634762536578273,0,0,Moderate
Nissan,Maxima SV,2022,36466,Gasoline,3.5,Automatic CVT,Brilliant Silver Metallic,Charcoal,None reported,Yes,24980,4,0.6850028793155456,0,0,New
Volvo,S60 B5 Inscription,2022,14280,Hybrid,247.0,A/T,Blue,Black,None reported,Yes,36500,4,2.5558434283313494,0,0,New
Subaru,Outback 2.5i Premium,2013,116000,Gasoline,173.0,A/T,Blue,Beige,At least 1 accident or damage reported,Yes,12500,13,0.1077576917440367,0,1,Old
RAM,1500 Laramie,2022,16184,Gasoline,5.7,8-Speed Automatic,Granite Crystal Clearcoat Metallic,Black,None reported,Yes,46999,4,2.9038616002471422,0,0,New
Porsche,Boxster Base,1997,132800,Gasoline,201.0,5-Speed M/T,Red,Beige,None reported,Yes,8500,29,0.06400554212694182,1,1,Very Old
Ford,Explorer XLT,2020,45000,Gasoline,300.0,10-Speed A/T,Silver,Black,None reported,Yes,33500,6,0.7444279016021866,0,0,Moderate
Ford,F-150 Lariat,2013,102000,Gasoline,365.0,6-Speed A/T,White,Black,None reported,Yes,23000,13,0.22548798541190773,0,1,Old
Ford,Excursion XLS,2004,163000,Diesel,325.0,5-Speed A/T,Silver,Gray,At least 1 accident or damage reported,Yes,18000,22,0.11042877037564186,0,1,Very Old
Porsche,Panamera GTS,2016,42526,Gasoline,440.0,7-Speed A/T,Blue,Black,None reported,Yes,66200,10,1.5566581230747525,1,0,Moderate
Mazda,Mazda3 i Touring,2012,144900,Gasoline,155.0,Transmission w/Dual Shift Mode,Black,–,None reported,Yes,6000,14,0.04140758172821444,0,1,Old
GMC,Sierra 1500 SLT,2016,85000,Gasoline,355.0,A/T,White,Black,None reported,Yes,32750,10,0.3852895848284138,0,0,Moderate
Mercedes-Benz,GL-Class GL 450,2011,93000,Gasoline,335.0,A/T,Gray,Beige,At least 1 accident or damage reported,Yes,11900,15,0.1279556133805013,1,0,Old
RAM,1500 Big Horn,2022,11468,Gasoline,5.7,Automatic,Bright White Clearcoat,Black,None reported,Yes,50204,4,4.377365071061122,0,0,New
Lexus,NX 300 Base,2019,25470,Gasoline,235.0,Transmission w/Dual Shift Mode,Silver,Red,None reported,Yes,32500,7,1.2759608967060578,1,0,Moderate
BMW,435 i xDrive,2014,90347,Gasoline,300.0,8-Speed A/T,Silver,Black,None reported,Yes,21800,12,0.2412892371718245,1,0,Old
GMC,Yukon SLE,2017,96000,Gasoline,355.0,A/T,Gray,Black,None reported,Yes,34000,9,0.3541629774689847,0,0,Moderate
Honda,Pilot EX-L,2016,80500,Gasoline,280.0,6-Speed A/T,Gray,Black,None reported,Yes,23000,10,0.2857107365125899,0,0,Moderate
Audi,A5 Sportback S line Premium Plus,2021,35000,Hybrid,261.0,7-Speed A/T,Black,Black,None reported,Yes,37499,5,1.071369389446016,1,0,New
Honda,Civic Sport,2020,121212,Gasoline,1.5,Automatic CVT,White,Sport,At least 1 accident or damage reported,Yes,18387,6,0.1516916502355358,0,1,Moderate
Porsche,Panamera Platinum Edition,2022,13500,Gasoline,325.0,8-Speed A/T,Green,Black,None reported,Yes,86999,4,6.4438930449596326,1,0,New
BMW,740e xDrive iPerformance,2019,33214,Plug-In Hybrid,322.0,A/T,White,Black,None reported,Yes,43500,7,1.3096492548547343,1,0,Moderate
Ford,F-250 XLT,2017,29719,E85 Flex Fuel,385.0,A/T,White,Gray,None reported,Yes,31000,9,1.0430686406460297,0,0,Moderate
Lincoln,Corsair Standard,2022,4520,Gasoline,250.0,8-Speed A/T,Beige,Beige,None reported,Yes,38500,4,8.51581508515815,0,0,New
Hyundai,Sonata Sport,2017,84129,Gasoline,2.4,6-Speed Automatic,Phantom Black,Graphite,None reported,Yes,14599,9,0.17352906216569594,0,0,Moderate
Nissan,Maxima 3.5 SR,2019,72150,Gasoline,300.0,CVT Transmission,White,Black,At least 1 accident or damage reported,Yes,26999,7,0.37420132777092485,0,0,Moderate
GMC,Yukon SLT,2015,94500,Gasoline,355.0,A/T,White,Beige,At least 1 accident or damage reported,Yes,30000,11,0.31745695812742725,0,0,Old
Mercedes-Benz,GLS 550 Base 4MATIC,2017,88454,Gasoline,449.0,9-Speed A/T,White,Beige,None reported,Yes,39999,9,0.45219603188061724,1,0,Moderate
Cadillac,CTS Base,2010,81696,Gasoline,270.0,6-Speed A/T,Silver,Beige,At least 1 accident or damage reported,Yes,9499,16,0.11627109930597207,0,0,Old
Cadillac,CTS Base,2005,94100,Gasoline,255.0,6-Speed M/T,White,Beige,None reported,Yes,6099,21,0.06481333885931075,0,0,Very Old
Ford,Explorer Limited,2022,17500,Hybrid,318.0,10-Speed A/T,White,Black,None reported,Yes,46000,4,2.628421233072396,0,0,New
Acura,RDX,2016,132252,Gasoline,3.5,Automatic,Crystal Black,Black,None reported,Yes,18998,10,0.1436489153365141,0,1,Moderate
Toyota,Highlander XLE,2022,4437,Gasoline,295.0,Transmission w/Dual Shift Mode,Gray,Black,None reported,Yes,42000,4,9.46372239747634,0,0,New
Volkswagen,Golf GTI 2.0T SE 4-Door,2018,70500,Gasoline,220.0,Transmission w/Dual Shift Mode,White,Black,None reported,Yes,23000,8,0.3262365072835846,0,0,Moderate
Toyota,Corolla CE,2008,170000,Gasoline,126.0,A/T,Gray,Gray,None reported,Yes,5199,18,0.030582173046040904,0,1,Old
Honda,Element EX,2008,122000,Gasoline,166.0,A/T,Blue,Gray,None reported,Yes,10500,18,0.08606486832075147,0,1,Old
Toyota,Camry Solara SE,2008,57852,Gasoline,210.0,A/T,Silver,Gray,None reported,Yes,13900,18,0.2402641176775621,0,0,Old
Hyundai,Genesis 4.6,2010,120321,Gasoline,378.0,Transmission w/Dual Shift Mode,White,Beige,None reported,Yes,10500,16,0.08726583667159787,0,1,Old
BMW,325 Ci,2004,178000,Gasoline,184.0,5-Speed A/T,Blue,Brown,None reported,Yes,5750,22,0.03230318930792524,1,1,Very Old
BMW,M3 Base,2002,60255,Gasoline,333.0,6-Speed M/T,Yellow,Black,None reported,Yes,28750,24,0.47713090812533193,1,0,Very Old
Land,Rover Range Rover Sport HSE Dynamic,2019,77690,Gasoline,380.0,8-Speed A/T,White,Beige,None reported,Yes,43500,7,0.5599104143337066,1,0,Moderate
Chevrolet,Corvette ZR-1,2009,18000,Gasoline,638.0,6-Speed M/T,Gray,Black,None reported,Yes,78000,17,4.3330926059663355,0,0,Old
Honda,Prelude Type SH,2001,125000,Gasoline,200.0,5-Speed M/T,Red,Black,None reported,Yes,18000,25,0.14399884800921592,0,1,Very Old
Lexus,NX 300 Base,2021,6449,Gasoline,2.0,6-Speed Automatic,Silver,Black,At least 1 accident or damage reported,Yes,35999,5,5.581240310077519,1,0,New
Volkswagen,Golf GTI 2.0T SE 4-Door,2019,33000,Gasoline,228.0,6-Speed M/T,Black,Black,None reported,Yes,27500,7,0.8333080815732856,0,0,Moderate
Nissan,Armada LE,2009,87130,Gasoline,317.0,A/T,Brown,Black,None reported,Yes,20000,17,0.22953942913543973,0,0,Old
Lexus,SC 300 Base,1998,165000,Gasoline,225.0,A/T,Purple,Beige,None reported,Yes,8700,28,0.052726953169980786,1,1,Very Old
Toyota,Camry Solara SLE,2008,73000,Gasoline,210.0,5-Speed A/T,Blue,Beige,At least 1 accident or damage reported,Yes,11500,18,0.157532088601526,0,0,Old
Porsche,Macan S,2020,22354,Gasoline,3.0,7-Speed Automatic with Auto-Shift,Black,Black,None reported,Yes,54900,6,2.4558264370386937,1,0,Moderate
Tesla,Model Y Performance,2023,6188,Gasoline,455.0,A/T,Gray,White,None reported,Yes,53900,3,8.708999838423008,1,0,New
GMC,Terrain SLT,2019,60807,Gasoline,2.0,9-Speed Automatic,Red Quartz Tintcoat,Medium Ash Gray,At least 1 accident or damage reported,Yes,25925,7,0.42634192869359294,0,0,Moderate
Jeep,Compass Latitude,2014,105000,Gasoline,158.0,A/T,Black,Black,None reported,Yes,10950,12,0.1042847210978943,0,1,Old
Audi,Q7 3.0T Prestige,2018,63400,Gasoline,333.0,A/T,Black,Black,None reported,Yes,29900,8,0.47160139429977443,1,0,Moderate
Ford,F-250 Platinum,2022,4500,Gasoline,430.0,10-Speed A/T,Black,Black,None reported,Yes,86500,4,19.217951566318597,0,0,New
Jeep,Gladiator Overland,2020,8025,Gasoline,3.6,8-Speed Automatic,Firecracker Red Clearcoat,Black,None reported,Yes,42433,6,5.2869424370794915,0,0,Moderate
Lincoln,Navigator L Reserve,2019,49131,Gasoline,3.5,10-Speed Automatic,Tan,–,None reported,Yes,55460,7,1.1287958967678906,0,0,Moderate
Mercedes-Benz,CLS-Class CLS 400 4MATIC,2016,62285,Gasoline,329.0,7-Speed A/T,Black,Black,At least 1 accident or damage reported,Yes,29950,10,0.4808464181356966,1,0,Moderate
Lexus,RX 350 Base,2021,5040,Gasoline,295.0,8-Speed A/T,Beige,Beige,At least 1 accident or damage reported,Yes,48900,5,9.700456258678834,1,0,New
RAM,1500 Laramie,2022,12940,Gasoline,5.7,8-Speed Automatic,Bright White Clearcoat,Black,At least 1 accident or damage reported,Yes,46999,4,3.6317904335059112,0,0,New
Mitsubishi,Outlander Sport ES,2015,98385,Gasoline,166.0,CVT Transmission,Silver,Black,At least 1 accident or damage reported,Yes,10500,11,0.10672250116886549,0,0,Old
Hyundai,Sonata SE,2013,43903,Gasoline,200.0,A/T,Red,Black,At least 1 accident or damage reported,Yes,12500,13,0.28471209912536444,0,0,Old
Ford,Mustang EcoBoost Premium,2017,41650,Gasoline,310.0,A/T,Blue,Black,None reported,Yes,23600,9,0.566613046505486,0,0,Moderate
BMW,X5 PHEV xDrive45e,2022,31850,Plug-In Hybrid,389.0,Transmission w/Dual Shift Mode,White,Black,None reported,Yes,60500,4,1.8994694044143041,1,0,New
Hyundai,Sonata Hybrid Limited,2013,96419,Hybrid,199.0,6-Speed A/T,Black,Gray,At least 1 accident or damage reported,Yes,14999,13,0.15555901265297656,0,0,Old
Honda,Odyssey EX-L,2007,170000,Gasoline,244.0,A/T,Black,Beige,None reported,Yes,7700,19,0.04529385121263992,0,1,Old
Chevrolet,Colorado LT Crew Cab,2009,139000,Gasoline,300.0,A/T,Black,Black,None reported,Yes,14500,17,0.10431579628923533,0,1,Old
Buick,Enclave Premium,2016,134655,Gasoline,3.6,6-Speed Automatic,Ebony Twilight Metallic,Ebony,None reported,Yes,18051,10,0.134052697243346,0,1,Moderate
BMW,M235 i,2015,81000,Gasoline,320.0,6-Speed M/T,White,Red,None reported,Yes,27890,11,0.3443167368304095,1,0,Old
Kia,Telluride SX,2022,46347,Gasoline,3.8,8-Speed Automatic,Glacial White Pearl,Black,None reported,Yes,46120,4,0.9950806938810736,0,0,New
Chevrolet,Corvette Base,2007,4048,Gasoline,400.0,6-Speed M/T,Yellow,Gray,None reported,Yes,38000,19,9.38503334156582,0,0,Old
Mercedes-Benz,S-Class S 63 AMG,2015,79876,Gasoline,577.0,7-Speed A/T,Black,White,None reported,Yes,45750,11,0.5727556117530703,1,0,Old
Toyota,Mirai Limited,2021,44000,not supported,182.0,A/T,Gray,Black,None reported,Yes,18500,5,0.4204449898865935,0,0,New
Alfa,Romeo Giulia Ti,2017,56910,Gasoline,280.0,Transmission w/Dual Shift Mode,Blue,Black,None reported,Yes,23000,9,0.4041397972272496,0,0,Moderate
Land,Rover Range Rover Sport HSE,2019,65019,Gasoline,340.0,A/T,Black,Beige,None reported,Yes,40500,7,0.6228852660719778,1,0,Moderate
Nissan,370Z Touring,2009,133409,Gasoline,332.0,6-Speed M/T,Silver,Gray,At least 1 accident or damage reported,Yes,14999,17,0.11242785398395923,0,1,Old
BMW,330 i xDrive,2018,74381,Gasoline,248.0,8-Speed A/T,White,Brown,At least 1 accident or damage reported,Yes,22995,8,0.3091473743647657,1,0,Moderate
Porsche,Macan,2023,2925,Gasoline,2.0,7-Speed Automatic with Auto-Shift,Carrara White Metallic,Black,None reported,Yes,73300,3,25.051264524948735,1,0,New
BMW,128 i,2013,67874,Gasoline,230.0,6-Speed A/T,Gray,Black,None reported,Yes,18000,13,0.26519337016574585,1,0,Old
Mercedes-Benz,AMG GLE 63 S Coupe 4MATIC,2018,71500,Gasoline,577.0,7-Speed A/T,White,White,None reported,Yes,61000,8,0.8531349211899134,1,0,Moderate
Jeep,Wrangler Sport,2014,71000,Gasoline,285.0,5-Speed A/T,Gray,Black,None reported,Yes,22000,12,0.3098547907775947,0,0,Old
Ford,F-150 Raptor,2018,64517,Gasoline,450.0,10-Speed A/T,Black,Black,None reported,Yes,47995,8,0.7439009268731207,0,0,Moderate
Dodge,Sprinter 2500 High Roof,2004,55000,Diesel,154.0,A/T,White,Gray,None reported,Yes,24000,22,0.43635570262358864,0,0,Very Old
BMW,M550 i xDrive,2019,7580,Gasoline,456.0,Transmission w/Dual Shift Mode,Black,Black,None reported,Yes,51500,7,6.79329903706635,1,0,Moderate
Hyundai,Sonata GLS,2010,135000,Gasoline,168.0,Transmission w/Dual Shift Mode,Blue,Gray,None reported,Yes,3999,16,0.029622002799979258,0,1,Old
Honda,Accord EX-L,2019,62200,Gasoline,192.0,A/T,White,Black,At least 1 accident or damage reported,Yes,21500,7,0.34565360685519525,0,0,Moderate
Cadillac,CTS 3.6L Premium,2014,69001,Gasoline,321.0,6-Speed A/T,Red,Black,None reported,Yes,19500,12,0.2826005043332077,0,0,Old
Toyota,4Runner Venture Special Edition,2021,28567,Gasoline,4.0,Automatic,–,Black/Graphite,None reported,Yes,44775,5,1.5673130775693083,0,0,New
Jaguar,XJ8 L,2006,78049,Gasoline,300.0,6-Speed A/T,White,Beige,None reported,Yes,13980,20,0.17911595131326072,1,0,Old
Ford,F-150 Lariat,2021,36821,Gasoline,3.5,Automatic,Agate Black Metallic,Black,None reported,Yes,49273,5,1.338140242246483,0,0,New
Chevrolet,Suburban High Country,2021,23292,Gasoline,420.0,10-Speed A/T,Brown,Black,None reported,Yes,73500,5,3.155454428369038,0,0,New
Chevrolet,Suburban 1500 LTZ,2010,162671,E85 Flex Fuel,320.0,A/T,Black,Black,None reported,Yes,12000,16,0.07376807317792859,0,1,Old
Land,Rover LR2 HSE,2010,100472,Gasoline,230.0,6-Speed A/T,Gray,Beige,None reported,Yes,9975,16,0.09928040369054372,1,1,Old
Subaru,WRX Limited,2017,73120,Gasoline,268.0,CVT Transmission,White,Black,At least 1 accident or damage reported,Yes,19950,9,0.2728354371521177,0,0,Moderate
Ford,Expedition Timberline,2022,23300,Gasoline,440.0,10-Speed A/T,Green,Green,None reported,Yes,67500,4,2.8968713789107765,0,0,New
Honda,Clarity Plug-In Hybrid Base,2018,71000,Plug-In Hybrid,212.0,A/T,Red,Beige,At least 1 accident or damage reported,Yes,17500,8,0.24647540175490487,0,0,Moderate
RAM,3500 Laramie,2022,16648,Diesel,6.7,6-Speed Automatic,Flame Red Clearcoat,Black,None reported,Yes,70999,4,4.264460327947624,0,0,New
Lexus,RX 450h Base,2013,119755,Hybrid,295.0,Transmission w/Dual Shift Mode,Silver,Black,None reported,Yes,19500,13,0.16283108988276163,1,1,Old
Mercedes-Benz,M-Class ML 350 4MATIC,2015,88000,E85 Flex Fuel,302.0,A/T,Silver,Gray,None reported,Yes,19500,11,0.22158839104101088,1,0,Old
BMW,X5 xDrive40i,2021,41000,Hybrid,335.0,8-Speed A/T,White,Black,None reported,Yes,50000,5,1.219482451647521,1,0,New
Chevrolet,Camaro 2SS,2022,7458,Gasoline,455.0,6-Speed M/T,Red,Black,None reported,Yes,47500,4,6.368145864056844,0,0,New
Jeep,Gladiator Sport S,2022,23000,Gasoline,285.0,A/T,Green,Black,None reported,Yes,43000,4,1.869483935481066,0,0,New
Land,Rover Discovery LSE,1998,149437,Gasoline,182.0,A/T,Green,Beige,None reported,Yes,9995,28,0.06688392510606406,1,1,Very Old
RAM,1500 Rebel,2019,46000,Hybrid,305.0,8-Speed A/T,White,–,None reported,Yes,37900,7,0.8238951327145062,0,0,Moderate
Audi,Q5 S line Premium Plus,2022,13133,Hybrid,2.0,Automatic,Silver,Black,None reported,Yes,42998,4,3.2737932084665755,1,0,New
RAM,1500 SLT,2017,45000,Gasoline,395.0,A/T,Black,Gray,None reported,Yes,29999,9,0.6666296304526567,0,0,Moderate
Mazda,CX-30 Premium Package,2021,18385,Gasoline,2.5,6-Speed Automatic,Soul Red Crystal Metallic,White / Brown,None reported,Yes,29255,5,1.5911563145871859,0,0,New
BMW,840 Gran Coupe i xDrive,2020,25793,Gasoline,3.0,8-Speed Automatic,Black Sapphire Metallic,Black,None reported,Yes,52999,6,2.0547026440257423,1,0,Moderate
Porsche,Boxster S,2005,44400,Gasoline,280.0,6-Speed M/T,Silver,Black,None reported,Yes,29800,21,0.6711560550438053,1,0,Very Old
Chevrolet,Malibu Limited LT,2016,104000,Gasoline,2.5,6-Speed A/T,Silver,Gray,None reported,Yes,10500,10,0.10096056768684916,0,1,Moderate
MINI,Cooper S Base,2007,45000,Gasoline,172.0,6-Speed M/T,Yellow,Black,None reported,Yes,7900,19,0.17555165440767984,0,0,Old
Jeep,Gladiator Mojave,2022,24500,Gasoline,285.0,8-Speed A/T,Blue,Black,None reported,Yes,64000,4,2.612138280070201,0,0,New
Buick,Encore GX Essence,2020,35569,Gasoline,1.3,Automatic CVT,Satin Steel Metallic,Ebony,None reported,Yes,21999,6,0.6184706213100928,0,0,Moderate
Toyota,Highlander XLE,2020,35000,Gasoline,295.0,A/T,Silver,Black,None reported,Yes,36999,6,1.0570840833119053,0,0,Moderate
Acura,MDX Touring,2003,165000,Gasoline,260.0,A/T,Silver,Black,At least 1 accident or damage reported,Yes,4000,23,0.024242277319531397,0,1,Very Old
Land,Rover Range Rover Sport SE MHEV,2021,15000,Hybrid,355.0,A/T,Black,Black,None reported,Yes,69000,5,4.599693353776415,1,0,New
BMW,535 i xDrive,2014,119750,Gasoline,300.0,8-Speed A/T,White,Beige,None reported,Yes,15499,12,0.1294268941386711,1,1,Old
Nissan,350Z Touring,2007,90000,Gasoline,306.0,M/T,White,Green,At least 1 accident or damage reported,Yes,12000,19,0.13333185186831256,0,0,Old
Ford,Transit Connect XLT,2015,112000,Gasoline,169.0,A/T,White,Black,At least 1 accident or damage reported,Yes,14500,11,0.12946312979348398,0,1,Old
Mercedes-Benz,SL-Class SL550 Roadster,2008,150000,Gasoline,382.0,7-Speed A/T,Black,Beige,None reported,Yes,16800,18,0.11199925333831108,1,1,Old
Hyundai,Sonata Sport 2.0T,2015,82900,Gasoline,245.0,A/T,Black,Black,At least 1 accident or damage reported,Yes,13995,11,0.16881581645577254,0,0,Old
Audi,TT 1.8T,2004,79500,Gasoline,180.0,A/T,Silver,Black,None reported,Yes,12000,22,0.15094149759122527,1,0,Very Old
Volvo,XC90 T6 Inscription,2019,60000,Gasoline,316.0,8-Speed A/T,White,Black,None reported,Yes,37000,7,0.6166563890601823,0,0,Moderate
RAM,1500 Big Horn,2021,41800,Diesel,260.0,8-Speed A/T,White,Black,None reported,Yes,44900,5,1.074136982368843,0,0,New
Chevrolet,Tahoe LT,2021,71536,Gasoline,5.3,10-Speed Automatic,Black,Jet Black,None reported,Yes,49685,5,0.6945356948152704,0,0,New
Ford,Explorer XLT,2014,127558,Gasoline,3.5,6-Speed Automatic,Green,Charcoal Black,None reported,Yes,13715,12,0.10751887361926638,0,1,Old
Ford,Mustang Mach-E Premium,2023,13232,Gasoline,346.0,1-Speed A/T,Gray,Black,None reported,Yes,45000,3,3.4005894355021535,0,0,New
Chevrolet,Camaro 1SS,2017,39000,Gasoline,455.0,8-Speed A/T,Yellow,Black,None reported,Yes,31500,9,0.8076715981641497,0,0,Moderate
Ford,Bronco Big Bend Advanced,2023,11500,Gasoline,315.0,10-Speed A/T,Gray,Black,None reported,Yes,54490,3,4.737848882705852,0,0,New
Chrysler,Pacifica Launch Edition,2020,22200,Gasoline,287.0,9-Speed A/T,Black,Black,None reported,Yes,36800,6,1.657582991757128,0,0,Moderate
Tesla,Model Y Long Range,2023,7414,Gasoline,425.0,A/T,Black,White,None reported,Yes,56515,3,7.621712744436952,1,0,New
RAM,1500 Rebel,2021,32000,Hybrid,395.0,8-Speed A/T,White,Black,None reported,Yes,50927,5,1.5914190181556827,0,0,New
Toyota,86 Base,2020,14700,Gasoline,200.0,A/T,White,Black,None reported,Yes,27350,6,1.860417658662676,0,0,Moderate
BMW,X5 xDrive50i,2016,79995,Gasoline,445.0,Transmission w/Dual Shift Mode,Black,Black,None reported,Yes,23995,10,0.29995249762488124,1,0,Moderate
GMC,Yukon Denali,2018,76000,Gasoline,420.0,A/T,Black,Black,None reported,Yes,44500,8,0.5855186115972159,0,0,Moderate
Honda,Accord EX-L,2014,62000,Gasoline,185.0,CVT Transmission,Gray,Black,At least 1 accident or damage reported,Yes,18987,12,0.306236996177481,0,0,Old
Maserati,Ghibli S Q4,2017,53500,Gasoline,404.0,8-Speed A/T,Gray,Black,None reported,Yes,28700,9,0.5364385712416591,1,0,Moderate
Hyundai,Kona EV SEL,2022,9400,Gasoline,201.0,1-Speed A/T,Red,Black,None reported,Yes,31999,4,3.4037868311881714,0,0,New
BMW,435 i,2014,86500,Gasoline,300.0,A/T,Silver,Black,None reported,Yes,20900,12,0.24161570386469522,1,0,Old
Mercedes-Benz,GL-Class GL 450,2011,148000,Gasoline,335.0,A/T,Black,Black,At least 1 accident or damage reported,Yes,9900,15,0.06689143992270323,1,1,Old
GMC,Sierra 1500 SLE,2014,100080,E85 Flex Fuel,285.0,6-Speed A/T,White,Gray,None reported,Yes,22989,12,0.22970393980875492,0,1,Old
BMW,X5 PHEV xDrive45e,2023,3099,Plug-In Hybrid,389.0,8-Speed A/T,Black,Black,None reported,Yes,74995,3,24.191935483870967,1,0,New
Dodge,Durango R/T,2020,78000,Gasoline,360.0,8-Speed A/T,Black,Red,At least 1 accident or damage reported,Yes,29500,6,0.37820027948359636,0,0,Moderate
Ford,Bronco Sport Big Bend,2022,16700,Gasoline,181.0,8-Speed A/T,Blue,Black,None reported,Yes,31000,4,1.8561762768696486,0,0,New
Honda,Civic LX,2015,51300,Gasoline,143.0,5-Speed M/T,Black,Black,None reported,Yes,17500,11,0.3411239546987388,0,0,Old
Ford,Shelby GT350 Base,2018,8237,Gasoline,526.0,6-Speed M/T,Gray,Black,None reported,Yes,62900,8,7.6353483855304685,0,0,Moderate
Volkswagen,Jetta S,2010,99000,Gasoline,170.0,A/T,Gray,Black,At least 1 accident or damage reported,Yes,6000,16,0.060605448429813844,0,0,Old
Mazda,CX-5 Grand Touring,2021,62377,Gasoline,2.5,6-Speed Automatic,Jet Black Mica,Black,None reported,Yes,26288,5,0.4214306325948251,0,0,New
Jeep,Wrangler Rubicon,2009,130000,Gasoline,202.0,6-Speed M/T,Black,Gray,None reported,Yes,15500,17,0.11922985207806094,0,1,Old
Ford,F-250 XLT,2016,94300,E85 Flex Fuel,385.0,6-Speed A/T,Silver,Gray,At least 1 accident or damage reported,Yes,28999,10,0.30751529676249456,0,0,Moderate
Tesla,Model Y Performance,2022,24115,Gasoline,455.0,A/T,Gray,White,None reported,Yes,46500,4,1.928180461104661,1,0,New
BMW,528 i,2016,82000,Gasoline,240.0,8-Speed A/T,Silver,Black,At least 1 accident or damage reported,Yes,16995,10,0.2072535700784137,1,0,Moderate
Kia,Rio S,2021,67686,Gasoline,120.0,A/T,Silver,Black,None reported,Yes,15700,5,0.23195000517085998,0,0,New
Tesla,Model S 85,2014,96800,Gasoline,362.0,A/T,Blue,Black,None reported,Yes,28450,12,0.2939019225008006,1,0,Old
Jeep,Wrangler Sport,1997,131000,Gasoline,181.0,5-Speed M/T,Green,Gray,At least 1 accident or damage reported,Yes,5500,29,0.041984412332730286,0,1,Very Old
Tesla,Model 3 Standard Range,2020,23097,Gasoline,271.0,A/T,Black,Black,None reported,Yes,29900,6,1.294484370941207,1,0,Moderate
BMW,X5 M50i,2021,28898,Gasoline,523.0,A/T,Black,Orange,None reported,Yes,71000,5,2.4568324163465864,1,0,New
Mazda,MX-5 Miata RF Club,2022,7250,Gasoline,181.0,6-Speed M/T,Gray,Black,None reported,Yes,35619,4,4.912287960281341,0,0,New
Ford,F-250 XLT,2014,59459,Diesel,400.0,6-Speed A/T,Black,Silver,At least 1 accident or damage reported,Yes,40999,12,0.6895223679784729,0,0,Old
Jeep,Wrangler Sahara,2012,78000,Gasoline,285.0,5-Speed A/T,Beige,Black,At least 1 accident or damage reported,Yes,22000,14,0.2820476660555634,0,0,Old
RAM,1500 Laramie,2021,24213,Gasoline,395.0,8-Speed A/T,White,Black,None reported,Yes,46500,5,1.9203766416122905,0,0,New
RAM,1500 Laramie,2020,21165,Gasoline,5.7,8-Speed Automatic,Bright White Clearcoat,Black,None reported,Yes,46105,6,2.178257582915997,0,0,Moderate
GMC,Yukon Denali,2016,107750,Gasoline,420.0,8-Speed A/T,Black,Black,None reported,Yes,35500,10,0.32946329964455084,0,1,Moderate
Ford,F-150 Lariat,2016,117000,Gasoline,365.0,A/T,White,Black,None reported,Yes,26500,10,0.22649379065136196,0,1,Moderate
Chevrolet,Corvette Base,2006,39132,Gasoline,400.0,Transmission w/Dual Shift Mode,Red,Beige,None reported,Yes,35000,20,0.894385812485626,0,0,Old
BMW,Z4 2.5i,2004,94500,Gasoline,184.0,5-Speed M/T,Gray,Black,None reported,Yes,9000,22,0.09523708743822816,1,0,Very Old
Subaru,Crosstrek 2.0i Premium,2017,50011,Gasoline,148.0,A/T,Red,Beige,At least 1 accident or damage reported,Yes,21495,9,0.4297968487562985,0,0,Moderate
RAM,1500 Laramie,2022,16616,Gasoline,5.7,8-Speed Automatic,Diamond Black,Black,None reported,Yes,45999,4,2.7681892038274056,0,0,New
Ford,F-150 XLT,2022,33818,Gasoline,5.0,Automatic,Agate Black Metallic,Black,None reported,Yes,46552,4,1.3765043318844437,0,0,New
Jeep,Wagoneer Series III,2022,9099,Gasoline,5.7,8-Speed Automatic,Velvet Red Pearlcoat,Global Black,None reported,Yes,68362,4,7.512307692307692,0,0,New
Volkswagen,GTI Base,2008,95798,Gasoline,200.0,6-Speed M/T,White,Black,None reported,Yes,9850,18,0.10281944487938287,0,0,Old
Mercedes-Benz,AMG GLE AMG GLE 63 S-Model 4MATIC,2016,35943,Gasoline,577.0,7-Speed A/T,Black,White,None reported,Yes,51700,10,1.4383485421767193,1,0,Moderate
Mazda,Mazda6 iSport VE,2008,106000,Gasoline,156.0,5-Speed A/T,Black,Beige,None reported,Yes,4300,18,0.04056565504099018,0,1,Old
Kia,Telluride EX X-Line,2023,10400,Gasoline,291.0,8-Speed A/T,Green,Green,None reported,Yes,48000,3,4.61494087107009,0,0,New
Chevrolet,Tahoe LT,2022,2894,Gasoline,355.0,10-Speed A/T,Blue,Beige,None reported,Yes,63900,4,22.072538860103627,0,0,New
Dodge,Durango GT,2022,15592,Gasoline,3.6,8-Speed Automatic,DB Black Clearcoat,Black,None reported,Yes,39985,4,2.564291669338806,0,0,New
Mercedes-Benz,AMG C 63 Base,2020,33548,Gasoline,469.0,9-Speed A/T,Silver,Black,None reported,Yes,57999,6,1.7287847625860682,1,0,Moderate
BMW,320 i xDrive,2016,185000,Gasoline,180.0,8-Speed A/T,Black,Beige,At least 1 accident or damage reported,Yes,7500,10,0.04054032140366809,1,1,Moderate
Porsche,Macan GTS,2023,6483,Gasoline,2.9,7-Speed Automatic with Auto-Shift,Chalk,Black,None reported,Yes,96900,3,14.944478716841456,1,0,New
Honda,Pilot EX-L,2020,28886,Gasoline,3.5,6-Speed Automatic,Gray,Gray,None reported,Yes,35645,6,1.233946065704296,0,0,Moderate
Mercedes-Benz,GLE 350 Base,2020,26293,Gasoline,2.0,Automatic,designo Diamond White Bright,Macchiato/Magmagrey,None reported,Yes,49998,6,1.901498440708907,1,0,Moderate
Chevrolet,Camaro 2SS,2017,62000,Gasoline,455.0,Transmission w/Dual Shift Mode,Blue,Black,None reported,Yes,34500,9,0.5564426380219674,0,0,Moderate
Jaguar,XF 35t Prestige,2017,101453,Gasoline,340.0,A/T,White,Beige,At least 1 accident or damage reported,Yes,18500,9,0.18234865061998543,1,1,Moderate
RAM,3500 Laramie,2013,106385,Diesel,385.0,6-Speed A/T,White,Black,At least 1 accident or damage reported,Yes,42900,13,0.40324854774124413,0,1,Old
BMW,335 is,2012,86629,Gasoline,320.0,7-Speed A/T,White,Red,None reported,Yes,20995,14,0.2423525337642849,1,0,Old
Audi,S6 4.0T Premium Plus,2018,61258,Gasoline,450.0,7-Speed A/T,White,Black,None reported,Yes,49999,8,0.8161902740821757,1,0,Moderate
Chrysler,300 S,2014,121500,Gasoline,363.0,5-Speed A/T,Blue,Black,None reported,Yes,15999,12,0.13167792857671953,0,1,Old
GMC,Sierra 1500 AT4,2022,100,Diesel,277.0,10-Speed A/T,White,Black,None reported,Yes,62499,4,618.8019801980198,0,0,New
Chrysler,200 C,2015,170000,E85 Flex Fuel,295.0,9-Speed A/T,Silver,Black,At least 1 accident or damage reported,Yes,5995,11,0.035264498444126796,0,1,Old
MINI,Cooper S Base,2006,95000,Gasoline,168.0,6-Speed M/T,Gray,–,None reported,Yes,12500,20,0.13157756234144904,0,0,Old
Toyota,Venza XLE,2013,103466,Gasoline,268.0,A/T,White,Gray,At least 1 accident or damage reported,Yes,14200,13,0.13724182589617945,0,1,Old
Toyota,Camry Hybrid Base,2011,133121,Hybrid,147.0,A/T,White,White,At least 1 accident or damage reported,Yes,7900,15,0.05934406033563198,0,1,Old
Chevrolet,Tahoe LT,2012,162731,E85 Flex Fuel,320.0,A/T,Brown,Gray,None reported,Yes,14500,14,0.08910355676818327,0,1,Old
Mercedes-Benz,CLS-Class CLS 63 AMG S-Model 4MATIC,2014,64500,Gasoline,577.0,7-Speed A/T,Silver,Black,None reported,Yes,37500,12,0.5813863350955799,1,0,Old
Porsche,Macan S,2015,80300,Gasoline,340.0,7-Speed A/T,Gray,Beige,None reported,Yes,23999,11,0.2988630278576855,1,0,Old
Ford,F-150 XLT SuperCab,2004,187000,Gasoline,300.0,A/T,Beige,Beige,None reported,Yes,6299,22,0.03368431184859974,0,1,Very Old
Subaru,Outback 2.5 i Special Edition,2009,181870,Gasoline,169.0,A/T,Black,Black,None reported,Yes,6500,17,0.03573961764107527,0,1,Old
GMC,Sierra 2500 AT4,2022,22600,Diesel,6.6,Automatic,Ebony Twilight Metallic,Jet Black,None reported,Yes,76740,4,3.3954249811955224,0,0,New
BMW,X5 xDrive40i,2020,37000,Gasoline,335.0,8-Speed A/T,Black,Black,At least 1 accident or damage reported,Yes,50000,6,1.351314829328937,1,0,Moderate
Porsche,Taycan Base,2022,9728,Gasoline,375.0,A/T,White,Beige,None reported,Yes,89000,4,9.147908315345873,1,0,New
Lexus,GX 470 Base,2006,152000,Gasoline,263.0,A/T,Blue,Gray,At least 1 accident or damage reported,Yes,13995,20,0.0920717626857718,1,1,Old
Ford,F-150 Heritage XL SuperCab Flareside,2004,60260,Gasoline,380.0,4-Speed A/T,Blue,Gray,At least 1 accident or damage reported,Yes,30500,22,0.5061316606096812,0,0,Very Old
Mazda,MazdaSpeed Miata MX-5 Base,2004,33362,Gasoline,178.0,6-Speed M/T,Silver,Black,At least 1 accident or damage reported,Yes,17599,22,0.5275005245331655,0,0,Very Old
GMC,Acadia Denali,2021,47907,Gasoline,3.6,9-Speed Automatic,Ebony Twilight Metallic,Jet Black,None reported,Yes,38436,5,0.802287718126409,0,0,New
Mercedes-Benz,Metris Base,2016,17340,Gasoline,208.0,A/T,White,Black,None reported,Yes,29000,10,1.6723372354535493,1,0,Moderate
Ford,Expedition EL XLT,2011,195500,E85 Flex Fuel,310.0,6-Speed A/T,White,Beige,None reported,Yes,8999,15,0.046030455087186256,0,1,Old
Chevrolet,Monte Carlo SS,2000,74000,Gasoline,200.0,4-Speed A/T,Red,–,None reported,Yes,4700,26,0.06351265523438872,0,0,Very Old
RAM,1500 Big Horn,2015,140500,Gasoline,395.0,8-Speed A/T,Red,Gray,At least 1 accident or damage reported,Yes,14000,11,0.09964341890805048,0,1,Old
Lexus,IS-F Base,2010,77400,Gasoline,416.0,8-Speed A/T,White,Red,At least 1 accident or damage reported,Yes,34500,16,0.4457306753142724,1,0,Old
Ford,Utility Police Interceptor Base,2017,118000,Gasoline,365.0,6-Speed A/T,Black,Black,None reported,Yes,15000,9,0.12711756680028136,0,1,Moderate
Cadillac,Escalade ESV Luxury,2016,146200,Gasoline,420.0,8-Speed A/T,White,Beige,None reported,Yes,24500,10,0.16757751314970487,0,1,Moderate
Tesla,Model Y Performance,2020,39000,Gasoline,455.0,1-Speed A/T,Silver,Black,None reported,Yes,43000,6,1.1025358324145536,1,0,Moderate
Chevrolet,Avalanche 1500 LS,2005,130000,E85 Flex Fuel,295.0,A/T,Red,Gray,None reported,Yes,7200,21,0.0553841893523896,0,1,Very Old
Ford,F-150 Lariat,2021,33080,Gasoline,325.0,10-Speed A/T,White,Black,None reported,Yes,47850,5,1.4464496236510385,0,0,New
Mercedes-Benz,GLB 250 Base 4MATIC,2023,1219,Gasoline,2.0,Automatic,Midnight Black,Classic Red,None reported,Yes,46479,3,38.09754098360656,1,0,New
Jeep,Wrangler Sport,2016,41000,Gasoline,285.0,5-Speed A/T,White,Black,None reported,Yes,25000,10,0.6097412258237604,0,0,Moderate
Nissan,350Z Touring,2004,110897,Gasoline,287.0,6-Speed M/T,Black,Orange,At least 1 accident or damage reported,Yes,11500,22,0.10369889447961189,0,1,Very Old
Chevrolet,Corvette Z06,2016,49000,Gasoline,650.0,7-Speed M/T,Orange,–,None reported,Yes,75000,10,1.530581008550846,0,0,Moderate
Pontiac,Solstice GXP,2007,47000,Gasoline,260.0,5-Speed M/T,Black,Black,None reported,Yes,13300,19,0.28297270270845304,0,0,Old
Hyundai,Sonata SE,2018,57690,Gasoline,185.0,A/T,Gray,Gray,At least 1 accident or damage reported,Yes,15900,8,0.2756062470749337,0,0,Moderate
Lincoln,Navigator Reserve,2018,54000,Gasoline,450.0,10-Speed A/T,Brown,Orange,At least 1 accident or damage reported,Yes,46500,8,0.8610951649043537,0,0,Moderate
Nissan,Maxima SL,2007,101600,Gasoline,255.0,A/T,Silver,Black,None reported,Yes,6700,19,0.06594423283235401,0,1,Old
Ford,Ranger XLT,2021,89000,Gasoline,270.0,10-Speed A/T,Black,Black,None reported,Yes,34000,5,0.3820181795710161,0,0,New
Jaguar,XE 35t Premium,2017,55000,Gasoline,340.0,A/T,Gray,Black,None reported,Yes,25000,9,0.45453719023290484,1,0,Moderate
Lincoln,MKZ Reserve,2017,71964,Gasoline,240.0,6-Speed A/T,Blue,Black,None reported,Yes,18750,9,0.2605433196692837,0,0,Moderate
Cadillac,Escalade ESV Platinum,2020,92000,Gasoline,420.0,A/T,Black,Black,None reported,Yes,50000,6,0.5434723535613744,0,0,Moderate
Ford,Fusion SE,2012,160000,E85 Flex Fuel,240.0,A/T,Gray,Black,None reported,Yes,4500,14,0.028124824219848625,0,1,Old
Mercedes-Benz,E-Class E 350,2012,95816,Gasoline,302.0,7-Speed A/T,White,Beige,None reported,Yes,12000,14,0.12523873634115032,1,0,Old
Jeep,Wrangler Unlimited Sport,2014,132600,Gasoline,285.0,5-Speed A/T,White,–,At least 1 accident or damage reported,Yes,17000,12,0.1282041613562492,0,1,Old
Jeep,Wrangler Sport,2010,149460,Gasoline,202.0,4-Speed A/T,Black,Black,None reported,Yes,10700,16,0.07159058215855642,0,1,Old
Jeep,Wrangler Sport,2011,109646,Gasoline,3.8,4-Speed Automatic,Mango Tango Pearlcoat,Black,None reported,Yes,16998,15,0.15502476127937836,0,1,Old
Acura,MDX 3.5L w/Technology Package,2019,90605,Gasoline,3.5,Automatic,White,Parchment,None reported,Yes,27698,7,0.3056971944462839,0,0,Moderate
Volkswagen,Jetta 1.4T S,2019,59000,Gasoline,147.0,A/T,Gray,Black,None reported,Yes,17000,7,0.288130709648989,0,0,Moderate
Chevrolet,Camaro Z28,2002,48000,Gasoline,310.0,A/T,White,Black,None reported,Yes,21999,24,0.45830295202183285,0,0,Very Old
Chevrolet,Corvette Z06,2016,41500,Gasoline,650.0,7-Speed M/T,White,Black,None reported,Yes,66000,10,1.590323124743982,0,0,Moderate
Porsche,Cayman R,2012,54000,Gasoline,330.0,7-Speed A/T,Black,Gray,None reported,Yes,75000,14,1.3888631692005704,1,0,Old
Porsche,Cayenne Base,2018,70455,Gasoline,300.0,8-Speed A/T,White,Black,None reported,Yes,45855,8,0.650831724764392,1,0,Moderate
Subaru,Crosstrek 2.0i Limited,2018,84054,Gasoline,152.0,CVT Transmission,Gray,Black,None reported,Yes,21499,8,0.25577300577003154,0,0,Moderate
BMW,750 Li,2007,114528,Gasoline,360.0,A/T,Black,Black,None reported,Yes,9000,19,0.07858271704109876,1,1,Old
Jeep,Wrangler Sahara,2013,111850,Gasoline,285.0,A/T,Red,Black,At least 1 accident or damage reported,Yes,26500,13,0.23692233417671724,0,1,Old
GMC,Sierra 2500 AT4,2020,52673,Diesel,445.0,6-Speed A/T,Black,Beige,None reported,Yes,69500,6,1.3194365341534724,0,0,Moderate
BMW,X3 M AWD,2021,31500,Gasoline,473.0,8-Speed A/T,Black,Black,None reported,Yes,54500,5,1.7301038062283738,1,0,New
BMW,335 i,2011,73000,Gasoline,300.0,Transmission w/Dual Shift Mode,Red,Beige,None reported,Yes,16000,15,0.21917507979342749,1,0,Old
Jeep,Wrangler Unlimited Sahara,2019,59692,Gasoline,285.0,8-Speed A/T,Gray,Black,None reported,Yes,35900,7,0.60141055065083,0,0,Moderate
Toyota,Corolla S Plus,2016,68364,Gasoline,132.0,Transmission w/Dual Shift Mode,White,Black,None reported,Yes,16000,10,0.23403788488261537,0,0,Moderate
Land,Rover Discovery HSE LUXURY,2017,47200,Gasoline,340.0,8-Speed A/T,Black,Beige,At least 1 accident or damage reported,Yes,29000,9,0.6143937628440076,1,0,Moderate
Mercedes-Benz,E-Class E 450 4MATIC,2021,18000,Hybrid,362.0,9-Speed A/T,Gray,Black,At least 1 accident or damage reported,Yes,62000,5,3.4442530970501637,1,0,New
Ford,Fusion Hybrid Base,2012,158366,Hybrid,191.0,A/T,Gray,Black,At least 1 accident or damage reported,Yes,8250,14,0.05209418628881017,0,1,Old
BMW,X1 xDrive 28i,2017,49700,Gasoline,228.0,8-Speed A/T,Blue,Black,None reported,Yes,26000,9,0.5231283072775196,1,0,Moderate
GMC,Terrain SLE,2010,81500,Gasoline,182.0,A/T,Brown,Gray,None reported,Yes,12250,16,0.15030490423430387,0,0,Old
BMW,i3 120Ah w/Range Extender,2019,16975,Gasoline,170.0,A/T,Black,Black,None reported,Yes,26990,7,1.5898916116870876,1,0,Moderate
Ford,Mustang SVT Cobra,2003,16100,Gasoline,390.0,M/T,Red,Beige,None reported,Yes,35500,23,2.204831998012546,0,0,Very Old
Land,Rover Range Rover Supercharged LWB,2020,54225,Gasoline,518.0,A/T,White,White,None reported,Yes,67500,6,1.2447903219857632,1,0,Moderate
RAM,2500 Big Horn,2016,89500,Gasoline,410.0,A/T,Black,Gray,None reported,Yes,35000,10,0.391057083161082,0,0,Moderate
Ford,E250 Cargo,2013,87501,E85 Flex Fuel,225.0,4-Speed A/T,White,Gray,At least 1 accident or damage reported,Yes,17777,13,0.2031610706041005,0,0,Old
MINI,Countryman Cooper S ALL4,2018,12370,Gasoline,189.0,8-Speed A/T,Blue,Black,None reported,Yes,28900,8,2.336108641176946,0,0,Moderate
RAM,1500 Classic Tradesman,2019,12466,Gasoline,395.0,8-Speed A/T,Gray,Gray,None reported,Yes,28995,7,2.32573995347718,0,0,Moderate
Volvo,C70 T5,2011,199000,Gasoline,227.0,Transmission w/Dual Shift Mode,Red,Beige,At least 1 accident or damage reported,Yes,5500,15,0.0276380520700901,0,1,Old
Mercedes-Benz,SL-Class SL600 Roadster,2007,78200,Gasoline,510.0,5-Speed A/T,Black,Brown,At least 1 accident or damage reported,Yes,22999,19,0.29410109845142646,1,0,Old
Toyota,Camry Hybrid XLE,2018,22000,Hybrid,208.0,A/T,White,Beige,None reported,Yes,29500,8,1.3408481432662152,0,0,Moderate
GMC,Acadia SLE-2,2016,100795,Gasoline,3.6,6-Speed Automatic,White Frost Tri-Coat,Ebony,At least 1 accident or damage reported,Yes,12995,10,0.1289237668161435,0,1,Moderate
Chevrolet,Impala 1LT,2019,99941,Gasoline,3.6,6-Speed Automatic,Silver Ice Metallic,Jet Black,None reported,Yes,17816,7,0.17826339276780534,0,0,Moderate
Jeep,Grand Cherokee L Laredo,2021,23588,Gasoline,3.6,8-Speed Automatic,Metallic,Global Black,None reported,Yes,38633,5,1.6377548857518336,0,0,New
Jeep,Liberty Sport,2003,103000,Gasoline,210.0,A/T,Black,Gray,None reported,Yes,5200,23,0.05048494674808982,0,1,Very Old
Jaguar,XF Luxury,2009,91491,Gasoline,300.0,6-Speed A/T,Blue,Beige,None reported,Yes,7000,17,0.07650942158877279,1,0,Old
Honda,Civic Sport,2020,23131,Gasoline,2.0,Automatic CVT,Crystal Black Pearl,Black,At least 1 accident or damage reported,Yes,23739,6,1.026240705516168,0,0,Moderate
Subaru,Outback 2.5i Premium,2019,77000,Gasoline,175.0,CVT Transmission,Gray,Gray,At least 1 accident or damage reported,Yes,18749,7,0.2434903442812431,0,0,Moderate
Land,Rover Range Rover Sport HSE Dynamic,2019,20500,Gasoline,380.0,A/T,White,White,None reported,Yes,76000,7,3.7071362372567194,1,0,Moderate
Tesla,Model Y Long Range,2022,500,Gasoline,425.0,A/T,White,Black,None reported,Yes,45900,4,91.61676646706587,1,0,New
Lexus,ES 350 Base,2019,49810,Gasoline,302.0,8-Speed A/T,Gray,Black,At least 1 accident or damage reported,Yes,33900,7,0.6805725642930276,1,0,Moderate
Honda,CR-V Touring,2022,20229,Gasoline,1.5,Automatic CVT,Black,Black,None reported,Yes,36727,4,1.8154720711814138,0,0,New
Alfa,Romeo Giulia Quadrifoglio,2021,10558,Gasoline,505.0,8-Speed A/T,White,Black,None reported,Yes,75000,5,7.102945354673738,0,0,New
BMW,330 i,2005,59300,Gasoline,225.0,M/T,Red,Black,None reported,Yes,30900,21,0.5210704709869985,1,0,Very Old
Maybach,Type 57 Base,2004,34254,Gasoline,543.0,5-Speed A/T,Brown,–,None reported,Yes,64250,22,1.875638592906145,0,0,Very Old
Lexus,ES 250 Base,2021,24364,Gasoline,2.5,Automatic,Eminent White Pearl,Chateau,None reported,Yes,37998,5,1.5595321157397908,1,0,New
Mercedes-Benz,Sprinter 2500,2016,139200,Diesel,161.0,A/T,White,Black,At least 1 accident or damage reported,Yes,22000,10,0.15804484163188484,1,1,Moderate
Mercedes-Benz,E-Class E 350,2012,82046,Gasoline,302.0,7-Speed A/T,Black,Beige,None reported,Yes,13999,14,0.1706217168208466,1,0,Old
RAM,1500 Tradesman/Express,2017,26269,E85 Flex Fuel,3.6,8-Speed Automatic,Bright White Clearcoat,Black,At least 1 accident or damage reported,Yes,25307,9,0.9633422154548915,0,0,Moderate
Mazda,CX-9 Touring,2016,127131,Gasoline,227.0,A/T,Brown,–,At least 1 accident or damage reported,Yes,16770,10,0.1319101406412233,0,1,Moderate
BMW,X3 xDrive30i,2021,27000,Gasoline,248.0,8-Speed A/T,Black,Brown,None reported,Yes,38400,5,1.4221695492759527,1,0,New
Jeep,Grand Cherokee Limited,2015,93400,E85 Flex Fuel,290.0,A/T,White,Black,None reported,Yes,18900,11,0.20235329386195008,0,0,Old
BMW,X7 xDrive40i,2021,9200,Hybrid,335.0,8-Speed A/T,White,Brown,At least 1 accident or damage reported,Yes,71200,5,7.738289316378655,1,0,New
Mercedes-Benz,SL-Class SL 550,2014,76850,Gasoline,429.0,7-Speed A/T,Brown,Beige,At least 1 accident or damage reported,Yes,32999,12,0.42938933780952754,1,0,Old
Bentley,Continental GT W12,2016,61160,Gasoline,582.0,A/T,Black,Black,At least 1 accident or damage reported,Yes,98000,10,1.6023282810941613,1,0,Moderate
Jeep,Wrangler Unlimited,2005,146000,Gasoline,190.0,A/T,Red,Black,At least 1 accident or damage reported,Yes,15900,21,0.10890336367559127,0,1,Very Old
Volkswagen,Golf SportWagen TSI SE,2017,33850,Gasoline,170.0,6-Speed A/T,Blue,Beige,None reported,Yes,16500,9,0.4874302088564592,0,0,Moderate
Jeep,Wrangler Unlimited Sahara,2020,61830,Gasoline,2.0,8-Speed Automatic,Granite Crystal Clearcoat Metallic,Black,At least 1 accident or damage reported,Yes,39860,6,0.6446604454076434,0,0,Moderate
Kia,Sorento SXL,2017,108559,Gasoline,3.3,6-Speed Automatic,Titanium Silver,Satin Black,None reported,Yes,15998,9,0.14736551215917465,0,1,Moderate
Lexus,LS 430 Base,2006,192000,Gasoline,278.0,6-Speed A/T,Silver,Gray,At least 1 accident or damage reported,Yes,7390,20,0.038489382867797566,1,1,Old
Mercedes-Benz,E-Class E 350 4MATIC,2014,83112,Gasoline,302.0,7-Speed A/T,Black,Black,None reported,Yes,15500,12,0.1864930877239421,1,0,Old
Tesla,Model X 75D,2016,52000,Gasoline,518.0,A/T,Black,Beige,None reported,Yes,52000,10,0.9999807696005846,1,0,Moderate
RAM,1500 Rebel,2020,57300,Gasoline,395.0,8-Speed A/T,Black,Black,None reported,Yes,43500,6,0.7591490549903143,0,0,Moderate
MINI,Cooper Base,2008,104500,Gasoline,118.0,6-Speed A/T,Red,Black,At least 1 accident or damage reported,Yes,4100,18,0.039234074315078325,0,1,Old
Jeep,Cherokee Sport,1996,170552,Gasoline,190.0,4-Speed A/T,Black,Gray,At least 1 accident or damage reported,Yes,6500,30,0.03811132023476573,0,1,Very Old
Ford,Mustang GT Premium,2013,18000,Gasoline,412.0,6-Speed A/T,Silver,Black,None reported,Yes,29000,13,1.6110216099105605,0,0,Old
Lincoln,Navigator Reserve,2019,39000,Gasoline,450.0,10-Speed A/T,Black,Black,None reported,Yes,51999,7,1.3332735058075433,0,0,Moderate
Jeep,Gladiator Rubicon,2020,38000,Gasoline,285.0,8-Speed A/T,Black,Black,None reported,Yes,45000,6,1.1841793637009552,0,0,Moderate
Honda,Civic EX,2012,167506,Gasoline,140.0,A/T,Black,–,None reported,Yes,6500,14,0.038804348474989106,0,1,Old
Jeep,Grand Cherokee Laredo,2012,166000,E85 Flex Fuel,290.0,A/T,White,Gray,At least 1 accident or damage reported,Yes,13000,14,0.07831278124830574,0,1,Old
Land,Rover Defender SE,2022,46000,Hybrid,395.0,8-Speed A/T,Green,Beige,None reported,Yes,75000,4,1.6303993391448013,1,0,New
Hummer,H3 Base,2007,201000,Gasoline,242.0,A/T,White,Black,At least 1 accident or damage reported,Yes,7200,19,0.03582071730986413,0,1,Old
Kia,Sportage LX,2014,87000,Gasoline,182.0,A/T,Black,Black,At least 1 accident or damage reported,Yes,8900,12,0.1022976747393708,0,0,Old
GMC,Yukon XL 1500 SLT,2015,145000,Gasoline,355.0,6-Speed A/T,White,Beige,None reported,Yes,24950,11,0.17206777884290453,0,1,Old
Jeep,Wrangler Unlimited Sport,2020,33060,Gasoline,285.0,8-Speed A/T,White,Black,None reported,Yes,36500,6,1.1040198421100391,0,0,Moderate
Tesla,Model S Long Range Plus,2021,10550,Gasoline,557.0,A/T,Gray,Black,None reported,Yes,67800,5,6.42593119135627,1,0,New
Audi,A6 3.0T Prestige,2014,89500,Gasoline,310.0,Transmission w/Dual Shift Mode,Gray,Black,None reported,Yes,18000,12,0.20111507133998502,1,0,Old
Jeep,Wrangler 80th Anniversary,2021,27000,Hybrid,285.0,8-Speed A/T,Red,Black,None reported,Yes,37500,5,1.3888374504647976,0,0,New
Jeep,Wrangler Sport,2010,87250,Gasoline,202.0,6-Speed M/T,Blue,Black,None reported,Yes,18500,16,0.21203195378849526,0,0,Old
Volkswagen,CC 2.0T Sport,2016,76495,Gasoline,200.0,A/T,White,Black,At least 1 accident or damage reported,Yes,13000,10,0.16994352645889982,0,0,Moderate
Cadillac,SRX Luxury Collection,2016,70503,Gasoline,308.0,6-Speed A/T,Silver,Beige,None reported,Yes,15500,10,0.21984568251446726,0,0,Moderate
Porsche,Cayenne Turbo,2009,41965,Gasoline,500.0,Transmission w/Dual Shift Mode,Black,Beige,At least 1 accident or damage reported,Yes,35000,17,0.8340084830577134,1,0,Old
Mitsubishi,Eclipse GT,2003,146000,Gasoline,200.0,4-Speed A/T,Gray,Black,At least 1 accident or damage reported,Yes,4200,23,0.028766926253929768,0,1,Very Old
Chevrolet,Corvette Stingray w/1LT,2023,9000,Gasoline,490.0,8-Speed A/T,White,White,None reported,Yes,82500,3,9.1656482613043,0,0,New
Toyota,GR86 Premium,2022,1050,Gasoline,228.0,6-Speed A/T,Gray,Black,None reported,Yes,40000,4,38.05899143672693,0,0,New
Land,Rover Range Rover P525 Westminster,2021,22270,Gasoline,5.0,8-Speed Automatic,Gray,Ebony,None reported,Yes,89900,5,4.036639576130394,1,0,New
Ford,Mustang GT Premium,2012,19900,Gasoline,412.0,6-Speed A/T,White,Black,None reported,Yes,26500,14,1.3315913773177228,0,0,Old
Tesla,Model Y Long Range,2020,19800,Gasoline,425.0,1-Speed A/T,White,White,None reported,Yes,44990,6,2.272107469319731,1,0,Moderate
RAM,1500 Sport,2012,113500,Gasoline,390.0,A/T,Black,Black,None reported,Yes,17900,14,0.15770786160474357,0,1,Old
INFINITI,Q60 3.0t Red Sport 400,2022,3300,Gasoline,400.0,Transmission w/Dual Shift Mode,Red,Black,None reported,Yes,54000,4,16.35867918812481,0,0,New
Volkswagen,e-Golf SE,2016,41615,Gasoline,115.0,1-Speed A/T,Blue,Gray,None reported,Yes,12000,10,0.28835063437139563,0,0,Moderate
Tesla,Model X Long Range,2022,11860,Gasoline,670.0,A/T,White,White,None reported,Yes,92500,4,7.798667903212208,1,0,New
BMW,M5 Base,2015,27000,Gasoline,560.0,7-Speed A/T,Black,Black,None reported,Yes,52500,11,1.9443724306507166,1,0,Old
Kia,K5 GT-Line,2022,22101,Gasoline,1.6,8-Speed Automatic,Glacial White Pearl,Black,At least 1 accident or damage reported,Yes,29430,4,1.3315537055470092,0,0,New
Chevrolet,Caprice Classic Base,1996,60000,Gasoline,260.0,A/T,Purple,Gray,None reported,Yes,18500,30,0.30832819453009114,0,0,Very Old
Subaru,BRZ Limited,2013,46452,Gasoline,200.0,6-Speed M/T,Gray,Black,None reported,Yes,22888,13,0.4927130648182034,0,0,Old
Lincoln,MKZ Reserve I,2019,36000,Gasoline,245.0,6-Speed A/T,White,Beige,None reported,Yes,26500,7,0.7360906641482181,0,0,Moderate
Chevrolet,Corvette Grand Sport,2019,13100,Gasoline,460.0,7-Speed M/T,Silver,Red,None reported,Yes,61950,7,4.728646668193267,0,0,Moderate
Audi,Q5 2.0T Premium Plus,2019,50000,Gasoline,248.0,7-Speed A/T,White,Beige,At least 1 accident or damage reported,Yes,27000,7,0.5399892002159957,1,0,Moderate
Mazda,CX-9 Signature,2018,19500,Gasoline,227.0,Transmission w/Dual Shift Mode,White,Brown,None reported,Yes,32250,8,1.653761345572022,0,0,Moderate
Ford,Mustang GT,2016,36000,Gasoline,435.0,6-Speed M/T,Orange,Black,At least 1 accident or damage reported,Yes,31000,10,0.8610871920224438,0,0,Moderate
Chevrolet,Camaro 1SS,2022,6640,Gasoline,455.0,A/T,Orange,Black,None reported,Yes,51999,4,7.829995482608041,0,0,New
BMW,X5 xDrive35i,2016,74850,Gasoline,300.0,A/T,White,Brown,At least 1 accident or damage reported,Yes,21900,10,0.29258126143939295,1,0,Moderate
Nissan,Maxima SV,2014,117000,Gasoline,290.0,Transmission w/Dual Shift Mode,White,Black,At least 1 accident or damage reported,Yes,10900,12,0.09316159690942813,0,1,Old
Toyota,Tundra TRD Pro,2016,51400,E85 Flex Fuel,381.0,6-Speed A/T,Black,Black,None reported,Yes,39900,10,0.7762494893095465,0,0,Moderate
INFINITI,QX60 AUTOGRAPH,2022,6000,Gasoline,295.0,9-Speed A/T,Gold,Brown,None reported,Yes,57999,4,9.664889185135811,0,0,New
Mitsubishi,Lancer Evolution MR,2006,128000,Gasoline,286.0,6-Speed M/T,Silver,Black,None reported,Yes,37999,20,0.29686486824321684,0,1,Old
BMW,X3 xDrive30i,2021,15000,Gasoline,248.0,Transmission w/Dual Shift Mode,White,Brown,None reported,Yes,39995,5,2.6661555896273583,1,0,New
Toyota,Tundra SR5,2016,119000,Gasoline,381.0,6-Speed A/T,Red,Black,None reported,Yes,29950,10,0.2516785573230477,0,1,Moderate
Lincoln,Mark LT Base,2006,87500,Gasoline,300.0,A/T,Silver,Black,At least 1 accident or damage reported,Yes,12999,20,0.1485583021908321,0,0,Old
Ford,Flex SEL,2011,149000,Gasoline,262.0,6-Speed A/T,Black,Beige,None reported,Yes,7999,15,0.05368420346172173,0,1,Old
Audi,Q5 2.0T Premium Plus,2015,54700,E85 Flex Fuel,220.0,8-Speed A/T,Gray,Brown,At least 1 accident or damage reported,Yes,20995,11,0.38381382424452937,1,0,Old
Ford,F-150 XL,2021,45979,Gasoline,3.5,10-Speed Automatic,Agate Black Metallic,Black,None reported,Yes,38532,5,0.8380165289256198,0,0,New
Lincoln,Continental Reserve,2017,56846,Gasoline,335.0,Transmission w/Dual Shift Mode,White,Beige,None reported,Yes,29000,9,0.5101412563547768,0,0,Moderate
Tesla,Model X 75D,2017,94100,Gasoline,518.0,A/T,Black,Orange,At least 1 accident or damage reported,Yes,49900,9,0.5302812935037885,1,0,Moderate
Jeep,Grand Cherokee Limited,2017,80150,Gasoline,293.0,8-Speed A/T,Blue,Black,At least 1 accident or damage reported,Yes,22500,9,0.2807201407343639,0,0,Moderate
GMC,Terrain SLT-1,2013,11563,Gasoline,182.0,A/T,Blue,Black,At least 1 accident or damage reported,Yes,12300,13,1.0636457973019717,0,0,Old
Tesla,Model X Long Range,2022,7500,Gasoline,670.0,A/T,Silver,Black,None reported,Yes,84000,4,11.198506865751233,1,0,New
Mercedes-Benz,AMG E 53 Base 4MATIC,2021,15615,Hybrid,429.0,9-Speed A/T,Gray,Black,None reported,Yes,78000,5,4.994877049180328,1,0,New
Subaru,Impreza WRX Base,2013,113000,Gasoline,265.0,5-Speed M/T,Blue,Black,At least 1 accident or damage reported,Yes,16000,13,0.14159166733037762,0,1,Old
Kia,Optima S,2018,74000,Gasoline,185.0,6-Speed A/T,White,Black,None reported,Yes,15000,8,0.20269996351400657,0,0,Moderate
Mercedes-Benz,M-Class ML 350,2011,99200,Gasoline,268.0,A/T,Black,Black,None reported,Yes,11900,15,0.11995846816060322,1,0,Old
Volkswagen,Beetle 2.0T S,2018,36824,Gasoline,174.0,6-Speed A/T,Red,Red,None reported,Yes,23999,8,0.651704005431093,0,0,Moderate
Acura,RSX Base,2005,186040,Gasoline,160.0,A/T,Gray,Beige,At least 1 accident or damage reported,Yes,6700,21,0.036013566901919467,0,1,Very Old
GMC,Acadia SLE,2020,58000,Gasoline,310.0,9-Speed A/T,Black,Black,None reported,Yes,27700,6,0.4775779727935725,0,0,Moderate
Ford,F-150 Lariat,2020,31250,Gasoline,325.0,A/T,Blue,Gray,None reported,Yes,42500,6,1.3599564813925955,0,0,Moderate
Jeep,Gladiator Overland,2020,43000,Gasoline,285.0,A/T,White,Beige,None reported,Yes,46500,6,1.081370200693007,0,0,Moderate
Toyota,Tacoma TRD Sport,2020,41199,Gasoline,3.5,6 Speed Mt,Black,Black/Gun Metal,None reported,Yes,41598,6,1.0096601941747574,0,0,Moderate
Kia,EV6 GT-Line,2022,22000,Gasoline,320.0,1-Speed A/T,Gray,Black,None reported,Yes,45000,4,2.0453615744738873,0,0,New
Genesis,GV70 3.5T Sport,2022,12900,Gasoline,375.0,8-Speed A/T,Gray,White,None reported,Yes,53000,4,4.108208665994884,0,0,New
Ford,Explorer ST,2022,10500,Gasoline,400.0,Transmission w/Dual Shift Mode,Black,Black,None reported,Yes,50000,4,4.7614512903533,0,0,New
MINI,Countryman Cooper,2020,74725,Gasoline,1.5,7-Speed Automatic with Auto-Shift,Black,Black,None reported,Yes,21612,6,0.28921660466236654,0,0,Moderate
Mazda,CX-5 Grand Touring,2021,61117,Gasoline,2.5,6-Speed Automatic,Sonic Silver Metallic,Black,None reported,Yes,26485,5,0.4333420596223698,0,0,New
BMW,325 i,2003,142000,Gasoline,184.0,5-Speed M/T,Silver,Black,At least 1 accident or damage reported,Yes,4800,23,0.03380257885507849,1,1,Very Old
Toyota,Yaris L,2012,129355,Gasoline,106.0,4-Speed A/T,Black,Gray,At least 1 accident or damage reported,Yes,7950,14,0.06145830112248369,0,1,Old
Lincoln,Navigator L Select,2016,115600,Gasoline,380.0,6-Speed A/T,Black,Black,None reported,Yes,22500,10,0.19463499450696795,0,1,Moderate
Jeep,Wrangler Sahara Altitude,2023,1563,Hybrid,285.0,A/T,Gray,Black,None reported,Yes,62500,3,39.9616368286445,0,0,New
Bentley,Continental GT Base,2007,72166,Gasoline,552.0,A/T,Black,Black,At least 1 accident or damage reported,Yes,35995,19,0.4987736777197334,1,0,Old
Lexus,RX 350 F Sport,2018,26100,Gasoline,295.0,8-Speed A/T,Gray,Red,None reported,Yes,37899,8,1.4520133328224971,1,0,Moderate
BMW,430 i,2017,58880,Gasoline,248.0,8-Speed A/T,White,Brown,None reported,Yes,21000,9,0.35665155143424876,1,0,Moderate
Honda,Civic EX,2008,190640,Gasoline,140.0,5-Speed M/T,Silver,Silver,At least 1 accident or damage reported,Yes,5500,18,0.02885003750504876,0,1,Old
Porsche,Cayenne AWD,2020,37500,Gasoline,335.0,8-Speed A/T,White,Black,None reported,Yes,59900,6,1.597290738913629,1,0,Moderate
Ford,Mustang Mach-E GT,2022,13856,Gasoline,480.0,1-Speed A/T,White,Black,None reported,Yes,54000,4,3.896947391210219,0,0,New
Lexus,LS 460 Base,2014,123256,Gasoline,386.0,8-Speed A/T,White,Beige,None reported,Yes,24995,12,0.2027876712884461,1,1,Old
Cadillac,Escalade Premium Luxury,2021,11459,Gasoline,420.0,10-Speed A/T,White,Brown,None reported,Yes,88900,5,7.7574171029668415,0,0,New
Mercedes-Benz,C-Class C 300 4MATIC Sport,2016,67289,Gasoline,241.0,7-Speed A/T,White,Gray,None reported,Yes,20490,10,0.30450289790459206,1,0,Moderate
Hyundai,Veloster Base,2013,56837,Gasoline,132.0,Transmission w/Dual Shift Mode,Silver,Black,At least 1 accident or damage reported,Yes,10500,13,0.18473556423519477,0,0,Old
Chevrolet,Corvette Base,2002,44168,Gasoline,350.0,4-Speed A/T,Orange,Black,None reported,Yes,30000,24,0.6792094002580996,0,0,Very Old
Mercedes-Benz,C-Class C 300 4MATIC,2019,59766,Gasoline,2.0,9-Speed Automatic,Lunar Blue Metallic,Macchiato,None reported,Yes,26900,7,0.4500811484598524,1,0,Moderate
Kia,Stinger GT,2018,56300,Gasoline,365.0,A/T,Silver,Black,None reported,Yes,29950,8,0.5319621321113301,0,0,Moderate
Volvo,S60 R,2004,167000,Gasoline,300.0,6-Speed M/T,Black,Beige,None reported,Yes,8000,22,0.04790390476703732,0,1,Very Old
Chevrolet,Silverado 2500 LT,2015,122770,E85 Flex Fuel,360.0,A/T,Brown,Black,None reported,Yes,27499,11,0.22398612050076971,0,1,Old
Land,Rover Range Rover 3.0L V6 Supercharged HSE,2019,59271,Gasoline,380.0,A/T,Black,Black,None reported,Yes,54995,7,0.9278411391550817,1,0,Moderate
GMC,Sierra 1500 SLE,2015,102000,Gasoline,355.0,6-Speed A/T,Silver,Black,At least 1 accident or damage reported,Yes,24500,11,0.24019372359094518,0,1,Old
Chevrolet,Silverado 1500 RST,2020,40929,Gasoline,5.3,Automatic,Cajun Red Tintcoat,Jet Black,At least 1 accident or damage reported,Yes,44800,6,1.0945516735890546,0,0,Moderate
Chevrolet,Suburban Z71,2022,19200,Gasoline,420.0,10-Speed A/T,White,Black,None reported,Yes,69790,4,3.6347065257017865,0,0,New
Land,Rover Range Rover Sport HSE,2011,105000,Gasoline,375.0,A/T,Black,Black,None reported,Yes,10000,15,0.09523718821725508,1,1,Old
Ford,F-250 Lariat,2016,122650,Diesel,440.0,6-Speed A/T,Gray,Black,None reported,Yes,38900,10,0.31716007207442254,0,1,Moderate
Subaru,BRZ Limited,2022,14000,Gasoline,228.0,6-Speed M/T,White,Black,None reported,Yes,34999,4,2.4997500178558676,0,0,New
Lexus,LS 460 Base,2008,100868,Gasoline,380.0,8-Speed A/T,Black,Beige,None reported,Yes,15397,18,0.15264352774390547,1,1,Old
Land,Rover Range Rover Sport HSE,2013,111000,Gasoline,375.0,6-Speed A/T,Black,Black,At least 1 accident or damage reported,Yes,15000,13,0.13513391771245303,1,1,Old
Cadillac,Escalade Sport Platinum,2021,38500,Gasoline,420.0,A/T,White,Black,At least 1 accident or damage reported,Yes,94995,5,2.467338510688034,0,0,New
Nissan,Pathfinder S,2020,41250,Gasoline,284.0,CVT Transmission,White,–,None reported,Yes,21865,6,0.5300477564180263,0,0,Moderate
MINI,Cooper S Base,2006,99600,Gasoline,168.0,6-Speed A/T,Orange,Black,None reported,Yes,5500,20,0.05522032911316151,0,0,Old
Acura,ILX 2.0L w/Premium Package,2013,198000,Gasoline,150.0,Transmission w/Dual Shift Mode,White,Black,At least 1 accident or damage reported,Yes,11000,13,0.05555527497335872,0,1,Old
Lexus,RX 350 Base,2021,20598,Gasoline,3.5,8-Speed Automatic,Atomic Silver,Gray,At least 1 accident or damage reported,Yes,42599,5,2.068013010340308,1,0,New
Porsche,911 Carrera S,2013,52044,Gasoline,400.0,7-Speed M/T,White,Gray,None reported,Yes,76500,13,1.4698818330291095,1,0,Old
MINI,Hardtop Cooper S,2022,23777,Gasoline,189.0,6-Speed M/T,Gray,Black,None reported,Yes,30000,4,1.2616704516780217,0,0,New
Ford,F-150 Platinum,2018,60660,Gasoline,375.0,A/T,Gold,Black,At least 1 accident or damage reported,Yes,46900,8,0.7731491403043141,0,0,Moderate
BMW,i3 Base,2015,26000,Gasoline,170.0,1-Speed A/T,White,Beige,None reported,Yes,14999,11,0.5768624283681397,1,0,Old
Mazda,CX-5 Touring,2018,61000,Gasoline,187.0,Transmission w/Dual Shift Mode,Gray,Black,None reported,Yes,21800,8,0.3573711906362191,0,0,Moderate
Lexus,RX 350 F Sport Performance,2020,53750,Gasoline,295.0,A/T,Black,Red,None reported,Yes,32600,6,0.6065003441796432,1,0,Moderate
BMW,X5 M50i,2023,13735,Gasoline,4.4,8-Speed Automatic,Black Sapphire Metallic,Black,None reported,Yes,77897,3,5.6710104834012816,1,0,New
Mercedes-Benz,E-Class E 300,2019,32580,Gasoline,2.0,Automatic,Obsidian Black Metallic,Beige,None reported,Yes,33998,7,1.0434916055369694,1,0,Moderate
Porsche,911 Carrera Cabriolet,2006,96275,Gasoline,325.0,6-Speed M/T,Silver,Black,At least 1 accident or damage reported,Yes,52500,20,0.5453072416801695,1,0,Old
Ford,F-350 Lariat,2015,162000,Diesel,440.0,Transmission w/Dual Shift Mode,Red,Beige,None reported,Yes,32000,11,0.1975296448787353,0,1,Old
BMW,X3 xDrive30i,2019,92040,Gasoline,2.0,8-Speed Automatic,Alpine White,Black,None reported,Yes,24999,7,0.27160721852218034,1,0,Moderate
RAM,1500 SLT,2017,73690,Gasoline,395.0,8-Speed A/T,Blue,Gray,At least 1 accident or damage reported,Yes,27000,9,0.3663948107638653,0,0,Moderate
Toyota,Tacoma Base,2009,48750,Gasoline,159.0,M/T,Brown,Silver,None reported,Yes,17900,17,0.36717195544706777,0,0,Old
Cadillac,SRX Performance Collection,2011,124542,Gasoline,265.0,6-Speed A/T,Gray,Beige,None reported,Yes,8450,15,0.06784805247986639,0,1,Old
Ford,Mustang GT Premium,2010,69000,Gasoline,315.0,5-Speed A/T,White,Black,None reported,Yes,20000,16,0.2898508717264967,0,0,Old
Dodge,Ram 2500 Laramie Quad Cab,2004,148000,Diesel,250.0,4-Speed A/T,Black,Beige,None reported,Yes,19000,22,0.12837751096276376,0,1,Very Old
BMW,650 i,2006,122141,Gasoline,360.0,6-Speed M/T,Silver,Black,None reported,Yes,10500,20,0.08596551554747753,1,1,Old
Subaru,Impreza WRX,2012,106000,Gasoline,265.0,M/T,Black,Black,None reported,Yes,15000,14,0.1415080989801983,0,1,Old
Ford,Edge Titanium,2017,113294,Gasoline,245.0,6-Speed A/T,Gray,Black,At least 1 accident or damage reported,Yes,16500,9,0.14563749503508538,0,1,Moderate
Kia,Telluride SX,2021,24423,Gasoline,3.8,8-Speed Automatic,Black,Black,None reported,Yes,44315,5,1.8144038650507697,0,0,New
Tesla,Model S Long Range,2022,28000,Gasoline,670.0,1-Speed A/T,Gray,White,None reported,Yes,68750,4,2.4552694546623335,1,0,New
RAM,1500 Rebel,2018,54800,Gasoline,395.0,A/T,White,Black,At least 1 accident or damage reported,Yes,37050,8,0.6760825532380796,0,0,Moderate
Ford,Explorer XLT,2017,161000,Gasoline,290.0,6-Speed A/T,Gray,Black,None reported,Yes,17500,9,0.10869497704983198,0,1,Moderate
Mercedes-Benz,AMG GLE 43 4MATIC Coupe,2019,28755,Gasoline,385.0,9-Speed A/T,Black,Black,None reported,Yes,61350,7,2.13346779802476,1,0,Moderate
Audi,Q5 2.0T Premium Plus,2016,52105,E85 Flex Fuel,220.0,A/T,White,Beige,At least 1 accident or damage reported,Yes,20499,10,0.3934095881472383,1,0,Moderate
Nissan,Armada Platinum,2018,119950,Gasoline,390.0,Transmission w/Dual Shift Mode,Black,Black,None reported,Yes,20999,8,0.17506315078657117,0,1,Moderate
Mercedes-Benz,SL-Class SL500 Roadster,2003,80081,Gasoline,302.0,5-Speed A/T,White,Beige,None reported,Yes,12500,23,0.15609000774206438,1,0,Very Old
Jeep,Gladiator Overland,2021,4100,Gasoline,285.0,A/T,Black,Black,None reported,Yes,55000,5,13.411363082175079,0,0,New
Dodge,Charger SE,2017,63250,Gasoline,292.0,A/T,Red,Black,None reported,Yes,18650,9,0.2948569983083271,0,0,Moderate
Lincoln,MKX Black Label,2017,69431,Gasoline,335.0,6-Speed A/T,Silver,Black,None reported,Yes,26500,9,0.3816683949763798,0,0,Moderate
Toyota,Tundra SR5,2015,108044,Gasoline,5.7,6-Speed Automatic,Black,–,None reported,Yes,31380,11,0.2904345411634041,0,1,Old
BMW,335 i,2008,98000,Gasoline,300.0,Transmission w/Dual Shift Mode,Black,Brown,None reported,Yes,13998,18,0.14283527719104908,1,0,Old
BMW,X1 xDrive28i,2019,52253,Gasoline,228.0,Transmission w/Dual Shift Mode,White,Black,None reported,Yes,34500,7,0.6602365369158342,1,0,Moderate
Mercedes-Benz,Sprinter High Roof,2015,1500,Diesel,188.0,A/T,White,Gray,None reported,Yes,39500,11,26.31578947368421,1,0,Old
Dodge,Challenger GT,2021,40000,Gasoline,303.0,A/T,Black,Black,None reported,Yes,32500,5,0.8124796880077998,0,0,New
Audi,S4 3.0 Prestige,2012,38718,Gasoline,333.0,7-Speed A/T,Black,Black,None reported,Yes,31000,14,0.800640512409928,1,0,Old
Toyota,Tacoma TRD Sport,2018,84184,Gasoline,3.5,Automatic,Magnetic Gray Metallic,Graphite w/Gun Metal,None reported,Yes,35998,8,0.4276058680287462,0,0,Moderate
Mercedes-Benz,Sprinter 2500 Standard Roof,2021,13344,Diesel,188.0,7-Speed A/T,Red,Black,None reported,Yes,56500,5,4.233795428999625,1,0,New
INFINITI,Q50 3.0t Red Sport 400,2018,51850,Gasoline,400.0,Transmission w/Dual Shift Mode,Black,Black,None reported,Yes,28900,8,0.5573662995892076,0,0,Moderate
Porsche,911 Carrera 4S,2002,119500,Gasoline,320.0,6-Speed M/T,Black,Black,At least 1 accident or damage reported,Yes,36995,24,0.3095789993389177,1,1,Very Old
Ford,Expedition Max Limited,2021,30918,Gasoline,375.0,10-Speed A/T,White,Beige,None reported,Yes,51999,5,1.6817814288948543,0,0,New
Chevrolet,Corvette Stingray w/3LT,2023,1100,Gasoline,490.0,8-Speed A/T,Gray,Beige,None reported,Yes,92000,3,83.56039963669392,0,0,New
Mercedes-Benz,C-Class C 300,2019,40000,Gasoline,255.0,A/T,Blue,Black,None reported,Yes,27900,7,0.6974825629359266,1,0,Moderate
Jeep,Grand Cherokee Limited,2005,100500,Gasoline,325.0,A/T,Black,Gray,None reported,Yes,9998,21,0.09948159719803783,0,1,Very Old
Mercedes-Benz,C-Class C 300 4MATIC,2018,49000,Gasoline,241.0,A/T,Black,Black,None reported,Yes,23450,8,0.4785616620068978,1,0,Moderate
Cadillac,DTS Luxury,2007,130000,Gasoline,275.0,A/T,Gold,Beige,At least 1 accident or damage reported,Yes,3499,19,0.02691517757555711,0,1,Old
Maserati,Grecale Modena,2023,3721,Gasoline,2.0,8-Speed Automatic,White,Red,None reported,Yes,69645,3,18.711714132186998,1,0,New
Mercedes-Benz,S-Class S 550,2016,78101,Gasoline,449.0,7-Speed A/T,Black,Black,None reported,Yes,34500,10,0.44173004532534377,1,0,Moderate
Chevrolet,Malibu 1LT,2017,54000,Gasoline,160.0,A/T,Gray,Gray,At least 1 accident or damage reported,Yes,16000,9,0.296290809429455,0,0,Moderate
Nissan,Quest SL,2011,185000,Gasoline,260.0,A/T,White,Gray,At least 1 accident or damage reported,Yes,7500,15,0.04054032140366809,0,1,Old
Mercedes-Benz,SLK-Class SLK 250,2015,49000,Gasoline,201.0,7-Speed A/T,Blue,Beige,None reported,Yes,23500,11,0.47958204934593174,1,0,Old
GMC,Sierra 2500 Denali,2024,2043,Gasoline,401.0,10-Speed A/T,White,Black,None reported,Yes,81500,2,39.87279843444227,0,0,New
Lexus,RX 350 Base,2016,71750,Gasoline,295.0,8-Speed A/T,Black,Brown,None reported,Yes,28000,10,0.3902384635754205,1,0,Moderate
Chevrolet,Corvette Stingray w/3LT,2020,5194,Gasoline,6.2,8-Speed Automatic with Auto-Shift,Arctic White,Tension,None reported,Yes,87500,6,16.843118383060634,0,0,Moderate
BMW,330 i,2019,42200,Gasoline,255.0,8-Speed A/T,White,Black,None reported,Yes,27500,7,0.6516433259875358,1,0,Moderate
Mercedes-Benz,GLC 300 Base,2020,42717,Gasoline,255.0,A/T,Gold,Beige,None reported,Yes,33500,6,0.7842127440423241,1,0,Moderate
Tesla,Model S 75D,2016,102260,Gasoline,518.0,1-Speed A/T,White,Black,None reported,Yes,31300,10,0.3060795415652106,1,1,Moderate
Chevrolet,Corvette Stingray w/2LT,2022,11089,Gasoline,6.2,8-Speed Manual,Silver Flare Metallic,Adrenaline Red,None reported,Yes,80900,4,7.294860234445446,0,0,New
Jaguar,XF 25t Prestige,2018,37777,Gasoline,247.0,Transmission w/Dual Shift Mode,Black,Black,None reported,Yes,32500,8,0.8602890571231934,1,0,Moderate
Ford,F-150 XLT,2021,35921,Gasoline,2.7,10-Speed Automatic,Antimatter Blue Metallic,Black,None reported,Yes,42995,5,1.1968988363676856,0,0,New
Ford,Bronco Outer Banks,2023,1800,Gasoline,275.0,10-Speed A/T,Gray,Blue,None reported,Yes,54900,3,30.48306496390894,0,0,New
Scion,FR-S Monogram,2014,163019,Gasoline,200.0,6-Speed M/T,Black,Black,At least 1 accident or damage reported,Yes,8900,12,0.054594528278738806,0,1,Old
Mercedes-Benz,C-Class C 300 4MATIC,2020,14220,Gasoline,255.0,9-Speed A/T,Blue,Beige,None reported,Yes,35500,6,2.496308276492511,1,0,Moderate
Chevrolet,Tahoe Premier,2019,48879,Gasoline,5.3,Automatic,Silver Ice Metallic,Jet Black,None reported,Yes,49573,7,1.0141775777414075,0,0,Moderate
BMW,M3 Base,2002,117200,Gasoline,333.0,6-Speed A/T,Black,Black,None reported,Yes,15000,24,0.12798525609849745,1,1,Very Old
Ford,F-150 Lariat,2016,25000,E85 Flex Fuel,385.0,6-Speed A/T,Gray,Black,None reported,Yes,65000,10,2.5998960041598336,0,0,Moderate
BMW,i3 Base w/Range Extender,2014,74500,Gasoline,170.0,A/T,White,Gray,None reported,Yes,11499,12,0.15434692151783197,1,0,Old
INFINITI,G37 Journey,2013,33300,Gasoline,328.0,A/T,Gray,Black,None reported,Yes,21990,13,0.660340530314405,0,0,Old
Ford,Expedition XLT,2007,123921,Gasoline,300.0,6-Speed A/T,White,Beige,None reported,Yes,6900,19,0.05568018592340343,0,1,Old
BMW,X3 sDrive30i,2021,12800,Gasoline,248.0,A/T,Blue,Blue,None reported,Yes,39990,5,3.1239746894773845,1,0,New
Aston,Martin Vantage GT Base,2015,21100,Gasoline,430.0,6-Speed M/T,Black,Black,None reported,Yes,80000,11,3.7912895123453865,0,0,Old
Chevrolet,Tahoe LT,2009,104733,E85 Flex Fuel,320.0,6-Speed A/T,Black,Black,None reported,Yes,15000,17,0.14321996677296772,0,1,Old
Ford,Transit-250 Base,2020,53000,Gasoline,310.0,A/T,White,Black,At least 1 accident or damage reported,Yes,38500,6,0.7264013886530443,0,0,Moderate
Lexus,ES 250 Base,2021,17570,Gasoline,2.5,Automatic,Emin White,Black,None reported,Yes,39998,5,2.276364464173923,1,0,New
RAM,1500 Rebel,2020,63875,Hybrid,395.0,8-Speed A/T,Gray,Black,At least 1 accident or damage reported,Yes,41900,6,0.6559584194376604,0,0,Moderate
Ford,Maverick XL,2023,12500,Hybrid,191.0,A/T,Silver,Black,None reported,Yes,29999,3,2.3997280217582593,0,0,New
BMW,Z3 3.0i Roadster,2001,103990,Gasoline,225.0,5-Speed M/T,Black,Beige,None reported,Yes,10500,25,0.10097027627390832,1,1,Very Old
Chevrolet,Camaro 1SS,2022,7000,Gasoline,455.0,6-Speed M/T,Blue,Black,None reported,Yes,50000,4,7.14183688044565,0,0,New
Chevrolet,Corvette Stingray w/3LT,2023,9000,Gasoline,490.0,8-Speed A/T,Blue,Black,None reported,Yes,92000,3,10.22108654593934,0,0,New
Pontiac,Solstice GXP,2007,7800,Gasoline,260.0,5-Speed A/T,Silver,Black,None reported,Yes,19000,19,2.4355851813870015,0,0,Old
Cadillac,XTS Luxury,2017,69289,Gasoline,304.0,6-Speed A/T,Gray,Black,At least 1 accident or damage reported,Yes,20997,9,0.3030307403665753,0,0,Moderate
Toyota,Highlander Limited,2011,106000,Gasoline,270.0,5-Speed A/T,White,Gray,At least 1 accident or damage reported,Yes,16600,15,0.15660229620475277,0,1,Old
Lincoln,Navigator Reserve,2020,68000,Gasoline,450.0,10-Speed A/T,Black,Gray,At least 1 accident or damage reported,Yes,55999,6,0.8235025955500654,0,0,Moderate
Toyota,Highlander Hybrid Limited Platinum,2019,13828,Hybrid,306.0,CVT Transmission,Blue,Black,None reported,Yes,43000,7,3.1094077662882347,0,0,Moderate
Audi,A3 2.0T Tech Premium,2018,39600,Gasoline,220.0,Transmission w/Dual Shift Mode,White,Black,None reported,Yes,26999,8,0.6817757127345269,1,0,Moderate
Jeep,Wrangler SE,2003,92000,Gasoline,150.0,M/T,Gold,Black,None reported,Yes,12500,23,0.1358680883903436,0,0,Very Old
Toyota,Tacoma SR,2022,5020,Gasoline,278.0,A/T,Black,Gray,None reported,Yes,36500,4,7.269468233419637,0,0,New
Chevrolet,Trailblazer SS,2007,107800,Gasoline,395.0,A/T,Black,Black,At least 1 accident or damage reported,Yes,15000,19,0.13914527694548287,0,1,Old
Audi,A5 2.0T Premium Plus,2019,23827,Gasoline,248.0,7-Speed A/T,Gray,Black,None reported,Yes,34995,7,1.4686503273459794,1,0,Moderate
Audi,A6 55 Premium,2020,25300,Hybrid,335.0,7-Speed A/T,White,Beige,None reported,Yes,39900,6,1.5770127662938225,1,0,Moderate
Porsche,911 Carrera,2005,46200,Gasoline,325.0,6-Speed M/T,Silver,Black,None reported,Yes,49999,21,1.0822060128568645,1,0,Very Old
Chevrolet,Corvette Stingray w/2LT,2022,3158,Gasoline,490.0,8-Speed A/T,Red,Red,None reported,Yes,85989,4,27.220322886989553,0,0,New
GMC,Acadia SLE,2021,26000,Gasoline,228.0,A/T,White,Black,None reported,Yes,30900,5,1.1884158301603784,0,0,New
Chevrolet,Corvette Base,2007,123500,Gasoline,400.0,Transmission w/Dual Shift Mode,Red,Beige,At least 1 accident or damage reported,Yes,27000,19,0.21862171156508856,0,1,Old
Ford,Mustang GT Premium,2018,26840,Gasoline,460.0,6-Speed M/T,White,Black,None reported,Yes,42500,8,1.5833985320964197,0,0,Moderate
Ford,Edge SEL,2021,17836,Gasoline,2.0,8-Speed Automatic,Silver,Ebony,None reported,Yes,31933,5,1.790267421651623,0,0,New
Cadillac,Escalade Luxury,2012,114500,E85 Flex Fuel,403.0,A/T,Black,Black,None reported,Yes,16100,14,0.14061012567575829,0,1,Old
Chevrolet,Corvette Stingray w/3LT,2022,5400,Gasoline,490.0,8-Speed A/T,White,Black,None reported,Yes,89900,4,16.645065728568785,0,0,New
Toyota,Corolla LE,2016,17500,Gasoline,132.0,A/T,Red,Gray,None reported,Yes,15100,10,0.8628078395520256,0,0,Moderate
Chevrolet,Express 2500 Work Van,2017,56000,Gasoline,285.0,A/T,Blue,–,None reported,Yes,44600,9,0.7964143497437546,0,0,Moderate
Chevrolet,Trax LS,2020,20800,Gasoline,138.0,6-Speed A/T,Black,Beige,None reported,Yes,19000,6,0.913417624152685,0,0,Moderate
Volkswagen,Golf Auto TSI S,2015,107543,Gasoline,170.0,Transmission w/Dual Shift Mode,Black,Black,None reported,Yes,13200,11,0.12274045971881277,0,1,Old
Ford,F-150 Platinum,2018,37100,E85 Flex Fuel,395.0,10-Speed A/T,Black,Black,None reported,Yes,46000,8,1.2398587639147194,0,0,Moderate
Land,Rover Range Rover Velar P380 SE R-Dynamic,2019,19813,Gasoline,380.0,8-Speed A/T,Silver,Beige,None reported,Yes,51900,7,2.6193600484505906,1,0,Moderate
Lexus,LS 460 Base,2012,200000,Gasoline,380.0,Transmission w/Dual Shift Mode,White,Beige,At least 1 accident or damage reported,Yes,9995,14,0.04997475012624937,1,1,Old
MINI,Cooper S Base,2012,66000,Gasoline,181.0,6-Speed A/T,White,Black,None reported,Yes,10999,14,0.16664899016681564,0,0,Old
Volvo,XC60 T6 Inscription,2019,20623,Gasoline,330.0,A/T,Silver,Black,None reported,Yes,36800,7,1.7843289371605897,0,0,Moderate
Ford,Explorer Limited,2018,86000,Gasoline,290.0,Transmission w/Dual Shift Mode,Black,Black,None reported,Yes,26900,8,0.31278706061557426,0,0,Moderate
Mercedes-Benz,G-Class G 550 4MATIC,2016,51354,Gasoline,416.0,7-Speed A/T,Blue,Black,None reported,Yes,73000,10,1.4214779476195112,1,0,Moderate
Jeep,Wrangler Unlimited Rubicon 392,2021,38000,Gasoline,470.0,Transmission w/Dual Shift Mode,Gray,Black,None reported,Yes,72980,5,1.9204757769532381,0,0,New
Toyota,Avalon Hybrid XLE Premium,2015,161000,Hybrid,200.0,CVT Transmission,Blue,Gray,None reported,Yes,11500,11,0.07142812777560388,0,1,Old
Nissan,Juke SL,2012,74750,Gasoline,188.0,CVT Transmission,Black,Black,None reported,Yes,12500,14,0.16722184318604433,0,0,Old
Porsche,911 Carrera 4,2013,67522,Gasoline,350.0,7-Speed A/T,Gray,Black,At least 1 accident or damage reported,Yes,59500,13,0.8811812271374199,1,0,Old
MINI,Cooper S Base,2012,152000,Gasoline,181.0,6-Speed A/T,White,Black,None reported,Yes,9000,14,0.05921013677541595,0,1,Old
Subaru,Ascent Touring 7-Passenger,2019,71273,Gasoline,260.0,CVT Transmission,Black,Brown,None reported,Yes,23900,7,0.3353256446951202,0,0,Moderate
Subaru,WRX STI Base,2017,37800,Gasoline,305.0,6-Speed M/T,Blue,Black,None reported,Yes,32500,9,0.8597656146662787,0,0,Moderate
Land,Rover Range Rover Sport HSE,2019,42000,Gasoline,340.0,Transmission w/Dual Shift Mode,White,Black,None reported,Yes,48990,7,1.166400799980953,1,0,Moderate
Kia,Sorento Plug-In Hybrid SX Prestige,2022,10101,Plug-In Hybrid,261.0,6-Speed A/T,White,–,None reported,Yes,44990,4,4.453573549792121,0,0,New
Chevrolet,Corvette Stingray w/2LT,2022,7900,Gasoline,490.0,8-Speed A/T,White,Red,None reported,Yes,92500,4,11.707378812808505,0,0,New
Tesla,Model 3 Performance,2020,45468,Gasoline,455.0,1-Speed A/T,Silver,White,None reported,Yes,45999,6,1.011656293298731,1,0,Moderate
Nissan,Armada SV,2017,187141,Gasoline,390.0,A/T,Black,Black,None reported,Yes,16995,9,0.0908133930384414,0,1,Moderate
Porsche,Cayenne Turbo S,2014,99100,Gasoline,550.0,8-Speed A/T,White,Black,None reported,Yes,32000,12,0.3229028970444294,1,0,Old
Subaru,Outback Touring XT,2021,33500,Gasoline,260.0,CVT Transmission,Blue,Brown,None reported,Yes,34000,5,1.0148950777588728,0,0,New
Acura,RLX Advance Package,2016,102665,Gasoline,310.0,6-Speed A/T,Black,Black,None reported,Yes,15450,10,0.15048799018175443,0,1,Moderate
Ford,Mustang GT,2001,52675,Gasoline,260.0,5-Speed M/T,Black,Black,None reported,Yes,16995,25,0.3226326980028856,0,0,Very Old
BMW,330 i xDrive,2017,59203,Gasoline,248.0,A/T,White,–,None reported,Yes,23000,9,0.3884872643740288,1,0,Moderate
Mercedes-Benz,SL-Class SL550 Roadster,2009,60100,Gasoline,382.0,7-Speed A/T,Black,Black,None reported,Yes,27000,17,0.44924377298214674,1,0,Old
Audi,SQ8 4.0T Premium Plus,2021,43238,Gasoline,500.0,Transmission w/Dual Shift Mode,Black,Red,None reported,Yes,76400,5,1.7669233793565993,1,0,New
MINI,Cooper S Base,2007,118000,Gasoline,172.0,A/T,Beige,Black,None reported,Yes,3600,19,0.030508216032067523,0,1,Old
Ford,Mustang EcoBoost,2021,17300,Gasoline,310.0,10-Speed A/T,Yellow,Black,None reported,Yes,31000,5,1.7918039419686724,0,0,New
Audi,RS 7 4.0T Prestige,2016,64800,Gasoline,560.0,8-Speed A/T,White,Brown,None reported,Yes,50000,10,0.7715930309717443,1,0,Moderate
Mercedes-Benz,GLC 300 GLC 300,2022,1408,Gasoline,2.0,Automatic,Lunar Blue Metallic,–,None reported,Yes,46798,4,33.21362668559262,1,0,New
Volkswagen,Touareg TDI Lux,2015,15167,Diesel,240.0,8-Speed A/T,Gold,Black,None reported,Yes,35000,11,2.307489451476793,0,0,Old
Porsche,Cayenne GTS,2016,64600,Gasoline,440.0,8-Speed A/T,White,Red,None reported,Yes,41000,10,0.6346650980634975,1,0,Moderate
Jeep,Grand Wagoneer Series III,2022,31112,Gasoline,471.0,8-Speed A/T,Black,Black,None reported,Yes,83000,4,2.6676951756500498,0,0,New
Tesla,Model X 100D,2018,23250,Gasoline,518.0,1-Speed A/T,Gray,White,None reported,Yes,57000,8,2.4515074620446433,1,0,Moderate
MINI,Cooper S Base,2011,63500,Gasoline,181.0,6-Speed M/T,Silver,Black,None reported,Yes,10500,15,0.16535172674446072,0,0,Old
RAM,1500 Laramie,2022,13464,Gasoline,5.7,8-Speed Automatic,Diamond Black,Black,None reported,Yes,46999,4,3.490456739695507,0,0,New
Chevrolet,Camaro Base,2001,64776,Gasoline,200.0,A/T,Black,Gray,None reported,Yes,7500,25,0.11578183614554549,0,0,Very Old
Jeep,Cherokee X,2022,9601,Gasoline,3.2,Automatic,Sting Gray Clearcoat,Black,None reported,Yes,33498,4,3.4886481982920223,0,0,New
BMW,ALPINA B7 xDrive,2013,135000,Gasoline,445.0,A/T,Black,Black,At least 1 accident or damage reported,Yes,14000,13,0.10370293553381087,1,1,Old
INFINITI,Q50 3.0T Premium,2016,49872,Gasoline,300.0,7-Speed A/T,Gray,Black,At least 1 accident or damage reported,Yes,21500,10,0.43109498125238105,0,0,Moderate
MINI,Cooper Base,2009,90367,Gasoline,118.0,6-Speed M/T,Red,Black,None reported,Yes,9250,17,0.10235924220963173,0,0,Old
Porsche,911 Carrera 4S,2014,36670,Gasoline,400.0,Transmission w/Dual Shift Mode,White,Black,None reported,Yes,82499,12,2.2497068528264843,1,0,Old
Jeep,Grand Wagoneer Base,2023,3752,Gasoline,6.4,8-Speed Automatic,Ember Pearlcoat,Global Black,None reported,Yes,84620,3,22.547295496935785,0,0,New
Lexus,RX 350 Base,2021,30761,Gasoline,3.5,8-Speed Automatic,Eminent White Pearl,Black,None reported,Yes,44950,5,1.4612183863207855,1,0,New
RAM,1500 Laramie,2022,13438,Gasoline,5.7,8-Speed Automatic,Diamond Black,Black,None reported,Yes,46599,4,3.467445494456433,0,0,New
Jeep,Gladiator Overland,2020,9100,Gasoline,285.0,8-Speed A/T,Red,Black,None reported,Yes,49895,6,5.482364575321394,0,0,Moderate
Audi,A6 2.0T Premium Plus,2016,96000,Gasoline,252.0,8-Speed A/T,Black,Black,None reported,Yes,21990,10,0.2290601139571463,1,0,Moderate
Chevrolet,Silverado 1500 Z71 Extended Cab,2004,185000,Gasoline,295.0,4-Speed A/T,Red,Gray,At least 1 accident or damage reported,Yes,10500,22,0.056756449965135326,0,1,Very Old
Porsche,Taycan Base,2021,6900,Gasoline,375.0,2-Speed A/T,White,Beige,None reported,Yes,79999,5,11.592377916244022,1,0,New
Honda,Accord Hybrid Touring,2017,96400,Hybrid,212.0,CVT Transmission,White,Beige,At least 1 accident or damage reported,Yes,18500,9,0.19190672295930541,0,0,Moderate
RAM,2500 SLT,2018,67865,Gasoline,410.0,6-Speed A/T,White,Gray,None reported,Yes,36500,8,0.5378245365868034,0,0,Moderate
Land,Rover Range Rover Sport Supercharged,2015,64300,E85 Flex Fuel,550.0,Transmission w/Dual Shift Mode,Blue,Black,None reported,Yes,44850,11,0.6975008164725276,1,0,Old
Chevrolet,Colorado ZR2,2018,76500,Gasoline,308.0,8-Speed A/T,White,Black,None reported,Yes,33500,8,0.4379027725127776,0,0,Moderate
GMC,Sierra 2500 Denali,2017,96343,Diesel,445.0,6-Speed A/T,Blue,Beige,At least 1 accident or damage reported,Yes,53000,9,0.5501120983143735,0,0,Moderate
Subaru,Crosstrek 2.0i Limited,2018,74600,Gasoline,152.0,Transmission w/Dual Shift Mode,Blue,Black,None reported,Yes,24000,8,0.321711505207705,0,0,Moderate
Subaru,Outback 2.5i Limited,2014,157530,Gasoline,2.5,Automatic CVT,Twilight Blue Metallic,Black,At least 1 accident or damage reported,Yes,9995,12,0.0634478293161346,0,1,Old
Jeep,Wrangler Unlimited Rubicon,2012,80000,Gasoline,285.0,A/T,Orange,Black,None reported,Yes,30000,14,0.37499531255859303,0,0,Old
Tesla,Model S 100D,2018,83424,Gasoline,518.0,1-Speed A/T,Gray,Beige,None reported,Yes,45000,8,0.5394066526820498,1,0,Moderate
Mercedes-Benz,C-Class C 300 4MATIC,2021,19000,Gasoline,255.0,A/T,Blue,Beige,None reported,Yes,37999,5,1.9998421135729698,1,0,New
Porsche,911 Carrera S,2013,64000,Gasoline,400.0,7-Speed A/T,Gray,Black,At least 1 accident or damage reported,Yes,67000,13,1.0468586428337057,1,0,Old
Mercedes-Benz,GLS 450 Base 4MATIC,2019,34068,Gasoline,362.0,9-Speed A/T,White,Beige,None reported,Yes,46900,7,1.3766180398602836,1,0,Moderate
Buick,Envision Preferred,2021,20104,Gasoline,2.0,9-Speed Automatic,Burnished Bronze Metallic,Ebony,None reported,Yes,33295,5,1.656055707535439,0,0,New
Nissan,Armada Platinum,2022,8400,Gasoline,400.0,7-Speed A/T,Red,Beige,None reported,Yes,59950,4,7.136055231520057,0,0,New
Chevrolet,Corvette Stingray w/2LT,2021,24670,Gasoline,490.0,Transmission w/Dual Shift Mode,White,Brown,None reported,Yes,72500,5,2.9386729358355965,0,0,New
Ford,Mustang Shelby GT500,2013,16478,Gasoline,650.0,6-Speed M/T,White,Black,None reported,Yes,66400,13,4.029370714242369,0,0,Old
Ford,F-150 XL,2018,52500,E85 Flex Fuel,395.0,A/T,Gray,Gray,None reported,Yes,35000,8,0.6666539684958381,0,0,Moderate
Porsche,Cayenne Turbo,2004,92500,Gasoline,450.0,Transmission w/Dual Shift Mode,Silver,Black,None reported,Yes,12000,22,0.1297283272613269,1,0,Very Old
Mitsubishi,Eclipse Spyder GT,2008,62930,Gasoline,260.0,A/T,Gray,Black,At least 1 accident or damage reported,Yes,10000,18,0.1589041966598338,0,0,Old
Lexus,GX 470 Base,2007,116600,Gasoline,263.0,5-Speed A/T,White,Gray,None reported,Yes,19975,19,0.1713107091705903,1,1,Old
Dodge,Dakota Big Horn/Lone Star,2010,172024,Gasoline,210.0,4-Speed A/T,Red,Brown,At least 1 accident or damage reported,Yes,7500,16,0.04359831419851766,0,1,Old
Jeep,Wrangler Sport,2012,57237,Gasoline,285.0,A/T,Black,Black,None reported,Yes,22500,14,0.3930954959991614,0,0,Old
Subaru,Outback Limited,2020,44600,Gasoline,182.0,CVT Transmission,Silver,Gray,None reported,Yes,28300,6,0.6345149211901079,0,0,Moderate
Jeep,Wrangler Unlimited Rubicon,2013,181830,Gasoline,285.0,6-Speed M/T,Black,Black,None reported,Yes,21000,13,0.11549185782402341,0,1,Old
Subaru,Ascent Touring 7-Passenger,2021,39948,Gasoline,2.4,Automatic CVT,Ice Silver Metallic,Black,None reported,Yes,36791,5,0.9209492102430599,0,0,New
Ford,F-350 XL,2017,156453,Diesel,440.0,6-Speed A/T,White,Beige,None reported,Yes,40000,9,0.25566620220639935,0,1,Moderate
Porsche,Cayenne Turbo S,2014,156193,Gasoline,550.0,8-Speed A/T,Silver,Black,None reported,Yes,36000,12,0.23048260496561968,1,1,Old
BMW,X1 xDrive28i,2020,27989,Gasoline,228.0,A/T,Gray,Black,None reported,Yes,29000,6,1.0360843158270812,1,0,Moderate
Toyota,4Runner Limited,2014,146700,Gasoline,270.0,5-Speed A/T,Blue,Black,At least 1 accident or damage reported,Yes,24999,12,0.1704078363474005,0,1,Old
GMC,Yukon Denali,2019,88450,Gasoline,420.0,10-Speed A/T,Black,Beige,At least 1 accident or damage reported,Yes,42900,7,0.4850143017037682,0,0,Moderate
Toyota,C-HR LE,2020,14065,Gasoline,2.0,Automatic CVT,Gray,Black,At least 1 accident or damage reported,Yes,27671,6,1.9672259348784302,0,0,Moderate
Subaru,Outback Limited XT,2020,36844,Gasoline,2.4,Automatic CVT,Magnetite Gray Metallic,Black,At least 1 accident or damage reported,Yes,30427,6,0.8258108291491383,0,0,Moderate
Chevrolet,Silverado 1500 LT Trail Boss,2020,49000,Gasoline,355.0,A/T,White,Black,None reported,Yes,44900,6,0.9163078304524398,0,0,Moderate
BMW,X5 xDrive50i,2013,58000,Gasoline,400.0,8-Speed A/T,White,Black,None reported,Yes,17900,13,0.3086153687005396,1,0,Old
Audi,A6 55 Prestige,2021,22800,Hybrid,335.0,A/T,Blue,Brown,None reported,Yes,52000,5,2.2806017279943864,1,0,New
Subaru,Outback 2.5i Limited,2014,78007,Gasoline,173.0,A/T,Blue,Black,None reported,Yes,14750,12,0.18908317095682495,0,0,Old
Ford,F-250 King Ranch,2020,36500,Diesel,475.0,10-Speed A/T,Gray,Brown,None reported,Yes,69900,6,1.9150160269581655,0,0,Moderate
Honda,CR-V EX,2004,156350,Gasoline,160.0,A/T,Brown,Beige,At least 1 accident or damage reported,Yes,3990,22,0.025519504192489974,0,1,Very Old
Lexus,GX 460 Luxury,2021,17710,Gasoline,301.0,A/T,White,Red,None reported,Yes,59000,5,3.3312630568573205,1,0,New
Ford,Explorer XLT,2013,149000,Gasoline,290.0,A/T,Brown,Beige,At least 1 accident or damage reported,Yes,7850,13,0.05268421017308609,0,1,Old
Subaru,Forester 2.5i Limited,2015,90000,Gasoline,170.0,CVT Transmission,Silver,Gray,None reported,Yes,16000,11,0.17777580249108343,0,0,Old
Ford,Bronco Wildtrak Advanced,2022,9990,Gasoline,315.0,Transmission w/Dual Shift Mode,Silver,Black,None reported,Yes,64500,4,6.4558102292062856,0,0,New
Mercedes-Benz,A-Class A 220 4MATIC,2019,28663,Gasoline,2.0,7-Speed Automatic with Auto-Shift,Jupiter Red,Black,None reported,Yes,29500,7,1.0291655037677923,1,0,Moderate
Lexus,NX 200t Base,2015,124250,Gasoline,235.0,A/T,Gray,Orange,At least 1 accident or damage reported,Yes,17900,11,0.14406322685531706,1,1,Old
Ford,F-250 Lariat,2017,50780,Diesel,440.0,6-Speed A/T,White,Black,None reported,Yes,61000,9,1.2012366830113625,0,0,Moderate
Porsche,911 Carrera C4S,2006,65000,Gasoline,355.0,6-Speed M/T,Blue,Gray,None reported,Yes,43000,20,0.6615282841802433,1,0,Old
Toyota,Camry XSE,2022,19361,Gasoline,3.5,Automatic,Red,Black,None reported,Yes,38298,4,1.9779981406879454,0,0,New
BMW,i3 94 Ah,2017,43000,Gasoline,170.0,1-Speed A/T,Black,–,None reported,Yes,16500,9,0.38371200669751865,1,0,Moderate
Mercedes-Benz,E-Class E55 AMG,2005,131000,Gasoline,469.0,5-Speed A/T,Gray,Black,None reported,Yes,16500,21,0.12595323699819086,1,1,Very Old
Toyota,Highlander XLE,2022,31000,Gasoline,295.0,Transmission w/Dual Shift Mode,Gray,Gray,None reported,Yes,43000,4,1.3870520305796588,0,0,New
Volvo,S60 Recharge Plug-In Hybrid T8 Inscription,2021,24158,Plug-In Hybrid,400.0,8-Speed A/T,Gray,Black,None reported,Yes,44900,5,1.8585206341322074,0,0,New
Audi,A6 3.0T Premium Plus,2016,72865,Gasoline,333.0,A/T,Black,Black,At least 1 accident or damage reported,Yes,22000,10,0.30192407981774766,1,0,Moderate
Mercedes-Benz,E-Class E 350 4MATIC,2014,89563,Gasoline,302.0,7-Speed A/T,Blue,Black,None reported,Yes,18995,12,0.21208297976865706,1,0,Old
Nissan,Juke SL,2012,72639,Gasoline,188.0,CVT Transmission,Black,Black,At least 1 accident or damage reported,Yes,15000,14,0.2064977973568282,0,0,Old
Mercedes-Benz,CLS-Class CLS 550,2012,79000,Gasoline,402.0,7-Speed A/T,Black,Black,None reported,Yes,19999,14,0.25314869432032505,1,0,Old
Audi,A3 2.0T Premium,2012,111564,Gasoline,200.0,6-Speed A/T,White,Black,None reported,Yes,11200,14,0.10038990722896966,1,1,Old
Lexus,GX 460 Base,2018,75000,Gasoline,301.0,6-Speed A/T,White,Beige,At least 1 accident or damage reported,Yes,38095,8,0.507926560979187,1,0,Moderate
Ford,Mustang Premium,2007,169613,Gasoline,210.0,A/T,Black,Black,At least 1 accident or damage reported,Yes,5900,19,0.03478486445694341,0,1,Old
Honda,Pilot EX-L,2011,175000,Gasoline,250.0,5-Speed A/T,Black,Gray,None reported,Yes,9000,15,0.0514282775526997,0,1,Old
BMW,540 i,2017,98500,Gasoline,335.0,8-Speed A/T,Black,Black,None reported,Yes,24500,9,0.2487284393051847,1,0,Moderate
Chrysler,300 S,2012,53000,Gasoline,292.0,Transmission w/Dual Shift Mode,Black,Black,At least 1 accident or damage reported,Yes,13750,14,0.25942906737608723,0,0,Old
RAM,2500 Longhorn,2015,72200,Diesel,370.0,6-Speed A/T,Black,Black,None reported,Yes,52500,11,0.7271367432584036,0,0,Old
Acura,TSX Base,2005,151600,Gasoline,200.0,6-Speed M/T,Black,Black,None reported,Yes,7899,21,0.052103877942757636,0,1,Very Old
Lotus,Evora 2+2,2011,20000,Gasoline,276.0,6-Speed M/T,White,Red,None reported,Yes,51000,15,2.5498725063746814,0,0,Old
Chevrolet,Avalanche 1500 LT,2010,170000,E85 Flex Fuel,320.0,A/T,Black,Black,At least 1 accident or damage reported,Yes,9000,16,0.05294086505373498,0,1,Old
Ford,F-150 XLT,2019,69800,E85 Flex Fuel,395.0,10-Speed A/T,Silver,Gray,None reported,Yes,34600,7,0.4956949040844687,0,0,Moderate
Toyota,Tundra SR5,2020,26300,Gasoline,381.0,6-Speed A/T,Gray,Gray,At least 1 accident or damage reported,Yes,46199,6,1.7565491806395195,0,0,Moderate
Honda,Fit Sport,2007,156111,Gasoline,109.0,Transmission w/Dual Shift Mode,Red,Black,At least 1 accident or damage reported,Yes,5200,19,0.033309418878753716,0,1,Old
Chevrolet,Silverado 2500 LTZ,2016,172600,Diesel,397.0,A/T,Red,Black,At least 1 accident or damage reported,Yes,32500,10,0.1882955486932289,0,1,Moderate
Honda,Accord Crosstour EX-L,2010,145000,Gasoline,271.0,A/T,Green,Black,None reported,Yes,9000,16,0.062068537458362355,0,1,Old
Ford,F-250 XLT Super Duty,2001,64309,Gasoline,260.0,A/T,White,Gray,None reported,Yes,7500,25,0.11662260923651065,0,0,Very Old
Buick,Envision Essence,2020,28548,Gasoline,2.5,6-Speed Automatic,Ebony Twilight Metallic,Ebony,None reported,Yes,32063,6,1.1230866229990542,0,0,Moderate
Volkswagen,Atlas 3.6L SEL Premium R-Line,2022,14000,Gasoline,276.0,8-Speed A/T,Gray,Black,None reported,Yes,46900,4,3.3497607313763305,0,0,New
Mercedes-Benz,CLS 450 Base,2019,67000,Hybrid,369.0,Transmission w/Dual Shift Mode,Yellow,Black,None reported,Yes,44500,7,0.6641691915046044,1,0,Moderate
Jeep,Wrangler Unlimited Sport,2017,84786,Gasoline,285.0,5-Speed A/T,Gray,Black,None reported,Yes,23500,9,0.27716513144703786,0,0,Moderate
Mercedes-Benz,S-Class S 63 AMG,2008,93000,Gasoline,518.0,A/T,Black,Black,None reported,Yes,17800,18,0.19139579144310276,1,0,Old
Hyundai,Genesis Coupe 3.8 Track,2010,127500,Gasoline,306.0,6-Speed M/T,Blue,Black,At least 1 accident or damage reported,Yes,6000,16,0.04705845444349456,0,1,Old
Ford,Mustang Mach-E GT,2022,8000,Gasoline,480.0,1-Speed A/T,Blue,Black,None reported,Yes,60999,4,7.623922009748782,0,0,New
GMC,Canyon Elevation Standard,2022,16500,Gasoline,308.0,8-Speed A/T,Gray,Gray,None reported,Yes,32900,4,1.9938185564511242,0,0,New
Jaguar,XK Base,2013,55700,Gasoline,385.0,6-Speed A/T,Black,Black,None reported,Yes,27200,13,0.48832157411895655,1,0,Old
Ford,F-250 LARIAT,2021,42245,Diesel,8.0,Automatic,Agate Black Metallic,Black,None reported,Yes,76598,5,1.81314207262226,0,0,New
Toyota,RAV4 Base,2009,78500,Gasoline,179.0,4-Speed A/T,Silver,–,None reported,Yes,12000,17,0.1528642947223602,0,0,Old
Ford,Expedition Platinum,2018,48619,Gasoline,400.0,10-Speed A/T,Gray,White,None reported,Yes,51499,8,1.059214315096668,0,0,Moderate
Jeep,Wrangler Unlimited 4xe Sahara,2021,51105,Hybrid,2.0,8-Speed Automatic,Black Clearcoat,Black,None reported,Yes,42700,5,0.8355183344421399,0,0,New
Ford,F-150 XLT,2016,25880,E85 Flex Fuel,282.0,6-Speed A/T,Red,Gray,None reported,Yes,25500,10,0.9852787759360149,0,0,Moderate
Toyota,Tacoma SR5,2018,25083,Gasoline,3.5,6-Speed Automatic,Red,Gray,At least 1 accident or damage reported,Yes,34955,8,1.393517780258332,0,0,Moderate
Audi,TT Roadster quattro,2002,69300,Gasoline,225.0,6-Speed M/T,Gray,Black,At least 1 accident or damage reported,Yes,9995,24,0.14422591304598778,1,0,Very Old
Toyota,Highlander Hybrid Limited Platinum,2019,46000,Hybrid,306.0,CVT Transmission,Silver,Black,None reported,Yes,40000,7,0.8695463142105606,0,0,Moderate
Jeep,Liberty Sport,2008,141485,Gasoline,210.0,A/T,Black,Gray,At least 1 accident or damage reported,Yes,6500,18,0.0459409411531883,0,1,Old
Toyota,Sequoia Limited,2018,63990,Gasoline,381.0,6-Speed A/T,White,Gray,At least 1 accident or damage reported,Yes,48000,8,0.7501054835836289,0,0,Moderate
Ford,Transit-350 Base,2020,19400,Gasoline,310.0,A/T,White,Black,None reported,Yes,58000,6,2.9895366218236172,0,0,Moderate
Subaru,BRZ Limited,2013,129858,Gasoline,200.0,6-Speed A/T,Silver,Black,At least 1 accident or damage reported,Yes,13490,13,0.1038819026790596,0,1,Old
Volvo,XC60 3.2,2012,102000,Gasoline,240.0,6-Speed A/T,Blue,Beige,None reported,Yes,10800,14,0.10588131488906971,0,1,Old
Subaru,Impreza WRX Sti Special Edition,2010,8700,Gasoline,305.0,6-Speed M/T,Gray,Black,None reported,Yes,39900,16,4.585679806918745,0,0,Old
Chevrolet,Bolt EV LT,2018,49279,Gasoline,200.0,1-Speed A/T,Red,Gray,None reported,Yes,17500,8,0.35511363636363635,0,0,Moderate
Chevrolet,Monte Carlo Supercharged SS,2004,148800,Gasoline,240.0,A/T,Red,Black,None reported,Yes,6500,22,0.04368250213372222,0,1,Very Old
Cadillac,Escalade Platinum Edition,2012,160249,E85 Flex Fuel,403.0,A/T,Black,Black,None reported,Yes,12900,14,0.08049921996879875,0,1,Old
Chrysler,300M Base,2004,45000,Gasoline,250.0,A/T,Gray,Gray,None reported,Yes,6000,22,0.13333037043621254,0,0,Very Old
Chevrolet,Silverado 2500 LT H/D Extended Cab,2006,169000,Diesel,360.0,6-Speed A/T,White,Gray,None reported,Yes,19500,20,0.11538393263945183,0,1,Old
Mercedes-Benz,AMG C 63 S,2017,46000,Gasoline,503.0,7-Speed A/T,Gray,Black,None reported,Yes,56000,9,1.217364839894785,1,0,Moderate
Acura,TLX V6 Tech,2015,38000,Gasoline,290.0,9-Speed A/T,White,Black,None reported,Yes,21900,11,0.5763006236677982,0,0,Old
Chevrolet,Corvette Z06,2006,42000,Gasoline,505.0,6-Speed M/T,Orange,Black,None reported,Yes,42000,20,0.9999761910430705,0,0,Old
Lexus,NX 350h Premium,2024,300,Hybrid,240.0,A/T,Black,Black,None reported,Yes,50999,2,169.43189368770763,1,0,New
Mercedes-Benz,SLK-Class SLK 350,2008,120800,Gasoline,268.0,7-Speed A/T,Red,Beige,None reported,Yes,13900,18,0.11506527263847154,1,1,Old
Jeep,Wrangler Unlimited Sahara,2020,76313,Gasoline,2.0,8-Speed Automatic,Hellayella Clearcoat,Black,None reported,Yes,35234,6,0.4616977225672878,0,0,Moderate
Chevrolet,Silverado 1500 LT,2012,104000,E85 Flex Fuel,315.0,6-Speed A/T,Blue,Gray,At least 1 accident or damage reported,Yes,16500,14,0.15865232065076298,0,1,Old
Lexus,GX 460 Base,2010,97097,Gasoline,301.0,A/T,Red,Beige,At least 1 accident or damage reported,Yes,22000,16,0.22657521267173372,1,0,Old
Jeep,Wrangler Unlimited X,2008,136731,Gasoline,202.0,A/T,Yellow,Gray,None reported,Yes,15900,18,0.11628587309481321,0,1,Old
RAM,1500 Tradesman/Express,2017,40200,Gasoline,395.0,A/T,Blue,Gray,At least 1 accident or damage reported,Yes,24000,9,0.5970000746250094,0,0,Moderate
Ford,Explorer ST,2021,39105,Gasoline,3.0,10-Speed Automatic,Black,–,None reported,Yes,44605,5,1.1406178080090013,0,0,New
BMW,M4 Competition,2021,12500,Gasoline,503.0,8-Speed A/T,Gray,Blue,At least 1 accident or damage reported,Yes,90000,5,7.199424046076314,1,0,New
Chevrolet,Colorado ZR2,2019,38900,Gasoline,308.0,8-Speed A/T,White,Black,None reported,Yes,34700,7,0.8920079175342536,0,0,Moderate
Lincoln,Navigator L Select,2016,84272,Gasoline,380.0,6-Speed A/T,Black,Black,At least 1 accident or damage reported,Yes,25221,10,0.2992773486169948,0,0,Moderate
Mercedes-Benz,E-Class E 350,2016,58375,Gasoline,302.0,A/T,White,Beige,None reported,Yes,24999,10,0.4282410579690284,1,0,Moderate
Ford,Mustang Shelby GT500,2007,7346,Gasoline,500.0,6-Speed M/T,Red,Black,None reported,Yes,40999,19,5.5803729413366,0,0,Old
Dodge,Charger SRT8,2008,98231,Gasoline,425.0,5-Speed A/T,Blue,Black,At least 1 accident or damage reported,Yes,15500,18,0.15778972229008878,0,0,Old
Jaguar,XK Base,2007,56000,Gasoline,300.0,A/T,White,Beige,None reported,Yes,18000,19,0.3214228317351476,1,0,Old
Honda,Civic EX,2020,13935,Gasoline,174.0,CVT Transmission,Gray,Black,None reported,Yes,26000,6,1.8656716417910448,0,0,Moderate
Subaru,Impreza 2.0i,2019,30000,Gasoline,152.0,CVT Transmission,Gray,Black,At least 1 accident or damage reported,Yes,21250,7,0.708309723009233,0,0,Moderate
Saab,9-3 Aero,2009,106000,Gasoline,280.0,6-Speed A/T,Red,Black,None reported,Yes,12950,17,0.12216865878623787,0,1,Old
BMW,650 Gran Coupe i xDrive,2014,82978,Gasoline,445.0,8-Speed A/T,Black,White,None reported,Yes,18700,12,0.22535822316489715,1,0,Old
Jeep,Wrangler Unlimited Sport,2018,58500,Gasoline,285.0,8-Speed A/T,Black,Black,None reported,Yes,35000,8,0.5982803712757047,0,0,Moderate
Ford,F-350 King Ranch,2015,92421,Diesel,440.0,6-Speed A/T,White,Brown,None reported,Yes,51900,11,0.5615546082101665,0,0,Old
Mazda,CX-30 Preferred,2020,9927,Gasoline,2.5,6-Speed Automatic,Snowflake White Pearl,Black,None reported,Yes,27518,6,2.7717566478646254,0,0,Moderate
Jeep,Wrangler Sport,2000,122945,Gasoline,181.0,5-Speed M/T,Beige,Brown,None reported,Yes,13900,26,0.11305776519772909,0,1,Very Old
Lexus,RX 330 Base,2006,110250,Gasoline,230.0,A/T,White,Beige,None reported,Yes,11000,20,0.09977233766587151,1,1,Old
INFINITI,QX56 Base,2011,103010,Gasoline,400.0,7-Speed A/T,Black,Beige,None reported,Yes,13500,15,0.13105396511052217,0,1,Old
Hyundai,Veloster Value Edition,2017,55359,Gasoline,1.6,6-Speed Automatic with Auto-Shift,Ironman Silver,Black,None reported,Yes,15599,9,0.2817738439306358,0,0,Moderate
Chevrolet,Silverado 1500 LT Extended Cab,2002,118500,Gasoline,285.0,A/T,Silver,Black,At least 1 accident or damage reported,Yes,5900,24,0.04978860937882381,0,1,Very Old
Land,Rover Range Rover HSE SWB,2020,41500,Hybrid,395.0,8-Speed A/T,Gray,Gray,None reported,Yes,68000,6,1.6385147345847089,1,0,Moderate
BMW,M4 Base,2020,28000,Gasoline,425.0,7-Speed A/T,White,White,None reported,Yes,59900,6,2.139209313953073,1,0,Moderate
Mercedes-Benz,E-Class E 350,2014,53500,Gasoline,302.0,A/T,Black,Brown,None reported,Yes,24500,12,0.45793536569409915,1,0,Old
Honda,Accord Hybrid Base,2021,33523,Hybrid,2.0,Automatic CVT,Lunar Silver Metallic,Gray,None reported,Yes,28748,5,0.8575349003698842,0,0,New
Toyota,Prius v Three,2016,86300,Hybrid,134.0,A/T,Gray,Black,At least 1 accident or damage reported,Yes,18000,10,0.20857232245281052,0,0,Moderate
Subaru,WRX Premium,2022,7738,Gasoline,271.0,Transmission w/Dual Shift Mode,Orange,Black,At least 1 accident or damage reported,Yes,33000,4,4.264116810957488,0,0,New
Ford,Explorer ST,2022,14361,Gasoline,400.0,10-Speed A/T,Black,Black,None reported,Yes,51500,4,3.5858515527085366,0,0,New
Chevrolet,Suburban LT,2016,98000,E85 Flex Fuel,355.0,Transmission Overdrive Switch,Gray,Gray,At least 1 accident or damage reported,Yes,30000,10,0.306119325313007,0,0,Moderate
Chevrolet,Silverado 1500 Limited Custom,2022,30455,Gasoline,2.7,Automatic,Summit White,Jet Black,None reported,Yes,37698,4,1.2377856579984239,0,0,New
Ford,Explorer Platinum,2020,64552,Gasoline,3.0,10-Speed Automatic,Iconic Silver Metallic,Ebony,At least 1 accident or damage reported,Yes,36750,6,0.569299645252738,0,0,Moderate
Lexus,RX 350 Base,2017,103866,Gasoline,295.0,8-Speed A/T,Beige,Beige,At least 1 accident or damage reported,Yes,24700,9,0.2378041148776801,1,1,Moderate
Land,Rover Range Rover 3.0L V6 Supercharged HSE,2019,35650,Gasoline,380.0,8-Speed A/T,Black,Black,At least 1 accident or damage reported,Yes,57999,7,1.6268547866820005,1,0,Moderate
Ford,Explorer Platinum,2021,64957,Gasoline,3.0,10-Speed Automatic,Black,Light Slate,None reported,Yes,39979,5,0.6154592198035653,0,0,New
Chevrolet,Equinox 2LT,2012,96653,Gasoline,264.0,6-Speed A/T,Black,Brown,At least 1 accident or damage reported,Yes,7500,14,0.07759637469737414,0,0,Old
Dodge,Challenger SXT,2022,29500,Gasoline,303.0,8-Speed A/T,Gray,Black,None reported,Yes,31000,4,1.0508118368868853,0,0,New
Volvo,XC70 T6 Platinum,2012,69000,Gasoline,300.0,A/T,Silver,Black,At least 1 accident or damage reported,Yes,15900,14,0.23043144302256488,0,0,Old
Lexus,GX 470 Base,2005,198000,Gasoline,270.0,5-Speed A/T,Gray,Gray,At least 1 accident or damage reported,Yes,15500,21,0.07828243291700547,1,1,Very Old
Volvo,XC70 3.2,2008,170000,Gasoline,235.0,6-Speed A/T,White,Beige,None reported,Yes,7000,18,0.0411762283751272,0,1,Old
Nissan,350Z NISMO,2008,76500,Gasoline,306.0,6-Speed M/T,Silver,Red,At least 1 accident or damage reported,Yes,28000,18,0.36600828747336633,0,0,Old
Porsche,911 Turbo,2007,73500,Gasoline,480.0,5-Speed A/T,Black,Black,None reported,Yes,75499,19,1.027183303628522,1,0,Old
Land,Rover Range Rover SWB,2020,29000,Hybrid,355.0,A/T,Black,Black,None reported,Yes,70000,6,2.413709872073377,1,0,Moderate
Porsche,Cayenne E-Hybrid S Platinum Edition,2017,69404,Plug-In Hybrid,416.0,8-Speed A/T,Black,Beige,At least 1 accident or damage reported,Yes,29500,9,0.4250414235285642,1,0,Moderate
Lexus,IS 350 Base,2007,103000,Gasoline,306.0,6-Speed A/T,Red,Beige,At least 1 accident or damage reported,Yes,12900,19,0.12524150250968438,1,1,Old
Porsche,Macan S,2015,70500,Gasoline,340.0,Transmission w/Dual Shift Mode,Silver,Black,At least 1 accident or damage reported,Yes,26500,11,0.3758811931745649,1,0,Old
Land,Rover Range Rover 5.0L Supercharged,2016,64000,Gasoline,510.0,Transmission w/Dual Shift Mode,White,White,None reported,Yes,36995,10,0.5780378431587007,1,0,Moderate
GMC,Savana 2500 Work Van,2018,63460,E85 Flex Fuel,341.0,A/T,White,Beige,None reported,Yes,33000,8,0.5200044121586486,0,0,Moderate
Toyota,4Runner SR5,2018,32199,Gasoline,270.0,A/T,Silver,Black,None reported,Yes,35500,8,1.1024844720496894,0,0,Moderate
Hyundai,Palisade SEL,2020,69487,Gasoline,291.0,A/T,White,Black,None reported,Yes,32000,6,0.46051116739580933,0,0,Moderate
GMC,Sierra 2500 Denali,2015,86000,Diesel,397.0,A/T,Gray,Brown,None reported,Yes,49000,11,0.5697608167346891,0,0,Old
Genesis,GV70 3.5T Sport,2022,8730,Gasoline,3.5,8-Speed Automatic,Alta White,Red,None reported,Yes,48219,4,5.522735081892108,0,0,New
Dodge,Ram Van 1500,2002,70000,Gasoline,175.0,A/T,Red,Beige,At least 1 accident or damage reported,Yes,8000,24,0.11428408165597634,0,0,Very Old
Chevrolet,Impala 1LT,2017,70000,Gasoline,305.0,6-Speed A/T,White,Gray,At least 1 accident or damage reported,Yes,17900,9,0.2557106327052471,0,0,Moderate
Audi,A4 2.0T Premium Plus,2015,83420,E85 Flex Fuel,220.0,8-Speed A/T,Red,Gray,At least 1 accident or damage reported,Yes,16000,11,0.19179822826386642,1,0,Old
Nissan,Altima 2.5 S,2003,189000,Gasoline,175.0,A/T,Silver,Beige,At least 1 accident or damage reported,Yes,2899,23,0.015338543182311204,0,1,Very Old
Porsche,911 Carrera 4S,2017,31500,Gasoline,420.0,7-Speed A/T,Blue,Red,None reported,Yes,97555,9,3.096885813148789,1,0,Moderate
BMW,X1 xDrive 28i,2015,85766,Gasoline,240.0,A/T,Gray,Black,None reported,Yes,13000,11,0.1515734489955344,1,0,Old
GMC,Yukon Denali,2018,92800,Gasoline,420.0,10-Speed A/T,White,Black,None reported,Yes,34000,8,0.3663753623344576,0,0,Moderate
Land,Rover Defender SE,2021,13970,Hybrid,395.0,A/T,Gray,Black,None reported,Yes,75500,5,5.404051249015819,1,0,New
Scion,xB Base,2011,95426,Gasoline,158.0,A/T,Green,Gray,None reported,Yes,8000,15,0.08383371582466179,0,0,Old
Honda,S2000 Base,2001,119900,Gasoline,240.0,6-Speed M/T,Black,Red,At least 1 accident or damage reported,Yes,18000,25,0.15012385217804688,0,1,Very Old
Mazda,CX-30 Select,2020,23162,Gasoline,2.5,6-Speed Automatic,Soul Red Crystal Metallic,Black,None reported,Yes,25495,6,1.1006778051202348,0,0,Moderate
BMW,M4 Competition,2023,3950,Gasoline,503.0,A/T,White,Blue,None reported,Yes,83500,3,21.133890154391292,1,0,New
Porsche,911 Carrera 4S,2006,80000,Gasoline,355.0,6-Speed M/T,Black,Beige,None reported,Yes,43000,20,0.5374932813339833,1,0,Old
Ford,F-250 Lariat,2015,94634,E85 Flex Fuel,385.0,A/T,White,Black,At least 1 accident or damage reported,Yes,32500,11,0.34342473714798966,0,0,Old
Chevrolet,Corvette Base,2007,65000,Gasoline,400.0,6-Speed A/T,Silver,Beige,At least 1 accident or damage reported,Yes,33885,19,0.5212996723127337,0,0,Old
Lexus,LS 460 L,2008,100000,Gasoline,380.0,A/T,Black,Black,At least 1 accident or damage reported,Yes,11500,18,0.11499885001149988,1,0,Old
Toyota,Sienna XSE 25th Anniversary,2023,500,Hybrid,245.0,A/T,White,Black,None reported,Yes,59500,3,118.7624750499002,0,0,New
Audi,A4 2.0T Premium quattro,2011,181000,Gasoline,211.0,A/T,White,Black,None reported,Yes,5500,15,0.030386572449875967,1,1,Old
Mercedes-Benz,GLC 300 Base 4MATIC,2018,48700,Gasoline,241.0,9-Speed A/T,Blue,Brown,None reported,Yes,27900,8,0.5728835136855506,1,0,Moderate
Toyota,86 860 Special Edition,2017,87500,Gasoline,200.0,6-Speed A/T,Silver,Black,None reported,Yes,20000,9,0.22856881635638449,0,0,Moderate
Jaguar,XJ8 L,2000,45000,Gasoline,290.0,A/T,Silver,Beige,None reported,Yes,12500,26,0.2777716050754428,1,0,Very Old
Chevrolet,Corvette Base,1996,85760,Gasoline,300.0,4-Speed A/T,Silver,Black,None reported,Yes,14500,30,0.16907452105269294,0,0,Very Old
Tesla,Model 3 Long Range,2018,36187,Gasoline,271.0,1-Speed A/T,White,Black,None reported,Yes,28895,8,0.7984691057809219,1,0,Moderate
Hyundai,Tucson SEL,2022,13666,Gasoline,2.5,8-Speed Automatic,Portofino Gray,Black,None reported,Yes,27999,4,2.048657349820736,0,0,New
Porsche,911 Carrera S,2007,50500,Gasoline,355.0,6-Speed M/T,Silver,Black,None reported,Yes,56000,19,1.108888932892418,1,0,Old
Lincoln,Nautilus Reserve,2021,19291,Gasoline,2.0,8-Speed Automatic,Black,Ebony,None reported,Yes,44340,5,2.298362015343147,0,0,New
Ford,Mustang Boss 302,2012,1295,Gasoline,444.0,M/T,Silver,Black,None reported,Yes,49990,14,38.57253086419753,0,0,Old
Cadillac,Escalade Premium Luxury,2017,55000,Gasoline,420.0,8-Speed A/T,White,Beige,At least 1 accident or damage reported,Yes,49900,9,0.9072562317048781,0,0,Moderate
MINI,Cooper Base,2010,74000,Gasoline,118.0,6-Speed M/T,Yellow,Black,None reported,Yes,9650,16,0.1304036431940109,0,0,Old
Dodge,Durango R/T,2022,14976,Gasoline,5.7,8-Speed Automatic,White Knuckle Clearcoat,Black,None reported,Yes,49999,4,3.3383855244708553,0,0,New
BMW,X5 xDrive35i,2018,25348,Gasoline,3.0,8-Speed Automatic,Imperial Blue Metallic,Black,At least 1 accident or damage reported,Yes,33889,8,1.336896919010612,1,0,Moderate
Chevrolet,Corvette Base,2010,23133,Gasoline,430.0,6-Speed M/T,White,Black,None reported,Yes,35000,16,1.512924699576381,0,0,Old
Jaguar,XE 20d Prestige,2018,34322,Diesel,2.0,Automatic,Blue,Beige,None reported,Yes,29998,8,0.8739912012353233,1,0,Moderate
Dodge,Challenger R/T,2021,39960,Gasoline,375.0,8-Speed A/T,White,Gray,At least 1 accident or damage reported,Yes,28500,5,0.7131953654813443,0,0,New
BMW,550 i xDrive,2016,76400,Gasoline,445.0,8-Speed A/T,Black,Black,At least 1 accident or damage reported,Yes,31300,10,0.4096805015641157,1,0,Moderate
Ford,Explorer XLT,2022,18533,Gasoline,2.3,10-Speed Automatic,White,Ebony,None reported,Yes,38978,4,2.1030538469839213,0,0,New
GMC,Yukon XL Denali,2023,7500,Gasoline,420.0,10-Speed A/T,Gray,Black,None reported,Yes,92888,3,12.383415544594055,0,0,New
INFINITI,QX80 SENSORY,2022,26520,Gasoline,400.0,7-Speed A/T,Blue,Brown,At least 1 accident or damage reported,Yes,64000,4,2.4131820067116623,0,0,New
Land,Rover Range Rover 3.0L Supercharged,2014,59500,E85 Flex Fuel,340.0,A/T,Red,Black,None reported,Yes,33800,12,0.5680576797028621,1,0,Old
Honda,Pilot EX-L,2020,44000,Gasoline,280.0,A/T,White,Black,None reported,Yes,34999,6,0.7954137405968046,0,0,Moderate
Pontiac,Firebird Base,2001,111000,Gasoline,200.0,A/T,White,Gray,None reported,Yes,11000,25,0.09909820632246556,0,1,Very Old
Toyota,4Runner Limited,2016,82260,Gasoline,4.0,5-Speed Automatic,Nautical Blue Pearl,Black,None reported,Yes,31906,10,0.38786302135884565,0,0,Moderate
Porsche,911 Carrera Cabriolet,2006,52744,Gasoline,325.0,Transmission w/Dual Shift Mode,Gray,Black,At least 1 accident or damage reported,Yes,37500,20,0.7109678642525358,1,0,Old
BMW,i8 Base,2019,28200,Plug-In Hybrid,369.0,Transmission w/Dual Shift Mode,Gray,Beige,At least 1 accident or damage reported,Yes,79950,7,2.8350058508563527,1,0,Moderate
Nissan,Maxima GLE,2000,194277,Gasoline,222.0,A/T,Blue,Beige,At least 1 accident or damage reported,Yes,2300,26,0.011838705360359896,0,1,Very Old
Pontiac,Firebird Trans Am,2001,91812,Gasoline,310.0,A/T,Green,Black,None reported,Yes,12850,25,0.13995839369152516,0,0,Very Old
Chevrolet,Suburban Premier,2018,84224,Gasoline,5.3,6-Speed Automatic,Tungsten Metallic,Jet Black,None reported,Yes,43775,8,0.5197387948946275,0,0,Moderate
BMW,X2 xDrive28i,2018,66690,Gasoline,228.0,Transmission w/Dual Shift Mode,Gray,Black,At least 1 accident or damage reported,Yes,24900,8,0.37336372224138187,1,0,Moderate
Mercedes-Benz,AMG C 43 Base 4MATIC,2018,41500,Gasoline,362.0,9-Speed A/T,White,Brown,At least 1 accident or damage reported,Yes,39848,8,0.9601696344666394,1,0,Moderate
BMW,750 i xDrive,2014,85095,Gasoline,445.0,8-Speed A/T,Black,Brown,At least 1 accident or damage reported,Yes,24900,12,0.29261069850521765,1,0,Old
Volvo,S60 T5 Premier Plus,2015,39000,Gasoline,250.0,Transmission w/Dual Shift Mode,Silver,Gray,At least 1 accident or damage reported,Yes,17900,11,0.4589625907028025,0,0,Old
Tesla,Model Y Long Range,2022,20500,Gasoline,425.0,1-Speed A/T,Gray,Black,None reported,Yes,46500,4,2.2681820399004926,1,0,New
Ford,F-350 Platinum,2019,112000,Diesel,450.0,6-Speed A/T,Black,Black,None reported,Yes,61995,7,0.5535218435549683,0,1,Moderate
Audi,A3 2.0T Premium,2016,90360,Gasoline,220.0,A/T,Black,Black,At least 1 accident or damage reported,Yes,15499,10,0.17152311284735672,1,0,Moderate
Ford,Explorer Limited,2020,82146,Gasoline,2.3,10-Speed Automatic,Gray,Ebony,None reported,Yes,30825,6,0.37524194431933,0,0,Moderate
Ford,Mustang GT Premium,2020,16850,Gasoline,460.0,10-Speed A/T,Blue,Black,At least 1 accident or damage reported,Yes,41000,6,2.4330900243309004,0,0,Moderate
Honda,S2000 Base,2003,101000,Gasoline,240.0,6-Speed M/T,Silver,Black,None reported,Yes,28000,23,0.27722497797051515,0,1,Very Old
BMW,M235 i,2015,68750,Gasoline,320.0,6-Speed M/T,Red,Black,None reported,Yes,25999,11,0.3781617721924045,1,0,Old
Dodge,Durango SLT,2004,143000,Gasoline,335.0,A/T,Beige,Beige,None reported,Yes,3200,22,0.02237746589184691,0,1,Very Old
Nissan,Armada LE,2005,152270,Gasoline,305.0,A/T,Green,Beige,At least 1 accident or damage reported,Yes,6900,21,0.04531394684477018,0,1,Very Old
Kia,Sorento S,2021,19605,Gasoline,2.5,8-Speed Automatic,Glacial White Pearl,Black,None reported,Yes,33591,5,1.713302050392737,0,0,New
Chevrolet,Silverado 1500 RST,2020,19200,Gasoline,355.0,10-Speed A/T,Gray,Black,None reported,Yes,69999,6,3.6455913754491953,0,0,Moderate
Chevrolet,Impala Base,2004,64500,Gasoline,180.0,A/T,Beige,Beige,None reported,Yes,5900,22,0.0914714500550379,0,0,Very Old
Toyota,Tacoma PreRunner,2011,149000,Gasoline,236.0,A/T,Black,Beige,None reported,Yes,18995,15,0.12748236589016182,0,1,Old
Pontiac,Firebird Trans Am,1997,134033,Gasoline,285.0,A/T,Red,Beige,At least 1 accident or damage reported,Yes,7200,29,0.05371771341599892,0,1,Very Old
Kia,Stinger GT1,2019,37226,Gasoline,3.3,Automatic,Snow White Pearl,Black,None reported,Yes,34998,7,0.9401241034732856,0,0,Moderate
Ford,Escape SE,2017,71924,Gasoline,179.0,A/T,Beige,Beige,None reported,Yes,13700,9,0.19047619047619047,0,0,Moderate
Jeep,Wrangler Unlimited Sport,2014,122200,Gasoline,285.0,A/T,Orange,Black,At least 1 accident or damage reported,Yes,21500,12,0.1759396404284744,0,1,Old
Land,Rover Range Rover Sport HST MHEV,2020,37248,Hybrid,395.0,8-Speed A/T,Silver,Black,None reported,Yes,54500,6,1.4631265268866278,1,0,Moderate
Chevrolet,Silverado 1500 Base,1999,88750,Gasoline,255.0,A/T,White,Gray,None reported,Yes,6800,27,0.07661885499881692,0,0,Very Old
Cadillac,XLR V,2008,64800,Gasoline,443.0,6-Speed A/T,Black,Black,None reported,Yes,24700,18,0.3811669573000417,0,0,Old
Ford,Fusion Hybrid Titanium,2014,112180,Hybrid,2.0,Automatic CVT,White,Charcoal Black,None reported,Yes,12599,12,0.11230957113949777,0,1,Old
RAM,2500 SLT,2015,149130,Diesel,350.0,6-Speed A/T,White,Black,At least 1 accident or damage reported,Yes,35000,11,0.23469298804406863,0,1,Old
Tesla,Model Y Long Range,2020,88000,Gasoline,425.0,1-Speed A/T,Gray,White,None reported,Yes,35500,6,0.40340450676696854,1,0,Moderate
Toyota,Highlander XLE,2018,74000,Gasoline,295.0,8-Speed A/T,White,Black,None reported,Yes,27950,8,0.3776975986810989,0,0,Moderate
Ford,F-150 XLT,2019,44460,Gasoline,325.0,10-Speed A/T,Red,Gray,None reported,Yes,34500,7,0.7759609545444321,0,0,Moderate
GMC,Acadia SLE-2,2015,96000,Gasoline,281.0,6-Speed A/T,Blue,Beige,None reported,Yes,17000,11,0.17708148873449234,0,0,Old
Porsche,Boxster Base,2005,75000,Gasoline,240.0,5-Speed M/T,Silver,Black,None reported,Yes,17500,21,0.23333022226370315,1,0,Very Old
Dodge,Charger R/T,2014,95000,Gasoline,370.0,Transmission w/Dual Shift Mode,Black,Black,None reported,Yes,17900,12,0.18841906927295501,0,0,Old
Land,Rover Range Rover Sport Supercharged HSE,2016,49799,Gasoline,340.0,A/T,Brown,Brown,None reported,Yes,37500,10,0.7530120481927711,1,0,Moderate
Ford,Mustang GT,2006,27407,Gasoline,300.0,5-Speed M/T,Silver,Red,None reported,Yes,21750,20,0.7935639229422067,0,0,Old
Alfa,Romeo Giulia Ti,2020,23339,Gasoline,2.0,8-Speed Automatic,Rosso,Black,None reported,Yes,34645,6,1.4843616109682947,0,0,Moderate
Tesla,Model S 90D,2016,74122,Gasoline,417.0,A/T,Black,Black,None reported,Yes,35900,10,0.4843300999689705,1,0,Moderate
Jaguar,XK8 Base,1997,50000,Gasoline,290.0,A/T,White,Beige,None reported,Yes,6000,29,0.11999760004799905,1,0,Very Old
Mercedes-Benz,GLC 300 GLC 300,2021,14745,Gasoline,2.0,Automatic,Graphite Grey,–,None reported,Yes,38998,5,2.644649396446494,1,0,New
Chevrolet,Corvette Stingray w/3LT,2021,2700,Gasoline,490.0,Transmission w/Dual Shift Mode,Blue,Blue,None reported,Yes,85950,5,31.821547574972232,0,0,New
Buick,Regal Turbo - Premium 1,2012,190000,Gasoline,220.0,6-Speed A/T,Beige,Beige,At least 1 accident or damage reported,Yes,6000,14,0.03157878116430966,0,1,Old
Audi,A4 2.0T Premium,2014,90236,E85 Flex Fuel,220.0,Transmission w/Dual Shift Mode,Gray,Black,None reported,Yes,9999,12,0.11080820506000864,1,0,Old
Jeep,Gladiator Overland,2020,4000,Gasoline,285.0,8-Speed A/T,Silver,Black,None reported,Yes,50000,6,12.496875781054737,0,0,Moderate
GMC,Yukon XL Denali,2017,124000,Gasoline,420.0,8-Speed A/T,Gray,Beige,At least 1 accident or damage reported,Yes,32000,9,0.2580624349803631,0,1,Moderate
Ford,Ranger Lariat,2019,45163,Gasoline,2.3,10-Speed Automatic,Red,–,None reported,Yes,35690,7,0.7902311575591179,0,0,Moderate
Volkswagen,Passat 2.0T SE,2020,49400,Gasoline,174.0,6-Speed A/T,Black,Brown,None reported,Yes,20900,6,0.4230683589401024,0,0,Moderate
Chevrolet,Corvette Stingray w/1LT,2021,13700,Gasoline,490.0,A/T,White,Red,None reported,Yes,75000,5,5.474052988832932,0,0,New
Land,Rover Range Rover HSE,2011,174678,Gasoline,230.0,6-Speed A/T,Black,Black,None reported,Yes,9500,15,0.05438547278150207,1,1,Old
Lexus,RX 450h F Sport Handling,2022,1600,Hybrid,308.0,A/T,White,Black,None reported,Yes,59000,4,36.851967520299816,1,0,New
Ford,Expedition Platinum,2020,69849,Gasoline,3.5,10-Speed Automatic,Red,Ebony,None reported,Yes,48149,6,0.6893199713672155,0,0,Moderate
Toyota,Tacoma PreRunner,2008,160000,Gasoline,236.0,A/T,White,–,At least 1 accident or damage reported,Yes,17000,18,0.10624933594165037,0,1,Old
Toyota,Mirai Base,2016,40000,not supported,151.0,A/T,Silver,Black,None reported,Yes,9500,10,0.23749406264843378,0,0,Moderate
Mercedes-Benz,C-Class C 300 Luxury,2015,102000,Gasoline,241.0,7-Speed A/T,Black,Black,None reported,Yes,17000,11,0.1666650326957579,1,1,Old
Cadillac,SRX Standard,2016,48000,Gasoline,308.0,6-Speed A/T,White,Black,At least 1 accident or damage reported,Yes,24995,10,0.5207183183683673,0,0,Moderate
Chrysler,Town & Country Touring-L,2012,163500,E85 Flex Fuel,283.0,6-Speed A/T,Gray,Beige,None reported,Yes,5949,14,0.036385098562088304,0,1,Old
Ford,F-350 Lariat,2018,66281,Diesel,450.0,Transmission w/Dual Shift Mode,Gray,Black,None reported,Yes,63500,8,0.9580278205244259,0,0,Moderate
Ford,Mustang Mach-E Select,2021,18000,Gasoline,266.0,A/T,Blue,Black,None reported,Yes,39499,5,2.1942669851674905,0,0,New
Ford,F-150 XL,2014,27300,Gasoline,365.0,6-Speed A/T,Gray,Gray,None reported,Yes,21500,12,0.7875169407714003,0,0,Old
Mazda,CX-30 Base,2020,19319,Gasoline,2.5,6-Speed Automatic,Snowflake White Pearl,Black,At least 1 accident or damage reported,Yes,24899,6,1.288768115942029,0,0,Moderate
Mercedes-Benz,AMG G AMG G 63 4MATIC,2016,32936,Gasoline,563.0,Transmission w/Dual Shift Mode,White,Beige,At least 1 accident or damage reported,Yes,90000,10,2.7324892977502504,1,0,Moderate
BMW,M4 Base,2017,30450,Gasoline,425.0,Transmission w/Dual Shift Mode,White,Black,None reported,Yes,52999,9,1.7404682933237003,1,0,Moderate
Jeep,Wrangler Sport,2017,38200,Gasoline,285.0,A/T,Red,–,None reported,Yes,29500,9,0.7722310934268737,0,0,Moderate
Jeep,Wrangler Sport,2020,26315,Gasoline,2.0,8-Speed Automatic,Black Clearcoat,Black,None reported,Yes,31871,6,1.2110883112935096,0,0,Moderate
Chevrolet,Silverado 1500 LS,2003,110000,Gasoline,270.0,A/T,Green,Beige,None reported,Yes,8900,23,0.08090835537858747,0,1,Very Old
MINI,Hardtop Cooper,2014,19700,Gasoline,189.0,6-Speed A/T,Silver,Black,None reported,Yes,13500,12,0.6852444038373686,0,0,Old
Honda,Element EX,2008,192000,Gasoline,166.0,5-Speed A/T,Black,Gray,At least 1 accident or damage reported,Yes,11000,18,0.05729136827412357,0,1,Old
Subaru,Impreza Outback Sport Wagon,2008,98313,Gasoline,170.0,4-Speed A/T,Silver,Gray,None reported,Yes,7495,18,0.0762353276237362,0,0,Old
Cadillac,XT5 Premium Luxury,2021,66500,Gasoline,310.0,A/T,Silver,Black,None reported,Yes,28500,5,0.4285649839852032,0,0,New
Nissan,Kicks S,2022,19877,Gasoline,1.6,Automatic CVT,Super Black,Charcoal,None reported,Yes,18999,4,0.9557802595834591,0,0,New
Kia,Seltos S,2021,16100,Gasoline,146.0,A/T,Blue,Black,None reported,Yes,25500,5,1.5837525619526738,0,0,New
GMC,Yukon SLE,2016,83858,Gasoline,355.0,6-Speed A/T,Blue,Gray,At least 1 accident or damage reported,Yes,27633,10,0.3295174042142167,0,0,Moderate
Mercedes-Benz,GLE 350 Base 4MATIC,2020,24108,Gasoline,255.0,9-Speed A/T,Black,Black,None reported,Yes,56000,6,2.322784022564188,1,0,Moderate
Ford,Explorer XLT,2020,42609,Gasoline,2.3,10-Speed Automatic,Magnetic Metallic,Ebony,At least 1 accident or damage reported,Yes,32107,6,0.7535085660643042,0,0,Moderate
Subaru,Impreza 2.0i Premium,2017,160000,Gasoline,152.0,A/T,White,Beige,At least 1 accident or damage reported,Yes,7750,9,0.04843719726751708,0,1,Moderate
INFINITI,QX80 Base,2017,121525,Gasoline,400.0,A/T,Black,Black,At least 1 accident or damage reported,Yes,28500,9,0.23451771637345095,0,1,Moderate
Kia,Telluride S,2023,6423,Gasoline,291.0,A/T,Gray,Black,None reported,Yes,42500,3,6.615815691158157,0,0,New
Pontiac,Solstice Base,2007,62310,Gasoline,177.0,5-Speed A/T,Gray,Black,None reported,Yes,12900,19,0.20702604676541864,0,0,Old
Mazda,Mazda6 Carbon Edition,2021,21444,Gasoline,2.5,6-Speed Automatic,Polymetal Gray Metallic,Red,None reported,Yes,29995,5,1.3986943343436697,0,0,New
Ford,Transit-350 Base,2015,112000,Gasoline,310.0,A/T,White,Gray,At least 1 accident or damage reported,Yes,29500,11,0.2633905054419157,0,1,Old
Hyundai,Genesis Coupe 3.8 Grand Touring,2013,60000,Gasoline,344.0,A/T,White,–,None reported,Yes,16500,13,0.2749954167430543,0,0,Old
Dodge,Dart SE,2013,153250,Gasoline,160.0,6-Speed A/T,Silver,Black,None reported,Yes,4399,13,0.028704543526632778,0,1,Old
Jeep,Wrangler Unlimited Sahara,2019,57000,Gasoline,285.0,8-Speed A/T,Gray,Black,None reported,Yes,39900,7,0.6999877195136928,0,0,Moderate
Chevrolet,Tahoe LTZ,2011,140401,E85 Flex Fuel,320.0,6-Speed A/T,Red,Beige,At least 1 accident or damage reported,Yes,16000,15,0.11395849061979174,0,1,Old
Ford,F-150 Tremor,2023,5500,Gasoline,400.0,10-Speed A/T,Gray,Black,None reported,Yes,70000,3,12.724959098345755,0,0,New
Chevrolet,Corvette Stingray w/2LT,2022,2010,Gasoline,490.0,Transmission w/Dual Shift Mode,Gray,Brown,None reported,Yes,89000,4,44.25658876181004,0,0,New
Tesla,Model 3 Long Range,2018,24360,Gasoline,271.0,A/T,Black,White,None reported,Yes,31500,8,1.2930503673905012,1,0,Moderate
Audi,A4 2.0T Premium,2013,96800,Gasoline,211.0,A/T,Gray,Black,At least 1 accident or damage reported,Yes,11000,13,0.11363518971911447,1,0,Old
Cadillac,CTS Performance,2014,34988,Gasoline,318.0,6-Speed A/T,Red,Black,None reported,Yes,21500,12,0.6144788362056647,0,0,Old
Nissan,Frontier SV,2012,65750,Gasoline,261.0,A/T,Black,Gray,At least 1 accident or damage reported,Yes,15995,14,0.24326626211008198,0,0,Old
Chevrolet,Silverado 1500 LTZ,2019,56654,Gasoline,6.2,Automatic,Cajun Red Tintcoat,Jet Black,None reported,Yes,43860,7,0.7741593857558909,0,0,Moderate
Lincoln,MKT Base,2016,140200,Gasoline,303.0,6-Speed A/T,Black,Black,None reported,Yes,10500,10,0.0748924758025977,0,1,Moderate
Chevrolet,Cruze LT Automatic,2016,122971,Gasoline,1.4,6-Speed Automatic,Kinetic Blue,Jet Black,At least 1 accident or damage reported,Yes,12999,10,0.1057069902091533,0,1,Moderate
Dodge,Ram 2500 Quad Cab,2001,171079,Diesel,245.0,A/T,Silver,Gray,None reported,Yes,27500,25,0.1607435118073416,0,1,Very Old
Chevrolet,Colorado ZR2,2021,24915,Gasoline,3.6,Automatic,Satin Steel Metallic,Jet Black,None reported,Yes,44791,5,1.797680205490448,0,0,New
Nissan,Kicks S,2022,15577,Gasoline,1.6,Automatic CVT,Electric Blue Metallic,Charcoal,None reported,Yes,19599,4,1.2581204262421364,0,0,New
Audi,S4 3.0T Premium Plus,2014,102370,Gasoline,333.0,7-Speed A/T,Gray,Black,None reported,Yes,21373,12,0.2087798302253568,1,1,Old
Mercedes-Benz,C-Class C 250 Luxury,2012,122000,Gasoline,201.0,7-Speed A/T,White,White,None reported,Yes,15000,14,0.12294981188678782,1,1,Old
FIAT,500X Trekking Plus,2016,48500,Gasoline,180.0,A/T,Yellow,Brown,None reported,Yes,15999,10,0.3298694872270675,0,0,Moderate
Ford,F-150 XLT,2018,53500,Gasoline,325.0,10-Speed A/T,Brown,Beige,At least 1 accident or damage reported,Yes,31500,8,0.588774041606699,0,0,Moderate
Ford,E350 Super Duty Base,2006,158000,Gasoline,305.0,A/T,White,Gray,At least 1 accident or damage reported,Yes,8500,20,0.053797127866279326,0,1,Old
Kia,Sorento SXL,2019,43850,Gasoline,290.0,8-Speed A/T,Black,Black,At least 1 accident or damage reported,Yes,30000,7,0.684134911404529,0,0,Moderate
Mercedes-Benz,C-Class C 300 4MATIC Sport,2015,73500,Gasoline,241.0,7-Speed A/T,White,Black,None reported,Yes,19000,11,0.2584998843553149,1,0,Old
Nissan,Altima 2.5 SL,2014,153350,Gasoline,182.0,A/T,Black,Black,At least 1 accident or damage reported,Yes,9000,12,0.05868889019308645,0,1,Old
Volkswagen,Tiguan 2.0T SEL Premium R-Line,2019,74000,Gasoline,184.0,A/T,White,Silver,None reported,Yes,25500,7,0.34458993797381116,0,0,Moderate
BMW,328 i xDrive,2013,52000,Gasoline,240.0,Transmission w/Dual Shift Mode,White,Beige,None reported,Yes,17500,13,0.3365319897694275,1,0,Old
Audi,Q4 e-tron 50 Premium Plus,2022,250,Gasoline,295.0,1-Speed A/T,Gray,Black,None reported,Yes,52000,4,207.17131474103584,1,0,New
Nissan,Pathfinder S,2017,145000,Gasoline,284.0,A/T,Silver,Gray,At least 1 accident or damage reported,Yes,8500,9,0.05862028537734223,0,1,Moderate
Subaru,Ascent Touring 7-Passenger,2020,40971,Gasoline,260.0,Transmission w/Dual Shift Mode,Blue,Brown,None reported,Yes,32500,6,0.7932246412183931,0,0,Moderate
BMW,M3 CS,2018,38000,Gasoline,453.0,A/T,White,Black,None reported,Yes,60500,8,1.5920633667535065,1,0,Moderate
Acura,TLX V6 Advance,2016,128000,Gasoline,290.0,A/T,Gray,Black,None reported,Yes,19500,10,0.1523425598237514,0,1,Moderate
Chevrolet,Silverado 1500 ZR2,2022,7455,Gasoline,6.2,Automatic,Glacier Blue Metallic,Jet Black,None reported,Yes,68990,4,9.252950643776824,0,0,New
Jeep,Wrangler SE,1999,137790,Gasoline,120.0,5-Speed M/T,Red,–,None reported,Yes,12000,27,0.08708841651486672,0,1,Very Old
Ford,Edge Sport,2016,92000,Gasoline,315.0,6-Speed A/T,White,Black,None reported,Yes,19995,10,0.2173345941891936,0,0,Moderate
Porsche,911 Carrera Cabriolet,2001,21450,Gasoline,300.0,6-Speed M/T,Black,Black,None reported,Yes,36000,25,1.678243438534334,1,0,Very Old
Nissan,Murano SL,2021,43875,Gasoline,3.5,Automatic CVT,Magnetic Black,Graphite,At least 1 accident or damage reported,Yes,29725,5,0.6774774364117058,0,0,New
Pontiac,G8 GT,2009,81327,Gasoline,355.0,Transmission w/Dual Shift Mode,Black,Black,None reported,Yes,17500,17,0.21517804446193192,0,0,Old
Mercedes-Benz,E-Class E 350,2021,72836,Gasoline,255.0,9-Speed A/T,White,Beige,None reported,Yes,41000,5,0.5629007235333691,1,0,New
Jeep,Commander Sport,2007,161900,E85 Flex Fuel,235.0,A/T,Blue,Gray,At least 1 accident or damage reported,Yes,4800,19,0.029647747697667093,0,1,Old
Audi,A5 45 S line Premium Plus,2022,24500,Hybrid,261.0,Transmission w/Dual Shift Mode,White,Black,None reported,Yes,47000,4,1.918289049426554,1,0,New
BMW,M550 i xDrive,2018,14993,Gasoline,456.0,8-Speed A/T,Gray,Black,None reported,Yes,44900,8,2.99453114579165,1,0,Moderate
Volkswagen,Jetta 1.4T R-Line,2019,96000,Gasoline,147.0,A/T,Orange,White,At least 1 accident or damage reported,Yes,14980,7,0.15604004124957033,0,0,Moderate
Cadillac,CTS 2.0L Turbo Luxury,2019,35566,Gasoline,265.0,8-Speed A/T,White,Beige,At least 1 accident or damage reported,Yes,26000,7,0.7310147046419434,0,0,Moderate
Lexus,IS-F Base,2008,113000,Gasoline,416.0,8-Speed A/T,Black,Black,At least 1 accident or damage reported,Yes,34000,18,0.30088229307705244,1,1,Old
Ford,Explorer XLT,2022,20678,Gasoline,300.0,A/T,Red,Black,None reported,Yes,46000,4,2.224478939987427,0,0,New
Buick,LaCrosse Leather,2012,19079,Hybrid,182.0,6-Speed A/T,Gold,Beige,None reported,Yes,15995,14,0.8383123689727463,0,0,Old
Mazda,RX-8 Sport,2008,155500,Gasoline,212.0,A/T,Blue,Black,At least 1 accident or damage reported,Yes,6800,18,0.043729622317541364,0,1,Old
Ford,Mustang GT Premium,2019,35500,Gasoline,460.0,10-Speed A/T,White,Black,None reported,Yes,32300,7,0.9098335258161742,0,0,Moderate
Mazda,Mazda6 Touring,2021,52253,Gasoline,2.5,6-Speed Automatic,Snowflake White Pearl,Black,At least 1 accident or damage reported,Yes,25215,5,0.48254679067631184,0,0,New
Ford,Ranger Edge SuperCab,2004,110000,Gasoline,148.0,A/T,White,Gray,At least 1 accident or damage reported,Yes,8500,22,0.07727202479977455,0,1,Very Old
Volkswagen,Golf GTI 2.0T SE w/Performance Package 4-Door,2016,59250,Gasoline,220.0,Transmission w/Dual Shift Mode,Gray,Black,None reported,Yes,18999,10,0.3206528159862281,0,0,Moderate
Ford,Thunderbird Deluxe,2004,39000,Gasoline,280.0,A/T,Black,Beige,None reported,Yes,22000,22,0.5640881003051204,0,0,Very Old
Hummer,H2 Base,2008,155000,Gasoline,393.0,6-Speed A/T,Green,Black,At least 1 accident or damage reported,Yes,37000,18,0.2387081373668557,0,1,Old
BMW,X5 sDrive35i,2017,39250,Gasoline,300.0,A/T,Black,Beige,None reported,Yes,28900,9,0.7362869735802909,1,0,Moderate
BMW,X3 xDrive30i,2020,23647,Gasoline,2.0,8-Speed Automatic,Black Sapphire Metallic,Canberra Beige,None reported,Yes,37998,6,1.606816644113667,1,0,Moderate
Hyundai,Accent GLS,2014,127941,Gasoline,138.0,A/T,Silver,Gray,None reported,Yes,7500,12,0.05862031232902409,0,1,Old
RAM,1500 Big Horn,2014,124000,Gasoline,395.0,8-Speed A/T,Black,Black,None reported,Yes,24850,12,0.20040160966443818,0,1,Old
Ford,Bronco Heritage Edition Advanced,2023,1500,Gasoline,275.0,7-Speed M/T,Red,–,None reported,Yes,60000,3,39.973351099267155,0,0,New
MINI,Countryman Cooper S ALL4,2014,70700,Gasoline,181.0,6-Speed A/T,White,Black,None reported,Yes,15750,12,0.22276912632070267,0,0,Old
Cadillac,Escalade Premium,2013,113395,E85 Flex Fuel,403.0,6-Speed A/T,Beige,Beige,At least 1 accident or damage reported,Yes,18800,13,0.1657906804472821,0,1,Old
Mercedes-Benz,GLE 350 GLE 350,2022,18815,Gasoline,2.0,Automatic,Black,Black,None reported,Yes,61998,4,3.2949617346938775,1,0,New
Toyota,4Runner Limited,2014,65000,Gasoline,270.0,A/T,Gray,Red,None reported,Yes,27999,12,0.43074721927354964,0,0,Old
Audi,A8 L 55,2019,23350,Hybrid,335.0,Transmission w/Dual Shift Mode,Black,Brown,None reported,Yes,48000,7,2.0555864845188645,1,0,Moderate
Lexus,ES 350 Base,2019,39000,Gasoline,302.0,Transmission w/Dual Shift Mode,Black,Red,At least 1 accident or damage reported,Yes,34000,7,0.8717725186533679,1,0,Moderate
Toyota,4Runner Limited Nightshade,2019,48842,Gasoline,4.0,5-Speed Automatic,White,–,At least 1 accident or damage reported,Yes,39857,7,0.8160227668243146,0,0,Moderate
FIAT,500 Sport,2015,47800,Gasoline,101.0,A/T,Black,Black,At least 1 accident or damage reported,Yes,11500,11,0.24058074098868223,0,0,Old
Ford,Maverick XLT,2022,52000,Hybrid,191.0,CVT Transmission,Blue,Gray,None reported,Yes,28000,4,0.538451183631084,0,0,New
Ford,Mustang GT,2006,16000,Gasoline,300.0,5-Speed A/T,Silver,Black,None reported,Yes,22000,20,1.374914067870758,0,0,Old
Jeep,Wrangler Sport,2023,7102,Gasoline,2.0,8-Speed Automatic,Bright White Clearcoat,Black,None reported,Yes,40995,3,5.771504997888216,0,0,New
Jeep,Grand Cherokee Limited,2015,157000,E85 Flex Fuel,290.0,A/T,White,Black,None reported,Yes,17000,11,0.10827956509831148,0,1,Old
Ford,Mustang Mach-E GT,2023,9095,Gasoline,480.0,A/T,Orange,Gray,None reported,Yes,59000,3,6.48636763412489,0,0,New
Jeep,Compass Sport,2010,179700,Gasoline,172.0,A/T,Black,Gray,At least 1 accident or damage reported,Yes,4500,16,0.02504159687480871,0,1,Old
Lexus,LS 430 Base,2006,170000,Gasoline,278.0,A/T,Silver,Gray,None reported,Yes,7500,20,0.044117387544779146,1,1,Old
Ford,F-250 King Ranch,2021,93400,Diesel,475.0,10-Speed A/T,Red,Brown,None reported,Yes,69995,5,0.7494031113157247,0,0,New
BMW,X5 xDrive50i,2011,110000,Gasoline,400.0,Transmission w/Dual Shift Mode,White,Blue,At least 1 accident or damage reported,Yes,12000,15,0.1090899173643876,1,1,Old
Porsche,911 Carrera,2016,22500,Gasoline,350.0,A/T,Gray,Beige,None reported,Yes,78000,10,3.466512599440025,1,0,Moderate
Ford,Focus ST Base,2013,20800,Gasoline,252.0,6-Speed M/T,Yellow,Gray,None reported,Yes,19795,13,0.9516369405317052,0,0,Old
Lexus,ES 300h Base,2018,100868,Hybrid,200.0,CVT Transmission,White,Beige,At least 1 accident or damage reported,Yes,23400,8,0.23198405853136245,1,1,Moderate
Volkswagen,CC Sport,2012,131986,Gasoline,200.0,M/T,White,Black,At least 1 accident or damage reported,Yes,9000,14,0.06818853371922992,0,1,Old
Volkswagen,Golf SportWagen TSI S 4-Door,2016,127770,Gasoline,170.0,5-Speed M/T,White,Beige,None reported,Yes,13800,10,0.10800572899953824,0,1,Moderate
Porsche,911 Carrera S,2013,56985,Gasoline,400.0,7-Speed A/T,Blue,Gray,None reported,Yes,65900,13,1.1564243849366511,1,0,Old
Toyota,Prius Plug-in Base,2014,106000,Plug-In Hybrid,134.0,A/T,Green,Beige,At least 1 accident or damage reported,Yes,11800,12,0.11131970453108933,0,1,Old
Ford,F-250 XLT,2019,92671,Diesel,450.0,A/T,Black,Black,At least 1 accident or damage reported,Yes,50000,7,0.5395372928176796,0,0,Moderate
Mercedes-Benz,S-Class S 560 4MATIC,2019,49500,Gasoline,463.0,A/T,Black,Beige,None reported,Yes,55900,7,1.1292701157552372,1,0,Moderate
Ford,Mustang GT,2011,133504,Gasoline,412.0,6-Speed M/T,Black,Black,None reported,Yes,23500,15,0.1760233699112393,0,1,Old
Cadillac,CTS 2.0L Turbo Luxury,2019,20296,Gasoline,2.0,8-Speed Automatic,Red Obsession,Very Light Cashmere,None reported,Yes,30599,7,1.5075626939941864,0,0,Moderate
Volkswagen,Jetta 1.4T R-Line,2019,55234,Gasoline,1.4,8-Speed Automatic,Platinum Gray Metallic,Black / Gray,None reported,Yes,19290,7,0.34923508644880963,0,0,Moderate
Jeep,Wrangler X,2005,162482,Gasoline,190.0,6-Speed M/T,Orange,Gray,None reported,Yes,11000,21,0.0676993900900402,0,1,Very Old
Lincoln,LS V8,2002,42000,Gasoline,252.0,A/T,Silver,Black,At least 1 accident or damage reported,Yes,11000,24,0.26189852622556603,0,0,Very Old
Ford,F-150 Lightning LARIAT,2022,470,Gasoline,563.0,1-Speed A/T,White,Gray,None reported,Yes,71900,4,152.65392781316348,0,0,New
Mercedes-Benz,C-Class C55 AMG Sport,2006,98300,Gasoline,362.0,Transmission w/Dual Shift Mode,Black,Black,At least 1 accident or damage reported,Yes,15900,20,0.16174810022278513,1,0,Old
Audi,S6 4.0T Prestige,2013,53900,Gasoline,420.0,7-Speed A/T,Black,Black,None reported,Yes,27450,13,0.5092669894807147,1,0,Old
BMW,335 i xDrive,2013,82849,Gasoline,300.0,8-Speed A/T,Red,Black,None reported,Yes,19999,13,0.24138805069402536,1,0,Old
Porsche,911 Carrera 4S Cabriolet,2009,25500,Gasoline,385.0,6-Speed M/T,Black,Black,None reported,Yes,79995,17,3.136935806438963,1,0,Old
Kia,Forte LXS,2020,53452,Gasoline,147.0,A/T,Silver,Black,At least 1 accident or damage reported,Yes,16995,6,0.3179428656950966,0,0,Moderate
Chevrolet,Corvette Base,2004,40011,Gasoline,350.0,4-Speed A/T,Red,Black,None reported,Yes,23500,22,0.5873238028591422,0,0,Very Old
Hyundai,Santa Fe Sport 2.0L Turbo,2018,45800,Gasoline,240.0,A/T,Silver,Black,At least 1 accident or damage reported,Yes,20900,8,0.4563219143686819,0,0,Moderate
RAM,1500 Laramie,2022,15741,Gasoline,5.7,8-Speed Automatic,Flame Red Clearcoat,Black,None reported,Yes,45999,4,2.922055647312921,0,0,New
Kia,Sorento SX Prestige,2023,11100,Gasoline,281.0,Transmission w/Dual Shift Mode,White,Black,None reported,Yes,40200,3,3.621295378794703,0,0,New
Ford,F-250 XL,2020,36000,E85 Flex Fuel,385.0,A/T,White,Gray,None reported,Yes,44000,6,1.2221882725479847,0,0,Moderate
BMW,X5 xDrive35i,2013,69750,Gasoline,300.0,8-Speed A/T,White,Brown,At least 1 accident or damage reported,Yes,15999,13,0.2293730555834325,1,0,Old
Mercedes-Benz,C-Class C 300 4MATIC,2021,19162,Gasoline,255.0,Transmission w/Dual Shift Mode,Black,Black,None reported,Yes,38500,5,2.0090799979126444,1,0,New
Audi,Q5 S line Premium Plus,2023,6046,Hybrid,2.0,Automatic,Daytona Gray,Black,None reported,Yes,51598,3,8.532826194807342,1,0,New
Ford,Explorer XLT,2020,17000,Gasoline,300.0,10-Speed A/T,Blue,Black,At least 1 accident or damage reported,Yes,21000,6,1.2352214575613198,0,0,Moderate
Audi,A6 55 Premium,2019,10832,Hybrid,335.0,7-Speed A/T,Black,Black,None reported,Yes,42500,7,3.9231976368503645,1,0,Moderate
Toyota,Matrix XR,2004,173452,Gasoline,130.0,4-Speed A/T,Silver,Black,At least 1 accident or damage reported,Yes,4000,22,0.023061002115846944,0,1,Very Old
Kia,Optima SX Turbo,2017,103338,Gasoline,2.0,6-Speed Automatic,Remington Red Metallic,Black,At least 1 accident or damage reported,Yes,17238,9,0.16681020718218678,0,1,Moderate
Ford,F-150 Lariat,2022,28000,Gasoline,400.0,A/T,Black,Black,None reported,Yes,53500,4,1.910646048355416,0,0,New
Audi,Q8 3.0T Premium,2019,51984,Hybrid,335.0,8-Speed A/T,White,–,None reported,Yes,44870,7,0.8631335962296817,1,0,Moderate
Chevrolet,Corvette Stingray w/2LT,2020,8974,Gasoline,490.0,A/T,Orange,Black,At least 1 accident or damage reported,Yes,79900,6,8.902506963788301,0,0,Moderate
Scion,tC Anniversary Edition,2014,99999,Gasoline,179.0,6-Speed M/T,White,Black,None reported,Yes,10998,12,0.10998,0,0,Old
Mercedes-Benz,C-Class C 300,2017,59400,Gasoline,241.0,7-Speed A/T,Black,Black,At least 1 accident or damage reported,Yes,21000,9,0.3535294018619215,1,0,Moderate
Nissan,Murano SV,2020,47147,Gasoline,3.5,Automatic CVT,Brilliant Silver Metallic,Graphite,None reported,Yes,23625,6,0.5010817001781623,0,0,Moderate
Ford,Mustang GT,2018,53782,Gasoline,460.0,6-Speed M/T,Black,Black,At least 1 accident or damage reported,Yes,29950,8,0.5568674116356469,0,0,Moderate
Ford,Taurus SHO,2011,160000,Gasoline,365.0,A/T,Black,Black,None reported,Yes,4700,15,0.029374816407397454,0,1,Old
Chevrolet,Tahoe LTZ,2015,500,Gasoline,355.0,6-Speed A/T,White,Black,At least 1 accident or damage reported,Yes,37000,11,73.85229540918164,0,0,Old
Ford,Escape SEL,2020,42000,Gasoline,181.0,A/T,White,Beige,None reported,Yes,19000,6,0.4523701816623414,0,0,Moderate
Dodge,Grand Caravan SE,2018,64000,E85 Flex Fuel,283.0,A/T,White,Gray,None reported,Yes,35000,8,0.5468664552116373,0,0,Moderate
Hyundai,Elantra HEV Limited,2021,28600,Hybrid,139.0,A/T,Gray,Black,None reported,Yes,23999,5,0.8390965350861858,0,0,New
GMC,Canyon Denali,2019,26339,Gasoline,308.0,8-Speed A/T,Red,Black,At least 1 accident or damage reported,Yes,36750,7,1.3952164009111618,0,0,Moderate
Alfa,Romeo Giulia Quadrifoglio,2018,28644,Gasoline,505.0,8-Speed A/T,Black,Black,None reported,Yes,41500,8,1.4487694187467273,0,0,Moderate
Subaru,Impreza WRX,2008,148740,Gasoline,224.0,5-Speed M/T,Black,Black,At least 1 accident or damage reported,Yes,14500,18,0.09748488984207448,0,1,Old
GMC,Sierra 2500 Denali,2021,16919,Diesel,445.0,10-Speed A/T,Black,Black,At least 1 accident or damage reported,Yes,73000,5,4.314420803782506,0,0,New
Chevrolet,Tahoe LS,2005,170000,Gasoline,285.0,4-Speed A/T,Silver,Gray,At least 1 accident or damage reported,Yes,9000,21,0.05294086505373498,0,1,Very Old
Mercedes-Benz,SL-Class SL 550,2013,130000,Gasoline,429.0,A/T,Gray,Beige,At least 1 accident or damage reported,Yes,26900,13,0.20692148521934448,1,1,Old
Ford,Escape PHEV SE,2022,1889,Plug-In Hybrid,221.0,CVT Transmission,White,Gray,None reported,Yes,32850,4,17.38095238095238,0,0,New
Dodge,Charger GT,2018,62197,Gasoline,3.6,8-Speed Automatic,White Knuckle Clearcoat,Black,None reported,Yes,26691,8,0.42912955400495195,0,0,Moderate
Ford,F-150 XLT,2016,71000,E85 Flex Fuel,385.0,A/T,Black,–,At least 1 accident or damage reported,Yes,24350,10,0.34295291615611045,0,0,Moderate
Lexus,NX 200t Base,2016,83400,Gasoline,235.0,A/T,Blue,Brown,At least 1 accident or damage reported,Yes,22495,10,0.2697209865589142,1,0,Moderate
Cadillac,XT5 Base,2019,74414,Gasoline,310.0,8-Speed A/T,Black,Beige,None reported,Yes,26000,7,0.34939192367130284,0,0,Moderate
Ford,Mustang Shelby GT500,2010,29816,Gasoline,540.0,6-Speed M/T,Black,Black,None reported,Yes,38000,16,1.274440755273837,0,0,Old
Ford,F-250 Lariat,2015,68749,Diesel,440.0,Transmission w/Dual Shift Mode,Gray,Black,None reported,Yes,45000,11,0.6545454545454545,0,0,Old
BMW,325 i,2005,190395,Gasoline,184.0,A/T,Black,Brown,None reported,Yes,5000,21,0.02626105590453581,1,1,Very Old
Toyota,Camry XLE,2007,98528,Gasoline,158.0,5-Speed A/T,White,Gray,At least 1 accident or damage reported,Yes,7450,19,0.07561225629002628,0,0,Old
BMW,335 i,2011,91500,Gasoline,300.0,6-Speed A/T,Blue,Beige,At least 1 accident or damage reported,Yes,13599,15,0.14862132654287932,1,0,Old
Chevrolet,Camaro 1SS,2017,50850,Gasoline,455.0,6-Speed M/T,Blue,Black,None reported,Yes,37000,9,0.7276159760869992,0,0,Moderate
Mazda,MX-5 Miata Base,1999,130000,Gasoline,140.0,A/T,Green,Beige,At least 1 accident or damage reported,Yes,9000,27,0.069230236690487,0,1,Very Old
Toyota,Tundra SR5 Double Cab,2005,199400,Gasoline,282.0,A/T,Gray,Gray,At least 1 accident or damage reported,Yes,8500,21,0.042627669871264436,0,1,Very Old
RAM,2500 Powerwagon,2013,84220,Gasoline,383.0,6-Speed A/T,White,Gray,At least 1 accident or damage reported,Yes,26500,13,0.3146483656095273,0,0,Old
Mercedes-Benz,S-Class S 550 4MATIC,2016,67280,Gasoline,449.0,7-Speed A/T,White,Black,None reported,Yes,41999,10,0.6242326957090412,1,0,Moderate
Volkswagen,Passat 2.0T R-Line,2021,16538,Gasoline,2.0,Automatic,Reflex Silver,Titan Black,None reported,Yes,25998,5,1.5719209142027935,0,0,New
Toyota,Tundra Platinum,2018,66000,Gasoline,381.0,6-Speed A/T,Gray,Black,None reported,Yes,51000,8,0.772715564915683,0,0,Moderate
Cadillac,Escalade Luxury,2018,53450,Gasoline,420.0,10-Speed A/T,White,Beige,None reported,Yes,49999,8,0.9354174851733363,0,0,Moderate
Volkswagen,Golf Alltrack TSI SE,2018,63277,Gasoline,170.0,6-Speed A/T,White,Black,None reported,Yes,20900,8,0.3302885679066974,0,0,Moderate
Nissan,Altima 2.5 S,2020,30900,Gasoline,182.0,A/T,Silver,Gray,None reported,Yes,21000,6,0.6795896572926442,0,0,Moderate
Mercedes-Benz,GLA 250 Base 4MATIC,2019,60854,Gasoline,2.0,Automatic,White,Black,None reported,Yes,25498,7,0.41899597403664446,1,0,Moderate
Ford,F-150 Platinum,2015,85000,Gasoline,365.0,6-Speed A/T,White,Black,None reported,Yes,31000,11,0.36470159174597944,0,0,Old
Toyota,RAV4 SE,2016,108130,Gasoline,176.0,Transmission w/Dual Shift Mode,Gray,Orange,None reported,Yes,18500,10,0.17108877195253905,0,1,Moderate
Toyota,4Runner TRD Sport,2023,11400,Gasoline,270.0,A/T,Green,Black,None reported,Yes,46000,3,4.034733795281116,0,0,New
Mercedes-Benz,GL-Class GL 450 4MATIC,2013,63300,Gasoline,362.0,7-Speed A/T,Black,Black,None reported,Yes,22800,13,0.3601838833509739,1,0,Old
Tesla,Model Y Performance,2020,27500,Gasoline,455.0,A/T,Gray,White,None reported,Yes,44000,6,1.5999418202974438,1,0,Moderate
BMW,X5 xDrive 35i Sport Activity,2012,122600,Gasoline,300.0,8-Speed A/T,Black,Black,At least 1 accident or damage reported,Yes,12900,14,0.10521937015195634,1,1,Old
Dodge,Charger Base,2006,145565,Gasoline,250.0,A/T,Blue,Gray,At least 1 accident or damage reported,Yes,4500,20,0.030913812291331767,0,1,Old
Ford,Transit-250 Base,2016,66500,Gasoline,310.0,6-Speed A/T,White,Gray,None reported,Yes,27000,10,0.4060089321965083,0,0,Moderate
BMW,330 i xDrive,2017,75000,Gasoline,248.0,A/T,Blue,Black,None reported,Yes,20000,9,0.2666631111585179,1,0,Moderate
Mazda,CX-5 Grand Touring,2021,24781,Gasoline,2.5,6-Speed Automatic,Machine Gray Metallic,Black,None reported,Yes,28991,5,1.1698410136389314,0,0,New
BMW,X5 M Base,2013,67000,Gasoline,555.0,A/T,Silver,Black,At least 1 accident or damage reported,Yes,24500,13,0.3656661840868047,1,0,Old
Audi,Q5 2.0T Premium Plus,2019,24500,Gasoline,248.0,A/T,Black,–,None reported,Yes,31000,7,1.2652544794090037,1,0,Moderate
Audi,S5 3.0T Prestige,2013,37500,Gasoline,333.0,7-Speed A/T,Black,Black,None reported,Yes,26000,13,0.6933148449374683,1,0,Old
Nissan,GT-R Premium,2013,101000,Gasoline,545.0,Transmission w/Dual Shift Mode,White,Black,None reported,Yes,59000,13,0.584152632152157,0,1,Old
Tesla,Model 3 Long Range,2020,25000,Gasoline,425.0,1-Speed A/T,Blue,Black,None reported,Yes,49995,6,1.9997200111995521,1,0,Moderate
Buick,Cascada Base,2016,103814,Gasoline,200.0,6-Speed A/T,White,Black,At least 1 accident or damage reported,Yes,14995,10,0.14443962818475173,0,1,Moderate
Toyota,4Runner Venture,2021,27000,Gasoline,270.0,A/T,White,Black,None reported,Yes,48500,5,1.7962297692678049,0,0,New
BMW,530 i xDrive,2021,60942,Gasoline,2.0,8-Speed Automatic,Glacier Silver Metallic,Black,None reported,Yes,32085,5,0.5264755591290222,1,0,New
BMW,535 i xDrive,2011,100780,Gasoline,300.0,8-Speed A/T,Gray,Black,At least 1 accident or damage reported,Yes,12000,15,0.11907006280945813,1,1,Old
Tesla,Model S 100D,2018,65000,Gasoline,518.0,A/T,Blue,Black,None reported,Yes,41000,8,0.6307595267765111,1,0,Moderate
Lexus,GX 460 Base,2012,167000,Gasoline,301.0,A/T,Black,Beige,At least 1 accident or damage reported,Yes,19470,14,0.11658612822677708,1,1,Old
Chevrolet,Trailblazer SS,2008,161000,Gasoline,390.0,4-Speed A/T,Red,Black,At least 1 accident or damage reported,Yes,17000,18,0.10558940627697964,0,1,Old
Subaru,Impreza WRX,2005,90200,Gasoline,227.0,5-Speed M/T,Blue,Black,None reported,Yes,12499,21,0.13856830855533753,0,0,Very Old
Volkswagen,Passat 2.5 SE,2012,159870,Gasoline,170.0,A/T,White,Beige,At least 1 accident or damage reported,Yes,9750,14,0.060986670503093116,0,1,Old
Audi,Q5 40 Premium,2022,14550,Hybrid,201.0,7-Speed A/T,Silver,Brown,None reported,Yes,41500,4,2.8520376606418805,1,0,New
INFINITI,Q60 3.0t Red Sport 400,2018,38000,Gasoline,400.0,A/T,Red,White,None reported,Yes,32000,8,0.8420831030762348,0,0,Moderate
Chevrolet,Camaro Z28,2002,35515,Gasoline,310.0,M/T,Silver,Black,At least 1 accident or damage reported,Yes,21000,24,0.5912828021173555,0,0,Very Old
Mercedes-Benz,SL-Class SL550 Roadster,2008,33300,Gasoline,382.0,7-Speed A/T,White,Beige,None reported,Yes,34500,18,1.0360049247770338,1,0,Old
Mercedes-Benz,C-Class C 300 4MATIC,2016,90189,Gasoline,241.0,A/T,White,–,At least 1 accident or damage reported,Yes,17995,10,0.1995232287393281,1,0,Moderate
Mercedes-Benz,SLK-Class SLK320,2001,59500,Gasoline,215.0,6-Speed M/T,Blue,Beige,None reported,Yes,6500,25,0.10924186148131965,1,0,Very Old
Ford,Transit-350 XL,2017,134000,Gasoline,310.0,A/T,Silver,Gray,None reported,Yes,26500,9,0.19775971821105812,0,1,Moderate
Buick,Enclave Premium,2014,86281,Gasoline,288.0,6-Speed A/T,Black,Black,None reported,Yes,18900,12,0.2190491643680026,0,0,Old
Porsche,Cayenne AWD,2020,34580,Gasoline,335.0,A/T,Black,Red,None reported,Yes,56000,6,1.6193863682368932,1,0,Moderate
Hyundai,Santa Fe SE,2007,145000,Gasoline,242.0,A/T,Blue,Gray,At least 1 accident or damage reported,Yes,4200,19,0.0289653174805691,0,1,Old
Mazda,Mazda6 Signature,2021,11737,Gasoline,2.5,6-Speed Automatic,Soul Red Crystal Metallic,Deep Chestnut,None reported,Yes,33687,5,2.8699096950076672,0,0,New
Jeep,Wrangler Unlimited Sport,2016,67499,Gasoline,285.0,6-Speed M/T,Beige,Black,None reported,Yes,27500,10,0.4074074074074074,0,0,Moderate
Chevrolet,Silverado 1500 2LT,2018,20200,Gasoline,355.0,6-Speed A/T,Silver,Gray,At least 1 accident or damage reported,Yes,42950,8,2.1261323696846692,0,0,Moderate
Jaguar,XK8 Base,2000,40000,Gasoline,290.0,5-Speed A/T,Blue,Beige,None reported,Yes,15400,26,0.38499037524061896,1,0,Very Old
Mercedes-Benz,GLA-Class GLA 45 AMG,2015,80300,Gasoline,355.0,7-Speed A/T,Black,Black,At least 1 accident or damage reported,Yes,22000,11,0.27396919091916666,1,0,Old
BMW,330 i xDrive,2017,63150,Gasoline,248.0,A/T,White,Beige,None reported,Yes,21500,9,0.34045383287675574,1,0,Moderate
Volkswagen,Atlas 3.6L SE w/Technology,2018,48210,Gasoline,276.0,Transmission w/Dual Shift Mode,Silver,Black,None reported,Yes,24999,8,0.5185331148493082,0,0,Moderate
Nissan,Juke SL,2012,115359,Gasoline,188.0,A/T,Black,Black,None reported,Yes,9950,14,0.08625173370319002,0,1,Old
Subaru,Impreza 2.0i Premium,2018,90601,Gasoline,152.0,CVT Transmission,White,Beige,None reported,Yes,26000,8,0.28696938257433613,0,0,Moderate
BMW,M5 Base,2000,132200,Gasoline,400.0,6-Speed M/T,Blue,Black,None reported,Yes,26900,26,0.20347803723118585,1,1,Very Old
Mercedes-Benz,Sprinter 2500 Standard Roof,2023,4000,Diesel,211.0,9-Speed A/T,White,Black,None reported,Yes,65000,3,16.245938515371158,1,0,New
Volkswagen,Beetle 2.0T Final Edition SE,2019,32000,Gasoline,174.0,Transmission w/Dual Shift Mode,Gray,Black,None reported,Yes,32750,7,1.0234055185775444,0,0,Moderate
MINI,Countryman Cooper S ALL4,2016,95070,Gasoline,181.0,6-Speed A/T,Blue,Black,None reported,Yes,12750,10,0.13411029651523598,0,0,Moderate
Nissan,Rogue SL,2017,148000,Gasoline,170.0,A/T,White,–,None reported,Yes,13000,9,0.08783724434294363,0,1,Moderate
Lexus,CT 200h Premium,2014,125519,Hybrid,134.0,CVT Transmission,Black,Black,At least 1 accident or damage reported,Yes,16000,12,0.12746972594008923,1,1,Old
INFINITI,G37 x,2013,90000,Gasoline,328.0,Transmission w/Dual Shift Mode,Silver,Black,None reported,Yes,14500,13,0.16110932100754435,0,0,Old
Audi,A6 2.0T Sport,2018,49650,Gasoline,252.0,A/T,Black,Black,At least 1 accident or damage reported,Yes,23750,8,0.4783388048579082,1,0,Moderate
Nissan,Altima 2.5 S,2015,149800,Gasoline,182.0,A/T,Black,Black,At least 1 accident or damage reported,Yes,11600,11,0.07743606517980521,0,1,Old
Chevrolet,Blazer 1LT,2019,37161,Gasoline,2.5,9-Speed Automatic,Nightfall Gray Metallic,Jet Black,None reported,Yes,26990,7,0.7262795328561433,0,0,Moderate
Ford,Transit Connect XLT,2016,111700,E85 Flex Fuel,169.0,A/T,White,Beige,None reported,Yes,15500,10,0.13876330561051378,0,1,Moderate
Mercedes-Benz,S-Class S 550 4MATIC,2016,72784,Gasoline,449.0,7-Speed A/T,Blue,White,None reported,Yes,34900,10,0.4794944013189531,1,0,Moderate
Cadillac,Escalade Base,2007,150000,Gasoline,403.0,A/T,White,Beige,None reported,Yes,9999,19,0.06665955560296265,0,1,Old
Ford,Transit Connect XLT,2012,140450,Gasoline,136.0,4-Speed A/T,Red,Gray,At least 1 accident or damage reported,Yes,8500,14,0.06051932702508348,0,1,Old
Lexus,IS 250 Base,2010,132700,Gasoline,204.0,A/T,Black,Black,At least 1 accident or damage reported,Yes,10700,16,0.08063239915298302,1,1,Old
Dodge,Durango GT,2020,49000,Gasoline,295.0,A/T,White,Black,None reported,Yes,40000,6,0.8163098712271178,0,0,Moderate
Jeep,Wrangler Unlimited Sahara,2019,23442,Gasoline,285.0,A/T,White,Beige,None reported,Yes,44500,7,1.8982212174209785,0,0,Moderate
Toyota,4Runner TRD Pro,2021,35048,Gasoline,4.0,5-Speed Automatic,Lunar Rock,Black / Graphite,None reported,Yes,52590,5,1.5004707694941368,0,0,New
INFINITI,QX60 Base,2016,91239,Gasoline,265.0,A/T,Gray,Black,None reported,Yes,17500,10,0.19180184129767647,0,0,Moderate
Ford,F-150 XL,2019,59678,Gasoline,2.7,Automatic,Gray,Black,None reported,Yes,33700,7,0.5646877461083463,0,0,Moderate
BMW,M240 i xDrive,2022,2010,Gasoline,382.0,A/T,Purple,Black,None reported,Yes,55000,4,27.349577324714073,1,0,New
Toyota,Prius Two,2014,80354,Hybrid,134.0,A/T,Red,Gray,At least 1 accident or damage reported,Yes,13310,12,0.16563997262149213,0,0,Old
Ford,Expedition Max XLT,2018,105674,Gasoline,375.0,10-Speed A/T,White,Beige,None reported,Yes,34995,8,0.3311568488289567,0,1,Moderate
Toyota,Tundra Grade,2013,92700,Gasoline,310.0,6-Speed A/T,Gray,Gray,At least 1 accident or damage reported,Yes,20800,13,0.2243772990582626,0,0,Old
Ford,Edge Titanium,2016,101387,Gasoline,245.0,6-Speed A/T,Black,Beige,At least 1 accident or damage reported,Yes,16000,10,0.15780960271432518,0,1,Moderate
Buick,Envision Essence,2021,36544,Gasoline,2.0,9-Speed Automatic,Dark Moon Blue Metallic,Ebony,None reported,Yes,33290,5,0.9109317280065673,0,0,New
Audi,Q7 55 Prestige,2019,41000,Gasoline,329.0,A/T,White,Beige,None reported,Yes,39900,7,0.9731469964147216,1,0,Moderate
Chrysler,Town & Country Touring-L,2013,115872,E85 Flex Fuel,283.0,A/T,Black,Black,None reported,Yes,9500,13,0.08198631260086474,0,1,Old
Chevrolet,Cruze LS,2011,135603,Gasoline,136.0,A/T,Silver,Black,None reported,Yes,7000,15,0.05162089613875697,0,1,Old
Ford,F-150 Lariat,2020,26540,Gasoline,375.0,A/T,White,Black,None reported,Yes,46995,6,1.77065671979202,0,0,Moderate
Jaguar,XF Premium,2011,35134,Gasoline,385.0,A/T,Gray,Gray,At least 1 accident or damage reported,Yes,12400,15,0.3529244343247474,1,0,Old
Jeep,Wrangler Unlimited Rubicon,2020,49990,Gasoline,270.0,8-Speed A/T,Black,Black,None reported,Yes,53000,6,1.0601908343501831,0,0,Moderate
Ford,F-250 Lariat,2011,153818,Diesel,400.0,6-Speed A/T,Gray,Gray,At least 1 accident or damage reported,Yes,29800,15,0.19373419408525605,0,1,Old
Jaguar,F-PACE 35t Premium,2017,58060,Gasoline,340.0,8-Speed A/T,Blue,Beige,At least 1 accident or damage reported,Yes,26000,9,0.44780489485196606,1,0,Moderate
Porsche,911 Carrera S,2015,36000,Gasoline,400.0,7-Speed A/T,Black,Black,None reported,Yes,84999,11,2.361017749506958,1,0,Old
Ford,Bronco Badlands Advanced,2022,17000,Gasoline,315.0,10-Speed A/T,White,Black,None reported,Yes,69999,4,4.117346038468326,0,0,New
Suzuki,SX4 Base,2013,99982,Gasoline,150.0,M/T,Orange,Gray,At least 1 accident or damage reported,Yes,6900,13,0.06901173199443905,0,0,Old
Ford,EcoSport SES,2019,106000,Gasoline,166.0,A/T,Silver,Black,At least 1 accident or damage reported,Yes,12000,7,0.11320647918415865,0,1,Moderate
Honda,Civic EX,2014,82500,Gasoline,143.0,CVT Transmission,Silver,Gray,None reported,Yes,15000,12,0.1818159779881456,0,0,Old
Mercedes-Benz,Sprinter 2500 Standard Roof,2018,41500,Diesel,188.0,A/T,Gray,Black,None reported,Yes,61000,8,1.4698441001421652,1,0,Moderate
BMW,X3 xDrive28i,2015,92984,Gasoline,240.0,Transmission w/Dual Shift Mode,White,Beige,At least 1 accident or damage reported,Yes,17000,11,0.1828251868580954,1,0,Old
Nissan,Murano SL,2007,120000,Gasoline,240.0,A/T,Silver,Black,None reported,Yes,6750,19,0.05624953125390622,0,1,Old
Chevrolet,Corvette Stingray,2015,25548,Gasoline,455.0,8-Speed A/T,Gray,Gray,None reported,Yes,49000,11,1.9178832831030568,0,0,Old
Ford,F-150 Lariat,2018,65441,Gasoline,325.0,A/T,Gray,Black,None reported,Yes,38000,8,0.5806668500351456,0,0,Moderate
Porsche,Cayenne Turbo,2020,39611,Gasoline,4.0,8-Speed Automatic,Quartzite Grey Metallic,Black,None reported,Yes,89900,6,2.269514288599414,1,0,Moderate
Toyota,Sequoia SR5,2010,154860,Gasoline,310.0,6-Speed A/T,Silver,Gray,None reported,Yes,17900,16,0.11558752687894305,0,1,Old
Lexus,CT 200h Base,2016,39750,Hybrid,134.0,A/T,Black,Black,None reported,Yes,21995,10,0.5533194133480919,1,0,Moderate
Aston,Martin DB7 Vantage Volante,2003,14900,Gasoline,420.0,6-Speed M/T,White,Beige,None reported,Yes,32850,23,2.2045500301993153,0,0,Very Old
Chevrolet,Impala 2LZ,2018,71312,Gasoline,305.0,6-Speed A/T,Black,Black,None reported,Yes,17899,8,0.2509921052262561,0,0,Moderate
Porsche,911 Carrera,2015,43500,Gasoline,350.0,7-Speed A/T,Black,Black,None reported,Yes,66500,11,1.5287004896439162,1,0,Old
BMW,X6 xDrive40i,2020,34000,Gasoline,335.0,8-Speed A/T,White,Brown,None reported,Yes,59335,6,1.7450957324784566,1,0,Moderate
Subaru,Ascent Touring 7-Passenger,2021,32250,Gasoline,260.0,A/T,Black,Black,At least 1 accident or damage reported,Yes,36000,5,1.1162444575362005,0,0,New
Volkswagen,Routan SE,2011,194000,Gasoline,283.0,Transmission w/Dual Shift Mode,Black,Gray,At least 1 accident or damage reported,Yes,3500,15,0.018041144117813827,0,1,Old
Mercedes-Benz,E-Class E 300 4MATIC,2018,53705,Gasoline,241.0,A/T,Black,Black,At least 1 accident or damage reported,Yes,25900,8,0.48225524150001864,1,0,Moderate
Audi,S4 3.0T Premium Plus,2022,10900,Gasoline,349.0,Transmission w/Dual Shift Mode,Black,Black,None reported,Yes,53900,4,4.944500504540867,1,0,New
Ford,F-150 Raptor,2020,33000,Gasoline,450.0,A/T,Blue,Black,None reported,Yes,62999,6,1.9090027574921973,0,0,Moderate
BMW,X3 xDrive30i,2020,43000,Gasoline,248.0,A/T,Gray,Brown,At least 1 accident or damage reported,Yes,40000,6,0.930210925327318,1,0,Moderate
